review_priority,source_id,development,event_type,,title,source_url,local_path,,attachment_local_path,page_or_section,exact_excerpt,review_status,review_issue,qa_issues,required_action,reject_reason,notes
1,SRC-E2-A09,고양 창릉,occupancy_planned_block," 블록별 입주예정일, 입주자모집공고, 정정 시 버전 관리",고양창릉 S-4블록 공공분양주택 입주자모집공고,https://apply.lh.or.kr/lhapply/apply/wt/wrtanc/selectWrtancInfo.do?panId=0000061121&ccrCnntSysDsCd=02&uppAisTpCd=05&aisTpCd=05&mi=1027,C:\Users\parkd\new project\Transport-gap-audit\data\raw\evidence\고양창릉S-4블록공공분양입주자모집공고문(안).pdf,,,공고문 본문; 저장 원문 문맥,"고객님의 안전한 개인정보를 위해 자동로그아웃을 합니다. 로그인 시간을 연장하시겠습니까? 연장하기 로그아웃 당첨자조회 예비자조회 공고이력조회 정정공고 바로가기 취소공고 바로가기 목록 고양창릉 S-4블록 공공분양주택 입주자모집공고 유의사항본 공고문에 대한 정정 공고문이 있습니다. 정정공고바로가기 버튼을 눌러 확인하여 주시기 바랍니다. 공고상태접수마감 공고일2026.06.30 마감일2026.07.29 유형분양주택 담당부서경기북부지역본부 문의처1600-1004 공고문 고양창릉S-4블록공공분양입주자모집공고문(안).hwp바로보기 고양창릉S-4블록공공분양입주자모집공고문(안).pdf바로보기 다운로드 고양창릉S-4블록공공분양주택팸플릿_공고.pdf바로보기 1.위임장.hwp바로보기 2-1.개인정보수집이용및제3자제공동의서(사전청약당첨자용).hwp바로보기 2-2.개인정보수집이용및제3자제공동의서(본청약자용).hwp바로보기 3.주택취득자금조달및입주계획서.hwp바로보기 문서뷰어다운로드 한컴오피스 뷰어 Acrobat Reader DWG 뷰어 공고내용 ■ 이 주택의 입주자모집공고일은 2026.06.30.(화)이며, 이는 청약자격(청약신청, 자격조건의 기간, 나이, 세대구성원, 지역우선, 주택소유 등)의 판단기준일이 됩니다. ■ 공급위치 :경기도 고양시 덕양구 도내동 외 8개 동 일원 고양창릉 공공주택지구 내 S-4블록 ■ 공급대상 : 공공분양주택 1,024세대 (전",needs_human,PARAPHRASE,version_not_assigned,원문 페이지와 인용을 사람이 확인 후 human_verified/rejected 확정,인용문:N,원문 직접 확인
1,SRC-F019,고양 창릉,occupancy_planned_block," 블록별 입주예정일, 입주자모집공고, 정정 시 버전 관리",고양창릉 A-4블록 신혼희망타운 입주자모집공고,https://apply.lh.or.kr/lhapply/apply/wt/wrtanc/selectWrtancInfo.do?aisTpCd=39&ccrCnntSysDsCd=02&mi=1027&panId=0000060802&uppAisTpCd=39,C:\Users\parkd\new project\Transport-gap-audit\evidence\documents\고양 창릉\2025-01-31_고양창릉_A-4블록_신혼희망타운_입주자모집공고.html,,,공급정보 A-04; 저장 원문 문맥,* 전용면적(㎡) : 55.78 ~ 55.98 * 총 세대수 : 900 * 난방방식 : 지역난방 * 입주예정월 : 2028년 01월 #### 단지 관련 이미지 정보 다운로드 버튼을 클릭하여 이미지 파일 다운로드가 가능합니다. 다운로드 __,needs_human,MANUAL_CONFIRM,version_not_assigned,원문 페이지와 인용을 사람이 확인 후 human_verified/rejected 확정,인용문:TOO_SHORT,미래 예정월
1,SRC-F020,고양 창릉,occupancy_planned_block," 블록별 입주예정일, 입주자모집공고, 정정 시 버전 관리",고양창릉 S-5블록 공공분양주택 입주자모집공고,https://apply.lh.or.kr/lhapply/apply/wt/wrtanc/selectWrtancInfo.do?aisTpCd=05&ccrCnntSysDsCd=02&mi=1027&panId=0000060807&uppAisTpCd=05,C:\Users\parkd\new project\Transport-gap-audit\evidence\documents\고양 창릉\2025-01-31_고양창릉_S-5블록_공공분양주택_입주자모집공고.html,,,공급정보 S-05; 저장 원문 문맥,* 전용면적(㎡) : 51.91 ~ 84.96 * 총 세대수 : 759 * 난방방식 : 지역난방 * 입주예정일 : 2028년 01월 #### 단지 관련 이미지 정보 다운로드 버튼을 클릭하여 이미지 파일 다운로드가 가능합니다. 다운로드 __,needs_human,MANUAL_CONFIRM,version_not_assigned,원문 페이지와 인용을 사람이 확인 후 human_verified/rejected 확정,인용문:TOO_SHORT,독립 블록 공고로 예정월 교차확인
1,SRC-F021,고양 창릉,promise_date," 교통시설 완공 목표시점, 광역교통개선대책 원문, 서술어(예정/목표/추진) 원문 보존 + mode·line_name·scope 필수",남양주왕숙·고양창릉 신도시 교통대책 확정,https://www.molit.go.kr/mta/USR/N0201/m_36770/dtl.jsp?id=95084988&lcmspage=1,C:\Users\parkd\new project\Transport-gap-audit\evidence\documents\고양 창릉\2020-12-29_남양주왕숙_고양창릉_신도시_교통대책_확정.html,,C:\Users\parkd\Documents\Codex\2026-08-20\files-mentioned-by-the-user-30-2\evidence\originals\20260902\201230(조간)남양주왕숙_고양창릉 신도시 교통대책 확정(공공택지기획과 광역교통정책과).hwp,고양창릉 대책; 저장 원문 문맥,"등 기존 도로의 교통여건도 개선될 것으로 기대된다. [ 2. 고양창릉 광역교통개선대책 ] ◈ 고양~서울 은평간 도시철도 등 16개 사업에 총 2조 2천억원 투입 고양창릉지구는 대중교통 확충 부분 중 핵심사업으로 고양~서울 은평 간 도시철도 건설와 GTX-A 창릉역 신설을 추진한다. 또한, 고양시 지역 내 철도 소외지역 간 연계를 위해 대곡~고양시청, 식사~고양시청 신교통수단 사업을 계획하였다. * 대곡∼고양시청 신교통수단사업은 기존 교외선 활용 예정 버스 대중교통을 이용해 고양시 인근 도심지를 쉽고 빠르게 접근할 수 있도록 사업지 남북에 위치한 중앙로 및 통일로 BRT 연계를 위한",needs_human,PARAPHRASE,promise_target_date_missing,원문 페이지와 인용을 사람이 확인 후 human_verified/rejected 확정,인용문:TOO_SHORT,"확정 원문, 사업별 개통 목표는 후속 계획으로 추적"
1,SRC-F022,고양 창릉,promise_date," 교통시설 완공 목표시점, 광역교통개선대책 원문, 서술어(예정/목표/추진) 원문 보존 + mode·line_name·scope 필수",신도시 광역교통 개선 투자계획,https://www.molit.go.kr/2024plan_traffic/news/bodo_2.pdf,C:\Users\parkd\new project\Transport-gap-audit\evidence\documents\고양 창릉\2024-01-25_신도시_광역교통_개선_투자계획.pdf,,,11쪽 북부권; 저장 원문 문맥,"* (양주신도시 : 국도 3호선 확장) 국토부가 사업 규모 조정‧중재 등으로 약 3년 단축 <고양 창릉> <양주 신도시> ➊고양은평선 ➋화전역 환승시설 ➊,➋국도3호선 확장 - 12 - ㅇ (서부권) 인천계양, 부천대장등에약1조원(5개사업) 투자",needs_human,MISSING_MODE_LINE_SCOPE,promise_target_date_missing,원문 페이지와 인용을 사람이 확인 후 human_verified/rejected 확정,인용문:TOO_SHORT,2024년 집중투자 대상 재확인
1,SRC-E1-A03,김포 한강,occupancy_planned_block," 블록별 입주예정일, 입주자모집공고, 정정 시 버전 관리",김포한강 Ac-01a블록 10년 공공임대주택리츠 입주자 모집공고,https://apply.lh.or.kr/lhapply/apply/wt/wrtanc/selectWrtancInfo.do?panId=0000061106&ccrCnntSysDsCd=02&uppAisTpCd=06&aisTpCd=08&mi=1026,C:\Users\parkd\new project\Transport-gap-audit\evidence\documents\김포 한강\2026-06-19_김포한강_Ac-01a블록_10년_공공임대주택리츠_입주자_모집공고.html,,,공고문 본문; 저장 원문 문맥,* 계약체결기간 : 9999.12.31 ~ 9999.12.31 안내사항 ### 접수처정보 * 소재지 : 경기도 김포시 김포한강4로 129 (장기동) * 전화번호 : 03180485320 * 운영기간 : #### 접수처 관련 위치 정보,needs_human,PARAPHRASE,block_or_planned_date_missing;version_not_assigned,원문 페이지와 인용을 사람이 확인 후 human_verified/rejected 확정,인용문:N,원문 직접 확인
1,SRC-E1-C03,김포 한강,actual_operation," 그 시설의 실제 운행 개시일, 운영기관 개통 안내, 공백일수 계산의 종료점","8849번(하남-미사-김포,인천공항) 운행시간 정보",https://www.hanam.go.kr/www/contents.do?key=3262,C:\Users\parkd\new project\Transport-gap-audit\evidence\documents\김포 한강\2024-01-02_8849번_하남-미사-김포_인천공항__운행시간_정보.html,,,공지 본문; 저장 원문 문맥,"* 6200번(황산사거리-인천공항) * 5500번(감일문화공원- 인천공항) ### 공항버스 8849번 운행시간 안내 BRT환승센터에서 출발하여 김포공항, 인천공항(T1, T2)으로 운행되고 있는 8849번 운행시간 정보합니다. 강조 문 의 처 : BRT환승센터 031-8027-3911 [시행일자 : 2026년 4월 11일 (토)] 공항버스(8849번) 운행시간표 - 순,하남BRT,하남시청,하남시청역·덕풍시장,풍경채1단지·덕풍중학교,미사역,미사강변2차푸르지오·센트리버,김포공항,인천공항(T1),인천공항(T2), 비고순으로 정보 제공 **순번** | **하남BRT",needs_human,PARAPHRASE,operation_mode_or_line_missing,원문 페이지와 인용을 사람이 확인 후 human_verified/rejected 확정,인용문:N,원문 직접 확인
1,SRC-E1-A07,남양주 다산,occupancy_planned_block," 블록별 입주예정일, 입주자모집공고, 정정 시 버전 관리",다산신도시 지금지구 A1블록 국민임대주택 입주자모집공고,https://www.myhome.go.kr/hws/portal/sch/selectRsdtRcritNtcDetailView.do?pblancId=7766,C:\Users\parkd\new project\Transport-gap-audit\evidence\documents\남양주 다산\2015-08-11_다산신도시_지금지구_A1블록_국민임대주택_입주자모집공고.html,,,공고문 본문; 저장 원문 문맥,"* 용어사전 * * * 모집완료 다산신도시 지금지구 A1블록 국민임대주택 입주자모집공고 정정사유 * 입주대상 신혼부부, 주거취약계층, 저소득층, 무주택자 * 주택유형 아파트",needs_human,PARAPHRASE,version_not_assigned,원문 페이지와 인용을 사람이 확인 후 human_verified/rejected 확정,인용문:N,원문 직접 확인
1,SRC-H021,남양주 다산,promise_date," 교통시설 완공 목표시점, 광역교통개선대책 원문, 서술어(예정/목표/추진) 원문 보존 + mode·line_name·scope 필수",다산신도시 자연&푸르지오 공공분양주택 입주자모집 정정공고,https://www.gh.or.kr/gh/announcement-of-salerental001.do?articleNo=52607&attachNo=57912&mode=download,C:\Users\parkd\new project\Transport-gap-audit\evidence\documents\남양주 다산\2019_다산신도시_자연_푸르지오_공공분양주택_입주자모집_정정공고.pdf,,,교통환경 안내; 저장 원문 문맥,"- 광역도로 등 광역교통망은 국가기관, 지방자치단체에서 계획하여 진행하는 사항으로 일부 변경 및 취소, 개통지연 등이 발생할 수 있으며, 이 경우 사업주체 및 시공 사는 귀책사유가 없습니다. - 주변 공원‧녹지 등은 미확정 상태이며, 다산지금지구 공공주택지구 사업시행자(경기도시공사)의 실시계획에 의해 향후 변경될 수 있습니다. - 사업부지 서측 서울외곽순환도로 남양주IC, 북서측 지하철 8호선 연장선(예정)이 위치하고 있습니다. - 경기도가 주관하여 추진 중인 서울지하철 8호선 연장선(별내선, 암사~별내지구)의 경우는 2014년 12월 기본계획 고시 되었으며, 노선, 개통시기 및 위치 등 사업내용 은 변경될 수 있고, 해당 사업에 의한 공사 및 운행으로 소음, 진동 등의 영향이 있을 수 있습니다. - 사업지구 경계 밖 지장전주는 지중화 대상이 아닙니다.(사업지구 외 구간임)",needs_human,PARAPHRASE,promise_target_date_missing,원문 페이지와 인용을 사람이 확인 후 human_verified/rejected 확정,인용문:TOO_SHORT,분양공고 교통환경 표기의 약속 후보로 개통일은 별도 문서 필요 | 정책 확정·반영 연도는 개통 목표연도가 아니므로 target date 미확정
1,SRC-E2-A07,남양주 왕숙,occupancy_planned_block," 블록별 입주예정일, 입주자모집공고, 정정 시 버전 관리",남양주왕숙 A-1블록 공공분양주택 입주자모집공고,https://apply.lh.or.kr/lhapply/apply/wt/wrtanc/selectWrtancInfo.do?panId=0000060920&ccrCnntSysDsCd=02&uppAisTpCd=05&aisTpCd=05&mi=1027,C:\Users\parkd\Documents\Codex\2026-08-20\files-mentioned-by-the-user-30-2\evidence\refetched\E2-A07.html,,,공고문 본문; 저장 원문 문맥,"고객님의 안전한 개인정보를 위해 자동로그아웃을 합니다. 로그인 시간을 연장하시겠습니까? 연장하기 로그아웃 당첨자조회 예비자조회 공고이력조회 정정공고 바로가기 취소공고 바로가기 목록 남양주왕숙 A-1블록 공공분양주택 입주자모집공고 유의사항본 공고문에 대한 정정 공고문이 있습니다. 정정공고바로가기 버튼을 눌러 확인하여 주시기 바랍니다. 공고상태접수마감 공고일2025.07.24 마감일2025.08.08 유형분양주택 담당부서경기북부지역본부 문의처1600-1004 공고문 남양주왕숙A-1BL공공분양입주자모집공고문(250724).hwp바로보기 남양주왕숙A-1BL공공분양입주자모집공고문(250724).pdf바로보기 다운로드 남양주왕숙A-1BL공공분양팸플릿(250724).pdf바로보기 1.위임장.hwp바로보기 2-1.개인정보수집이용및제3자제공동의서(사전청약당첨자용).hwp바로보기 2-2.개인정보수집이용및제3자제공동의서(본청약자용).hwp바로보기 문서뷰어다운로드 한컴오피스 뷰어 Acrobat Reader DWG 뷰어 공고내용 ■ 이 주택의 입주자모집공고일은 2025.07.24.(목)이며, 이는 청약자격(청약신청, 자격조건의 기간, 나이, 세대구성원, 지역우선, 주택소유 등)의 판단기준일이 됩니다. ■ 공급위치 : 경기도 남양주시 진접읍, 진건읍, 퇴계원읍 일원 남양주왕숙 공공주택지구 내 A-1블록 ■ 공급대상 : 공공분양주택 629세대 (전용 59㎡ 6",needs_human,PARAPHRASE,version_not_assigned,원문 페이지와 인용을 사람이 확인 후 human_verified/rejected 확정,인용문:N,원문 직접 확인
1,SRC-F007,남양주 왕숙,occupancy_planned_block," 블록별 입주예정일, 입주자모집공고, 정정 시 버전 관리",남양주왕숙 A-1블록 공공분양주택 입주자모집공고,https://apply.lh.or.kr/lhapply/apply/wt/wrtanc/selectWrtancInfo.do?aisTpCd=05&ccrCnntSysDsCd=02&mi=1027&panId=0000060926&uppAisTpCd=05,C:\Users\parkd\new project\Transport-gap-audit\evidence\documents\남양주 왕숙\2025_남양주왕숙_A-1블록_공공분양주택_입주자모집공고.html,,,공급정보 A-01; 저장 원문 문맥,* 전용면적(㎡) : 59.89 ~ 59.92 * 총 세대수 : 629 * 난방방식 : 지역난방 * 입주예정일 : 2028년 08월 #### 단지 관련 이미지 정보 다운로드 버튼을 클릭하여 이미지 파일 다운로드가 가능합니다. 다운로드 __,needs_human,MANUAL_CONFIRM,version_not_assigned,원문 페이지와 인용을 사람이 확인 후 human_verified/rejected 확정,인용문:TOO_SHORT,"미래 예정일, 실제 입주 공지로 전환 필요"
1,SRC-F008,남양주 왕숙,occupancy_planned_block," 블록별 입주예정일, 입주자모집공고, 정정 시 버전 관리",남양주왕숙 A-2블록 신혼희망타운 입주자모집공고,https://apply.lh.or.kr/lhapply/apply/wt/wrtanc/selectWrtancInfo.do?aisTpCd=39&ccrCnntSysDsCd=02&mi=1027&panId=0000060921&uppAisTpCd=39,C:\Users\parkd\new project\Transport-gap-audit\evidence\documents\남양주 왕숙\2025-07-24_남양주왕숙_A-2블록_신혼희망타운_입주자모집공고.html,,,공급정보 A-02; 저장 원문 문맥,* 전용면적(㎡) : 46.68 ~ 55.86 * 총 세대수 : 608 * 난방방식 : 지역난방 * 입주예정월 : 2028년 08월 #### 단지 관련 이미지 정보 다운로드 버튼을 클릭하여 이미지 파일 다운로드가 가능합니다. 다운로드 __,needs_human,MANUAL_CONFIRM,version_not_assigned,원문 페이지와 인용을 사람이 확인 후 human_verified/rejected 확정,인용문:TOO_SHORT,독립 블록 공고로 같은 예정월을 교차확인
1,SRC-F010,남양주 왕숙,promise_date," 교통시설 완공 목표시점, 광역교통개선대책 원문, 서술어(예정/목표/추진) 원문 보존 + mode·line_name·scope 필수",신도시 광역교통 개선 투자계획,https://www.molit.go.kr/2024plan_traffic/news/bodo_2.pdf,C:\Users\parkd\new project\Transport-gap-audit\evidence\documents\남양주 왕숙\2024-01-25_신도시_광역교통_개선_투자계획.pdf,,,11쪽 동부권; 저장 원문 문맥,"<남양주 왕숙‧양정역세권> ➊송파하남선 ➋동남로 연결도로 신설 ➌동남로 확장·개선 ➊강동하남남양주선 ➋경의중앙선 역사 신설 ➌국도 6호선 확장 ❹시도13호선 확장 ㅇ (북부권) 고양창릉, 양주신도시등에약1.8조원(11개사업) 투자 ⇨사업별6개월~3년단축 * 2기 신도시 대비 2～8년(평균 4.8년) 단축",needs_human,PARAPHRASE,promise_target_date_missing,원문 페이지와 인용을 사람이 확인 후 human_verified/rejected 확정,인용문:TOO_SHORT,"2024년 투자 우선순위 재확인, 개통일 약속은 F009 사용"
1,SRC-E2-A10,부천 대장,occupancy_planned_block," 블록별 입주예정일, 입주자모집공고, 정정 시 버전 관리",부천대장 A7블록 공공분양주택 입주자모집공고,https://apply.lh.or.kr/lhapply/apply/wt/wrtanc/selectWrtancInfo.do?panId=0000060863&ccrCnntSysDsCd=02&uppAisTpCd=05&aisTpCd=05&mi=1027,C:\Users\parkd\Documents\Codex\2026-08-20\files-mentioned-by-the-user-30-2\evidence\refetched\E2-A10.html,,,공고문 본문; 저장 원문 문맥,"고객님의 안전한 개인정보를 위해 자동로그아웃을 합니다. 로그인 시간을 연장하시겠습니까? 연장하기 로그아웃 당첨자조회 예비자조회 공고이력조회 정정공고 바로가기 취소공고 바로가기 목록 부천대장 A7블록 공공분양주택 입주자모집공고 유의사항본 공고문에 대한 정정 공고문이 있습니다. 정정공고바로가기 버튼을 눌러 확인하여 주시기 바랍니다. 공고상태접수마감 공고일2025.04.30 마감일2025.05.23 유형분양주택 담당부서인천지역본부 문의처1600-1004 공고문 부천대장A7블록공공분양주택입주자모집공고문_최종.hwp바로보기 부천대장A7블록공공분양주택입주자모집공고문_최종.pdf바로보기 다운로드 부천대장A7블록공공분양주택분양팸플릿(업로드용).pdf바로보기 1.위임장.hwp바로보기 2-1.개인정보수집이용및제3자제공동의서(사전청약당첨자용).hwp바로보기 2-2.개인정보수집이용및제3자제공동의서(본청약자용).hwp바로보기 문서뷰어다운로드 한컴오피스 뷰어 Acrobat Reader DWG 뷰어 공고내용 ■ 공급위치 : 경기도 부천시 오정구 대장동, 오정동, 원종동, 삼정동, 인천광역시 계양구 동양동, 박촌동, 병방동 일원 부천대장 공공주택지구 내 A7블록 ■ 공급대상 : 공공분양주택 473세대 (전용 59㎡ 473세대) ■ 이 주택의 입주자모집공고일은 2025.04.30.(수)이며, 이는 청약자격(청약신청, 자격조건의 기간, 나이, 세대구성원, 지역우선,",needs_human,PARAPHRASE,version_not_assigned,원문 페이지와 인용을 사람이 확인 후 human_verified/rejected 확정,인용문:N,원문 직접 확인
1,SRC-F025,부천 대장,occupancy_planned_block," 블록별 입주예정일, 입주자모집공고, 정정 시 버전 관리",부천대장 A5·A6블록 행복주택 입주자 최초모집,https://apply.lh.or.kr/lhapply/apply/wt/wrtanc/selectWrtancInfo.do?aisTpCd=42&ccrCnntSysDsCd=03&panId=2015122300020448&uppAisTpCd=39,C:\Users\parkd\new project\Transport-gap-audit\evidence\documents\부천 대장\2026-07-23_부천대장_A5_A6블록_행복주택_입주자_최초모집.html,,,공급정보 A5·A6; 저장 원문 문맥,* 전용면적(㎡) : 46.89~55.93 * 총 세대수 : 314 * 난방방식 : 지역난방 * 입주예정월 : 2027.11 #### 단지 관련 이미지 정보 다운로드 버튼을 클릭하여 이미지 파일 다운로드가 가능합니다. 다운로드 __,needs_human,MANUAL_CONFIRM,version_not_assigned,원문 페이지와 인용을 사람이 확인 후 human_verified/rejected 확정,인용문:TOO_SHORT,현재 확인된 가장 이른 블록 예정월 후보
1,SRC-F026,부천 대장,occupancy_planned_block," 블록별 입주예정일, 입주자모집공고, 정정 시 버전 관리",부천대장 A8블록 공공분양주택 입주자모집공고,https://apply.lh.or.kr/lhapply/apply/wt/wrtanc/selectWrtancInfo.do?aisTpCd=05&ccrCnntSysDsCd=02&mi=1027&panId=0000060865&uppAisTpCd=05,C:\Users\parkd\new project\Transport-gap-audit\evidence\documents\부천 대장\2025-04-30_부천대장_A8블록_공공분양주택_입주자모집공고.html,,,공급정보 A8; 저장 원문 문맥,* 전용면적(㎡) : 59.42 ~ 59.69 * 총 세대수 : 392 * 난방방식 : * 입주예정일 : 2028년 01월 #### 단지 관련 이미지 정보 다운로드 버튼을 클릭하여 이미지 파일 다운로드가 가능합니다. 다운로드 __,needs_human,MANUAL_CONFIRM,version_not_assigned,원문 페이지와 인용을 사람이 확인 후 human_verified/rejected 확정,인용문:TOO_SHORT,"후속 블록 예정일, F025보다 늦음"
1,SRC-F027,부천 대장,promise_date," 교통시설 완공 목표시점, 광역교통개선대책 원문, 서술어(예정/목표/추진) 원문 보존 + mode·line_name·scope 필수",인천계양·부천대장 광역교통개선대책 확정,https://www.molit.go.kr/mta/USR/N0201/m_36770/dtl.jsp?id=95085094&lcmspage=2,C:\Users\parkd\new project\Transport-gap-audit\evidence\documents\부천 대장\2021-01-24_인천계양_부천대장_광역교통개선대책_확정.html,,,인천계양·부천대장 대중교통 대책; 저장 원문 문맥,"추진할 계획이다. 금번 교통대책이 확정된 인천계양, 부천대장은 서로 인접한 지구임을 감안하여 신도시 간 연계성을 강화하기 위해 두 지구를 통합하여 광역교통개선대책을 수립하였다. 대중교통 부분은 김포공항역~계양지구~대장지구~부천종합운동장을 잇는 S-BRT* 등 신교통수단을 설치하여 주변 철도노선(5*7*9호선, 공항철도, GTX-B 등)으로의 원활한 연계가 가능한 교통망을 구축한다. * Super BRT : BRT(간선급행버스체계) 일종으로 지하철 수준의 속도ㆍ정시성을 갖춘 최고급형 BRT 도로교통 부분은 국도39호선(벌말로) 확장, 경명대로 신설, 오정로 확장 등을 통해 도로용량을 확보하고 도로 간 연계성을 개선하여 광역교통",needs_human,PARAPHRASE,promise_target_date_missing,원문 페이지와 인용을 사람이 확인 후 human_verified/rejected 확정,인용문:TOO_SHORT,확정 원문이나 개통일은 명시하지 않음
1,SRC-F028,부천 대장,promise_date," 교통시설 완공 목표시점, 광역교통개선대책 원문, 서술어(예정/목표/추진) 원문 보존 + mode·line_name·scope 필수",BRT 고급화(S-BRT) 추진,https://www.molit.go.kr/mta/USR/WPGE0201/m_36794/DTL.jsp,C:\Users\parkd\new project\Transport-gap-audit\evidence\documents\부천 대장\확인불가_BRT_고급화_S-BRT__추진.html,,,S-BRT 시범사업 목록; 저장 원문 문맥,"(모란사거리-단대 오거리-남한산성) | L=9.3km (도계광장-가음정사거리) | L=22.9km (세종BRT 고급화) 사업기간 | ’19～’26 | ’21～’26 | ’21～’24 | ’19～’24 | ’17～’22 시행주체 | LH | 인천광역시 | 성남시 | 창원시 | LH ##### 기존 BRT와 S-BRT 사진대지 기존 BRT와 S-BRT의 사진대지 목록으로 구분, 기존 BRT(교차로처리, 정류장, 차량, 수평승하차), S-BRT(교차로처리, 정류장, 차량, 수평승하차)정보가 확인됩니다. 구분 | 기존 BRT | S-BRT",needs_human,PARAPHRASE,promise_target_date_missing,원문 페이지와 인용을 사람이 확인 후 human_verified/rejected 확정,인용문:TOO_SHORT,"갱신형 페이지, 사업기간 종료와 영업개시는 동일하지 않음 | 사업기간 ’19~’26은 개통일이 아니므로 date_precision=unknown"
1,SRC-E1-A05,위례,occupancy_first_planned," 지구 최초 입주 ""예정"" 연도, 지구계획·사업계획 문서, 지연 측정용 기준선",위례신도시 보금자리 2949가구 내달 5일부터 본청약,https://www.korea.kr/news/policyNewsView.do?newsId=148723111,C:\Users\parkd\new project\Transport-gap-audit\evidence\documents\위례\2011-11-29_위례신도시_보금자리_2949가구_내달_5일부터_본청약.html,,,보도자료 본문; 저장 원문 문맥,__공유 닫기 * __ 공감수 * 댓글수(클릭시 댓글로 이동) # 위례신도시 보금자리 2949가구 내달 5일부터 본청약 ## 분양가 3.3㎡당 1083만원~1280만원…사전예약 추정분양가 수준 유지 2011.11.29 국토해양부 _부처별 뉴스 이동_ _본문듣기_ 시작,needs_human,PARAPHRASE,occupancy_date_missing,원문 페이지와 인용을 사람이 확인 후 human_verified/rejected 확정,인용문:N,원문 직접 확인; 장래 시점 서술이므로 occupancy_first_actual에서 재분류
1,SRC-E1-A06,위례,occupancy_planned_block," 블록별 입주예정일, 입주자모집공고, 정정 시 버전 관리","위례지구 A1-5BL, A1-12BL 분양주택 입주자 모집",https://mediahub.seoul.go.kr/archives/1302679,C:\Users\parkd\new project\Transport-gap-audit\evidence\documents\위례\2020-11-19_위례지구_A1-5BL__A1-12BL_분양주택_입주자_모집.html,,,공고문 본문; 저장 원문 문맥,"* 글자 크기 크게 변경하기 * 글자 크기 작게 변경하기 위례지구 A1-5BL(1,282세대) 조감도 이르면 내년 8월 입주할 수 있는 위례신도시 공공분양 2개 블록의 입주자 모집공고가 나왔습니다. 이번 공급물량은 가격 경쟁력, 풍부한 녹지 공간, 편리한 주거 인프라를 모두 갖춘 단지로 전용면적 60㎡~85㎡ 1,676세대가 대상입니다. 특별분양은 11월 30일~12월 1일, 일반분양은 12월 10일~11일 청약을 접수하며, 코로나19 확산 방지를 위해 인터넷으로만 진행됩니다. ---",needs_human,PARAPHRASE,version_not_assigned,원문 페이지와 인용을 사람이 확인 후 human_verified/rejected 확정,인용문:N,원문 직접 확인
1,SRC-H014,위례,occupancy_planned_block," 블록별 입주예정일, 입주자모집공고, 정정 시 버전 관리",위례신도시 하남권역 입주대비 교통대책,https://www.hanam.go.kr/sosik/selectBbsNttView.do?bbsNo=1164&integrDeptCode=&key=10048&nttNo=153910&pageIndex=901&searchCnd=all&searchCtgry=&searchKrwd=&selectPageUnit=,C:\Users\parkd\new project\Transport-gap-audit\evidence\documents\위례\2015-07-27_위례신도시_하남권역_입주대비_교통대책.html,,,본문; 저장 원문 문맥,"“KD운송그룹이 대중교통 개선에 적극적으로 협조해 달라”고 당부했다. 이에 KD운송그룹 허상준 사장은 “하남시가 요청한 잠실행 9302번 노선 증차(6대→10대)를 즉시 시행하고 하반기 미사강변도시 광역노선(강변역 등)의 추가 신설을 추진하겠다”며 “경기순환버스(수원~의정부)의 황산사거리 정류장 경유도 전향적으로 검토하겠다”고 밝혔다. 또, “하남시가 요청한 오는 11월 위례신도시 첫 입주(A3-7BL)를 대비한 시내버스 노선을 개설해 신도시 개발에 따른 민원을 해소 하겠다”며 “휴가시즌을 고려 이달 중순부터 동해, 삼척행 시외버스 노선을 일일 5회 운행함은 물론 이달 말부터는 인천공항버스를 미사강변도시 경유 운행(일9회)해 하남시민들의 편리한 광역 대중교통 이용할 수 있도록 일조하겠다”고 밝혔다. * 개인정보처리방침",needs_human,MANUAL_CONFIRM,block_or_planned_date_missing;version_not_assigned,원문 페이지와 인용을 사람이 확인 후 human_verified/rejected 확정,인용문:TOO_SHORT,위례 전체 최초가 아니라 하남권역 최초입주 후보
1,SRC-E2-C06,인천 계양,actual_operation," 그 시설의 실제 운행 개시일, 운영기관 개통 안내, 공백일수 계산의 종료점",계양신도시 광역버스 신설과 관련하여,https://www.incheon.go.kr/cool/COOL010501/view?petitSn=2048913,C:\Users\parkd\new project\Transport-gap-audit\evidence\documents\인천 계양\2026-05-01_계양신도시_광역버스_신설과_관련하여.html,,,의견공감 본문; 저장 원문 문맥,"가. 안녕하십니까? 귀하께서 「온라인 열린 시장실」을 통해 신청하신 의견(청원번호2048913)에 대하여 관련 부서 검토 결과를 다음과 같이 알려드립니다. 나. 귀하의 의견 내용 중‘계양신도시(계양테크노밸리) 광역버스 노선 신설’요청에 관하여 관련부서(버스정책과) 검토 의견은 다음과 같습니다. 1) 귀하께서 말씀하신 계양신도시 광역버스 신설과 관련하여, 인천시는 계양신도시의 입주와 광역교통 수요 증가를 고려하여 2026.5월 대도시권광역교통위원회에 강남권을 연결하는 광역급행(M)버스 신규 노선을 신청하였습니다. 2) 현재 신청 노선은 한국교통연구원에서 노선 수요 및 타당성 등을 검토하고 있으며, 검토결과를 바탕으로 대도시권광역교통위원회 광역버스 노선위원회 심의를 거쳐 신규 노선 신설 여부가 결정될 예정입니다.",needs_human,PARAPHRASE,operation_mode_or_line_missing,원문 페이지와 인용을 사람이 확인 후 human_verified/rejected 확정,인용문:N,원문 직접 확인
1,SRC-F002,인천 계양,occupancy_planned_block," 블록별 입주예정일, 입주자모집공고, 정정 시 버전 관리",인천계양 A3블록 단지내상가 재분양공고,https://apply.lh.or.kr/lhapply/apply/wt/wrtanc/selectWrtancInfo.do?aisTpCd=23&ccrCnntSysDsCd=04&panId=BN-0001331&uppAisTpCd=22,C:\Users\parkd\new project\Transport-gap-audit\evidence\documents\인천 계양\2026-07-10_인천계양_A3블록_단지내상가_재분양공고.html,,,단지내 주택 정보; 저장 원문 문맥,"* 공급면적(㎡) : 78.5541m² ~ 79.5072m² * 총 세대수 : 538 * 난방방식 : 지역난방 * 입주예정월 : 2026. 12 #### 상가동 목록 상가동 목록 : 상가명, 상가전체호수, 상가면적(제곱미터), 상가입점시기에 대한 정보를 제공합니다 상가명 | 상가전체호수 | 상가면적(㎡) | 상가입점시기 ---|---|---|---",needs_human,MANUAL_CONFIRM,version_not_assigned,원문 페이지와 인용을 사람이 확인 후 human_verified/rejected 확정,인용문:TOO_SHORT,A3 주택의 입주예정월을 재확인하는 독립 공고
1,SRC-F003,인천 계양,promise_date," 교통시설 완공 목표시점, 광역교통개선대책 원문, 서술어(예정/목표/추진) 원문 보존 + mode·line_name·scope 필수",인천계양·부천대장 광역교통개선대책 확정,https://www.molit.go.kr/mta/USR/N0201/m_36770/dtl.jsp?id=95085094&lcmspage=2,C:\Users\parkd\new project\Transport-gap-audit\evidence\documents\인천 계양\2021-01-24_인천계양_부천대장_광역교통개선대책_확정.html,,,인천계양·부천대장 대중교통 대책; 저장 원문 문맥,"추진할 계획이다. 금번 교통대책이 확정된 인천계양, 부천대장은 서로 인접한 지구임을 감안하여 신도시 간 연계성을 강화하기 위해 두 지구를 통합하여 광역교통개선대책을 수립하였다. 대중교통 부분은 김포공항역~계양지구~대장지구~부천종합운동장을 잇는 S-BRT* 등 신교통수단을 설치하여 주변 철도노선(5*7*9호선, 공항철도, GTX-B 등)으로의 원활한 연계가 가능한 교통망을 구축한다. * Super BRT : BRT(간선급행버스체계) 일종으로 지하철 수준의 속도ㆍ정시성을 갖춘 최고급형 BRT 도로교통 부분은 국도39호선(벌말로) 확장, 경명대로 신설, 오정로 확장 등을 통해 도로용량을 확보하고 도로 간 연계성을 개선하여 광역교통",needs_human,PARAPHRASE,promise_target_date_missing,원문 페이지와 인용을 사람이 확인 후 human_verified/rejected 확정,인용문:TOO_SHORT,개선대책 확정 원문이지만 실제 개통일은 제시하지 않음
1,SRC-F004,인천 계양,promise_date," 교통시설 완공 목표시점, 광역교통개선대책 원문, 서술어(예정/목표/추진) 원문 보존 + mode·line_name·scope 필수",BRT 고급화(S-BRT) 추진,https://www.molit.go.kr/mta/USR/WPGE0201/m_36794/DTL.jsp,C:\Users\parkd\new project\Transport-gap-audit\evidence\documents\인천 계양\확인불가_BRT_고급화_S-BRT__추진.html,,,S-BRT 시범사업 목록; 저장 원문 문맥,"(모란사거리-단대 오거리-남한산성) | L=9.3km (도계광장-가음정사거리) | L=22.9km (세종BRT 고급화) 사업기간 | ’19～’26 | ’21～’26 | ’21～’24 | ’19～’24 | ’17～’22 시행주체 | LH | 인천광역시 | 성남시 | 창원시 | LH ##### 기존 BRT와 S-BRT 사진대지 기존 BRT와 S-BRT의 사진대지 목록으로 구분, 기존 BRT(교차로처리, 정류장, 차량, 수평승하차), S-BRT(교차로처리, 정류장, 차량, 수평승하차)정보가 확인됩니다. 구분 | 기존 BRT | S-BRT",needs_human,PARAPHRASE,promise_target_date_missing,원문 페이지와 인용을 사람이 확인 후 human_verified/rejected 확정,인용문:TOO_SHORT,페이지 갱신형 현황표이므로 게시일 대신 수집일을 검증로그로 관리 | 사업기간 ’19~’26은 개통일이 아니므로 date_precision=unknown
1,SRC-F016,하남 교산,promise_date," 교통시설 완공 목표시점, 광역교통개선대책 원문, 서술어(예정/목표/추진) 원문 보존 + mode·line_name·scope 필수",2024년 교통 분야 민생토론회,https://www.molit.go.kr/2024plan_traffic/main.jsp,C:\Users\parkd\new project\Transport-gap-audit\evidence\documents\하남 교산\2024-01-25_2024년_교통_분야_민생토론회.html,,,동부권 광역교통 투자; 저장 원문 문맥,"추진), 3)예비타당성조사 절차 단축 등 (동부권) 남양주 왕숙, 하남 교산 등에 약 4조원(8개 사업) 투자 ⇨ 사업별 6개월～2년 단축 * 2기 신도시 대비 1～8년(평균 5년) 단축 * (하남 교산 : 동남로 연결도로 신설) 개선대책 절차 간소화 등으로 약 2년 단축 (북부권) 고양 창릉, 양주 신도시 등에 약 1.8조원(11개 사업) 투자 ⇨ 사업별 6개월~3년 단축 * 2기 신도시 대비 2～8년(평균 4.8년) 단축 * (양주신도시 : 국도 3호선 확장) 국토부가 사업 규모 조정‧중재 등으로 약 3년 단축",needs_human,PARAPHRASE,promise_target_date_missing,원문 페이지와 인용을 사람이 확인 후 human_verified/rejected 확정,인용문:TOO_SHORT,사업기간 단축 약속이며 실제 완공일 제시는 아님
1,SRC-E1-A09,하남 미사,occupancy_planned_block," 블록별 입주예정일, 입주자모집공고, 정정 시 버전 관리",하남미사17단지 임대주택 입주자모집공고,https://apply.lh.or.kr/lhapply/apply/wt/wrtanc/selectWrtancInfo.do?panId=2015122300017628&ccrCnntSysDsCd=03&uppAisTpCd=06&aisTpCd=07&mi=1026,C:\Users\parkd\new project\Transport-gap-audit\evidence\documents\하남 미사\2025-03-14_하남미사17단지_임대주택_입주자모집공고.html,,,공고문 본문; 저장 원문 문맥,"* 하남미사 A14블록 * 하남미사 13단지 #### 하남미사 17단지 * 소재지 : 경기도 하남시 미사강변서로 167(망월동) 하남미사17단지 * 전용면적(㎡) : 33.81~46.82 * 총 세대수 : 2,180 * 난방방식 : 지역난방",needs_human,PARAPHRASE,block_or_planned_date_missing;version_not_assigned,원문 페이지와 인용을 사람이 확인 후 human_verified/rejected 확정,인용문:N,원문 직접 확인
1,SRC-H026,하남 미사,occupancy_planned_block," 블록별 입주예정일, 입주자모집공고, 정정 시 버전 관리",하남미사 A12·A16블록 임대주택 공고,https://apply.lh.or.kr/lhapply/apply/wt/wrtanc/selectWrtancInfo.do?aisTpCd=08&ccrCnntSysDsCd=02&mi=1026&panId=0000060513&uppAisTpCd=06,C:\Users\parkd\new project\Transport-gap-audit\evidence\documents\하남 미사\2015_하남미사_A12_A16블록_임대주택_공고.html,,,공급정보 A12; 저장 원문 문맥,* 전용면적(㎡) : 74.96 ~ 84.92 * 총 세대수 : 664 * 난방방식 : 지역가스난방 * 입주예정월 : 2015년 07월 #### 단지 관련 이미지 정보 다운로드 버튼을 클릭하여 이미지 파일 다운로드가 가능합니다. 다운로드 __,needs_human,PARAPHRASE,version_not_assigned,원문 페이지와 인용을 사람이 확인 후 human_verified/rejected 확정,인용문:TOO_SHORT,블록 단위 후속 입주 후보이며 지구 최초는 H025
1,SRC-H027,하남 미사,promise_date," 교통시설 완공 목표시점, 광역교통개선대책 원문, 서술어(예정/목표/추진) 원문 보존 + mode·line_name·scope 필수",하남시 2020년 10대 뉴스,https://www.hanam.go.kr/sosik/selectBbsNttView.do?bbsNo=1164&integrDeptCode=&key=10048&nttNo=221988&pageIndex=392&searchCnd=all&searchCtgry=&searchKrwd=&selectPageUnit=,C:\Users\parkd\new project\Transport-gap-audit\evidence\documents\하남 미사\2020-12-31_하남시_2020년_10대_뉴스.html,,,하남선 성과 회고; 저장 원문 문맥,"▲여성친화도시 지정 ▲미사도서관 개관 ▲하남교육재단 출범 하남시는 올 한 해 추진한 주요시책 및 성과 10대 뉴스를 선정, 31일 발표했다. 올해 이슈가 된 주요뉴스를 살펴보자. ① 하남시 최대 숙원 ‘지하철 5호선 하남선 1단계 구간 개통’ ‘지하철 5호선 하남선 1단계(미사역~하남풍산역)’가 지난 8월 개통, 운행을 시작했다. 하남선 지하철은 서울 지하철 5호선 강동구 상일동역에서 미사지구, 덕풍동을 거쳐 창우동까지 7.7㎞를 연장하는 사업으로 지난 2009년 하남 미사지구 광역교통개선대책으로 반영되어 추진됐다. 현재 하남선 1단계 구간은 지하철 8량이 평일 출퇴근 시간(첨두 시) 10분, 그 외 시간(비첨두 시)은 12~24분 간격, 공휴일은 12~24분 간격으로 운행 중이다. 현재 일일 미사역 21000여명, 하남풍산역 8000여명의 이용하고 있다. ② 하남방역 대표 모델, 전국 최초‘호흡기감염클리닉’운영",needs_human,MANUAL_CONFIRM,promise_target_date_missing,원문 페이지와 인용을 사람이 확인 후 human_verified/rejected 확정,인용문:TOO_SHORT,약속의 제도적 기원을 사후 공식문서가 확인 | 정책 확정·반영 연도는 개통 목표연도가 아니므로 target date 미확정
1,SRC-E1-A01,화성 동탄2,occupancy_planned_block," 블록별 입주예정일, 입주자모집공고, 정정 시 버전 관리",화성동탄2 C-27블록 공공분양주택 입주자모집공고,https://apply.lh.or.kr/lhapply/apply/wt/wrtanc/selectWrtancInfo.do?panId=0000061101&ccrCnntSysDsCd=02&uppAisTpCd=05&aisTpCd=05&mi=1027,C:\Users\parkd\new project\Transport-gap-audit\evidence\documents\화성 동탄2\2026-05-29_화성동탄2_C-27블록_공공분양주택_입주자모집공고.html,,,공고문 본문; 저장 원문 문맥,"문서뷰어다운로드 한컴오피스 뷰어 __Acrobat Reader __ DWG 뷰어 __ 공고내용 ■ 이 주택의 입주자모집공고일은 2026.05.29.(금)이며, 이는 청약자격(청약신청, 자격조건의 기간, 나이, 세대구성원, 지역우선, 주택소유 등)의 판단기준일이 됩니다. 이 주택의 주택관리번호는 2026000230이며, 공고문은 LH 청약플러스(apply.lh.or.kr) 및 모바일앱에서도 확인하실 수 있습니다. ■ 공급위치 : 경기도 화성시 동탄구 일원 화성동탄2 택지개발사업지구 내 C-27블록 ■ 공급대상 : 공공분양주택 473세대 (전용면적 84㎡ 473세대) - 오피스텔 90호는 향후 별도 공급 예정",needs_human,PARAPHRASE,version_not_assigned,원문 페이지와 인용을 사람이 확인 후 human_verified/rejected 확정,인용문:N,원문 직접 확인
1,SRC-E1-A02,화성 동탄2,occupancy_planned_block," 블록별 입주예정일, 입주자모집공고, 정정 시 버전 관리","LH, 동탄2 공공분양 473가구 공급…7년만에 재개",https://apply.lh.or.kr/lhapply/apply/wt/wrtanc/selectWrtancInfo.do?panId=0000061101&ccrCnntSysDsCd=02&uppAisTpCd=05&aisTpCd=05&mi=1027,C:\Users\parkd\Documents\Codex\2026-08-20\files-mentioned-by-the-user-30-2\evidence\refetched\E1-A02.html,,,LH 청약플러스 모집공고 본문; 입주예정일 항목; 저장 원문 문맥,전용면적(㎡) : 59.63 ~ 84.99 총 세대수 : 473 난방방식 : 지역난방 입주예정일 : 2029년 06월 단지 관련 이미지 정보 다운로드 버튼을 클릭하여 이미지 파일 다운로드가 가능합니다. 상기 이미지는 소비자의 이해를 돕기 위해 제작된 것으로 실제와 다를 수 있습니다.,needs_human,MANUAL_CONFIRM,block_or_planned_date_missing;version_not_assigned,원문 페이지와 인용을 사람이 확인 후 human_verified/rejected 확정,인용문:N,단서기사: https://www.yna.co.kr/view/AKR20260529032400003
1,SRC-H004,화성 동탄2,promise_date," 교통시설 완공 목표시점, 광역교통개선대책 원문, 서술어(예정/목표/추진) 원문 보존 + mode·line_name·scope 필수",수원호매실·화성동탄2 광역교통 특별대책 주민간담회,https://www.molit.go.kr/mta/USR/N0201/m_36770/dtl.jsp?id=95086846&lcmspage=1,C:\Users\parkd\new project\Transport-gap-audit\evidence\documents\화성 동탄2\2022-06-16_수원호매실_화성동탄2_광역교통_특별대책_주민간담회.html,,,화성동탄2 개선안; 저장 원문 문맥,"* (광역교통개선대책) 신도시 등 대규모 개발사업(면적 50만m2 또는 인구 1만명 이상)에 따른 교통문제 완화와 선교통-후개발 추진을 위하여 도입 대광위는 호매실과 동탄2 지구에서 추진 중인 광역철도(신분당선 호매실 연장, GTX-A 삼성~동탄 구간) 등 주요 광역교통시설이 확충되는 동안 두 지구에서의 광역교통 불편 완화를 위하여, 지자체(수원*화성시), LH(개발사업시행자), 한국교통연구원 등과 함께 서울 방면 등에 대한 광역버스 증차, 출*퇴근 전세버스 도입 등의 특별대책을 마련하고 있다. 대광위는 두 지구의 광역교통특별대책을 마련하는 과정에서 이번 주민간담회를 통해 제기되는 입주민들의 다양한 의견을 검토하여 입주민들에게 체감도가 높은 교통대책들을 특별대책에 반영하고, 향후 광역교통 불편해소에 도움이 되는 의견들의 경우에는 제도개선 등을 적극 검토할 계획이다. 호매실, 동탄2 지구에 대한 특별대책을 마무리한 이후에는 현재 사업시행자(LH)가 광역교통특별대책(안)을 마련 중인 평택 고덕지구에 대해서도",needs_human,PARAPHRASE,promise_target_date_missing,원문 페이지와 인용을 사람이 확인 후 human_verified/rejected 확정,인용문:TOO_SHORT,확정 전 의견수렴 단계 후보라 H003보다 증거 우선순위가 낮음
20,SRC-E2-B09,고양 창릉,promise_date," 교통시설 완공 목표시점, 광역교통개선대책 원문, 서술어(예정/목표/추진) 원문 보존 + mode·line_name·scope 필수","3기 신도시, 패스트트랙·교통대책 조기 확정 등으로 신속 공급",http://www.molit.go.kr/mta/USR/N0201/m_36770/dtl.jsp?lcmspage=1&id=95085094,C:\Users\parkd\new project\Transport-gap-audit\evidence\documents\고양 창릉\2021-01-24_3기_신도시__패스트트랙_교통대책_조기_확정_등으로_신속_공급.html,,,보도자료 본문; 저장 원문 문맥,"3기 신도시는 지구계획 수립*토지보상 병행 등 패스트 트랙(Fast-Track)을 적용하여 보상 착수기간을 기존 대비 평균 10개월 이상 단축*하는 등 신속하게 사업을 추진하고 있다. * 지구지정∼보상착수 : (2기 신도시) 성남판교 24개월, 위례 30개월 등 평균 27개월 소요, (3기 신도시) 하남교산 14개월, 인천계양 14개월 등 평균 17개월 소요 남양주왕숙*하남교산*인천계양은 보상공고('20.8)를 거쳐 보상절차가 진행 중이며, 고양창릉*부천대장은 상반기에 보상공고 할 계획이다. 남양주왕숙*하남교산*인천계양은 지구계획(안)을 마련('20.10)하여 관계기관 협의 중이며 올해 상반기에 순차 확정할 계획이다. 고양창릉*부천대장은 도시*건축*교통 등 분야별 전문가들이 참여하여 지구계획(안)을 마련 중이며, '21년 말까지 확정할 예정이다. 3기 신도시는 본 청약보다 1~2년 먼저 공급하는 사전청약제를 시행하여 주택공급시기를 기존 신도시 대비 평균 57개월(4년9개월) 단축*하여",needs_human,MISSING_MODE_LINE_SCOPE,,원문 페이지와 인용을 사람이 확인 후 human_verified/rejected 확정,인용문:N,원문 직접 확인
20,SRC-F023,고양 창릉,actual_operation," 그 시설의 실제 운행 개시일, 운영기관 개통 안내, 공백일수 계산의 종료점",GTX-A 운정중앙~서울역 구간 12월 28일 개통,https://www.molit.go.kr/USR/NEWS/dtl.jsp?id=95090469&lcmspage=47,C:\Users\parkd\new project\Transport-gap-audit\evidence\documents\고양 창릉\2024-12-11_GTX-A_운정중앙_서울역_구간_12월_28일_개통.html,,,제목; 저장 원문 문맥,"* 보도자료 ### _보도자료_ _프린트_ #### GTX-A ‘운정중앙~서울역’구간, 12월 28일 개통 * 27일, 개통기념식 및 사전시승식 행사 등 개최 * **담당부서** 광역급행철도건설과 * **등록일** 2024-12-11 11:00",needs_human,PARAPHRASE,,원문 페이지와 인용을 사람이 확인 후 human_verified/rejected 확정,인용문:TOO_SHORT,"창릉역은 아직 미정차, GTX-A 기존 구간 기준선일 뿐 약속 이행 아님; 배차·첫차·막차 근거가 없어 basic_service에서 actual_operation으로 재분류"
20,SRC-F024,고양 창릉,actual_operation," 그 시설의 실제 운행 개시일, 운영기관 개통 안내, 공백일수 계산의 종료점",대곡~소사 복선전철 7월 1일 개통,https://www.molit.go.kr/USR/NEWS/m_72/dtl.jsp?id=95088517&lcmspage=5,C:\Users\parkd\new project\Transport-gap-audit\evidence\documents\고양 창릉\2023-06-30_대곡_소사_복선전철_7월_1일_개통.html,,,제목; 저장 원문 문맥,"* 참고 · 설명자료 ### _참고 · 설명자료_ _프린트_ #### [참고] 대곡～소사 복선전철 7월 1일 개통 * 경기 서북부지역 종단 전철 연결로 교통 소외 해소 * 고양에서 부천간 이동시간이 67분에서 19분으로 48분 단축, 수도권 30분대 출？퇴근 교통망 조성 * **담당부서** 철도투자개발과",needs_human,PARAPHRASE,,원문 페이지와 인용을 사람이 확인 후 human_verified/rejected 확정,인용문:TOO_SHORT,"고양 서남부 기존 철도 기준선, 고양은평선과 별개; 배차·첫차·막차 근거가 없어 basic_service에서 actual_operation으로 재분류"
20,SRC-E1-B03,김포 한강,promise_date," 교통시설 완공 목표시점, 광역교통개선대책 원문, 서술어(예정/목표/추진) 원문 보존 + mode·line_name·scope 필수","[참고] 서부권 2기 신도시(김포한강, 인천검단) 교통개선 대책",https://www.molit.go.kr/LCMS/DWN.jsp?fold=koreaNews/mobile/file&fileName=210629%2815%EC%8B%9C%EC%9D%B4%ED%9B%84%29%EC%84%9C%EB%B6%80%EA%B6%8C+2%EA%B8%B0+%EC%8B%A0%EB%8F%84%EC%8B%9C+%28%EA%B9%80%ED%8F%AC%ED%95%9C%EA%B0%95_%EC%9D%B8%EC%B2%9C%EA%B2%80%EB%8B%A8%29+%EA%B5%90%ED%86%B5%EA%B0%9C%EC%84%A0+%EB%8C%80%EC%B1%85%28%EA%B4%91%EC%97%AD%EC%8B%9C%EC%84%A4%EC%9A%B4%EC%98%81%EA%B3%BC%29.pdf,C:\Users\parkd\Documents\Codex\2026-08-20\files-mentioned-by-the-user-30-2\evidence\refetched\E1-B03.pdf,,,"첨부 1번, p.1","보 도 참 고 자 료 배포일시2021.6.29.(화)/총8매(본문5,참고3)담당부서광역시설운영과담당자∙과장박병석,사무관정재웅∙☎(044)201-5100,5102광역교통정책과담당자∙과장손덕환,서기관양찬윤∙☎(044)201-5045,5046철도정책과담당자∙과장이우제,서기관백승록∙☎(044)201-3938,3940보 도 일 시2021년 6월 29일(화) 15:00 이후부터 보도 가능합니다. 서부권 2기 신도시(김포한강, 인천검단) 교통개선 대책<교통수단연계성고려한종합대책마련,철도망계획등반영>-서부권광역급행장기역∼부천운동장역신설,여의도․용산등직결운행추진-인천2호선통해GTX-A환승연계,강남권까지약30∼40분으로단축-서울5호선연장추가검토,광역버스․BTX․광역도로등확충추진 □국토교통부(장관노형욱)는김포골드라인의높은혼잡도및검단신도시입주(’21.6월~)등으로교통여건개선에대한요구가높았던서부권2기신도시(김포한강신도시,검단신도시)에대해,ㅇ철도․버스․도로등종합적인교통개선대책을마련하고제4차국가철도망구축계획및제4차광역교통시행계획등에반영하기위한관련위원회심의*를추진중이라고밝혔다.*「제4차국가철도망구축계획」은금일‘철도산업위원회’심의완료「제4차광역교통시행계획」은‘대도시권광역교통위원회’심의진행중□서부권2기신도시의교통개선대책은➊철도의접근성향상을우선으로하되,신속하게도입할수있는➋버스의편의성제고와➌도로․환승센터등인프라확대방안을종합하여마련하였다. ➊ 철도 접근성 향상 ◈서부권광",needs_human,PARAPHRASE,,원문 페이지와 인용을 사람이 확인 후 human_verified/rejected 확정,파일형식불일치; 인용문:N,원문 PDF 첨부파일 존재
20,SRC-E1-B04,김포 한강,promise_date," 교통시설 완공 목표시점, 광역교통개선대책 원문, 서술어(예정/목표/추진) 원문 보존 + mode·line_name·scope 필수",수도권 서부지역의 광역교통 확충 등 지역현안 해결 추진,https://www.molit.go.kr/LCMS/DWN.jsp?fold=koreaNews/mobile/file&fileName=221111%28%EC%84%9D%EA%B0%84%29_%EC%88%98%EB%8F%84%EA%B6%8C_%EC%84%9C%EB%B6%80%EC%A7%80%EC%97%AD%EC%9D%98_%EA%B4%91%EC%97%AD%EA%B5%90%ED%86%B5_%ED%99%95%EC%B6%A9_%EB%93%B1_%EC%A7%80%EC%97%AD%ED%98%84%EC%95%88_%ED%95%B4%EA%B2%B0_%EC%B6%94%EC%A7%84%28%EA%B3%B5%EA%B3%B5%ED%83%9D%EC%A7%80%EC%A1%B0%EC%82%AC%EA%B3%BC%29.pdf,C:\Users\parkd\Documents\Codex\2026-08-20\files-mentioned-by-the-user-30-2\evidence\refetched\E1-B04.pdf,,,"첨부 1번, p.1","배포 일시2022. 11.(금)담당 부서공공주택추진단공공택지조사과책임자과 장 박정혁 (044-201-4442)사무관권인혁(044-201-4443)담당자사무관김호숙(044-201-4548)<총괄>대도시권광역교통위원회광역교통정책과책임자과 장 이주열(044-201-5045)담당자서기관정경인(044-201-5046)보도일시2022년 11월 11일(금) 석간부터 보도하여 주시기 바랍니다.※ 통신‧방송‧인터넷은 11. 11.(금) 11:00 이후 보도 가능수도권 서부지역의 광역교통 확충 등 지역현안 해결 추진- 서울5호선ᆞGTX 등과 연계한 김포한강2 콤팩트시티 조성 -□국토교통부(장관 원희룡)는 수도권 서부지역의 대표적인 지역현안 사업으로 꼽혔던 서울5호선 연장 등 광역교통 확충을 본격적으로 추진하여 지역의 심각한 교통난을 근본적으로 해결해나갈 계획이라고 밝혔다.□김포시 등 수도권 서부지역은 그간 서울과 연접한 지리적 이점에도 불구하고 광역교통대책이 부족하여 도시철도 등 대중교통을 활용하여 서울 도심으로 접근하기가 어려운 측면이 있었다. ㅇ김포한강신도시 조성에 따른 광역교통개선대책으로 김포골드라인(양촌 ↔ 김포공항)이 `19년 개통되어 서울로의 접근성이 다소 용이해졌으나, 경전철(2량) 수송력의 한계로 인해 여전히 출근시간대 극심한 혼잡이 발생하고 있다.< ’21년 도시철도 최대혼잡도 상위 5개 노선 및 구간 >노선김포골드라인9호선4호선2호선",needs_human,PARAPHRASE,,원문 페이지와 인용을 사람이 확인 후 human_verified/rejected 확정,파일형식불일치; 인용문:N,원문 PDF 첨부파일 존재
20,SRC-H007,김포 한강,occupancy_first_actual," 지구 첫 실제 입주일, 입주지정기간 개시일, 공백일수 계산의 시작점",김포한강신도시 아파트 첫 입주 등 입주물량 증가세,https://www.molit.go.kr/USR/NEWS/m_71/dtl.jsp?id=95068404&lcmspage=346,C:\Users\parkd\new project\Transport-gap-audit\evidence\documents\김포 한강\2011-06-30_김포한강신도시_아파트_첫_입주_등_입주물량_증가세.html,,,제목 및 본문; 저장 원문 문맥,"* 보도자료 ### _보도자료_ _프린트_ #### 김포한강신도시 아파트 첫 입주 등 입주물량 증가세 * **담당부서** 주택정책과,공공주택개발과 * **등록일** 2011-06-23 11:00 * **조회수** 3390",needs_human,MANUAL_CONFIRM,,원문 페이지와 인용을 사람이 확인 후 human_verified/rejected 확정,인용문:TOO_SHORT,정부가 지구 첫 입주를 직접 표제화
20,SRC-H008,김포 한강,occupancy_first_actual," 지구 첫 실제 입주일, 입주지정기간 개시일, 공백일수 계산의 시작점",경기도의회 제258회 임시회 회의록,https://kms.ggc.go.kr/cms/mntsViewer.do?mntsId=718,C:\Users\parkd\new project\Transport-gap-audit\evidence\documents\김포 한강\2011-05-03_경기도의회_제258회_임시회_회의록.html,,,교통건설국 업무보고; 저장 원문 문맥,"첫 번째, 김포한강신도시 입주에 따른 신속한 교통대책 수립에 대해 말씀드리겠습니다. 현재 김포시는 김포한강신도시를 비롯한 각종 대단위 택지개발사업 등이 진행되고 있고 올해 6월부터 신도시 첫 입주가 시작됩니다. 당연히 교통수요가 급증할 수밖에 없는 상황입니다. 그러나 신도시 개발 등에 따른 교통수요를 감당할 도로교통망 확충이나 대중교통시설인 광역노선 신설 등의 대책이 부진해 국도48호선을 비롯한 관내 도로의 심각한 교통체증으로 인한 교통난을 우려하지 않을 수 없는 상황입니다. 6월 한강신도시 첫 입주에 맞춰 김포한강로가 개통된다고 하지만 서울외곽순환고속도로 김포IC에서 이를 이용할 수 있는 방법이 없어 김포지역의 최대 교통정체구간인 신곡사거리는 출퇴근 시간대만 되면 그야말로 아수라장이 될 게 불 보듯 뻔한 일입니다. 이에 본 의원은 김포한강신도시 입주에 따른 적절한 교통대책 마련이 시급한 시점에 이르렀다는 것을 말씀드리며 몇 가지 제안과 함께 적극적인",needs_human,MANUAL_CONFIRM,,원문 페이지와 인용을 사람이 확인 후 human_verified/rejected 확정,인용문:TOO_SHORT,입주 직전 공식 회의록의 예정시점 후보이며 H007과 교차검증
20,SRC-H009,김포 한강,promise_date," 교통시설 완공 목표시점, 광역교통개선대책 원문, 서술어(예정/목표/추진) 원문 보존 + mode·line_name·scope 필수",김포양곡 행복주택 지역위치도·교통망도,https://lh.or.kr/boardDownload.es?bid=0034&list_no=646642&seq=3,C:\Users\parkd\new project\Transport-gap-audit\evidence\documents\김포 한강\2017_김포양곡_행복주택_지역위치도_교통망도.pdf,,,6~7쪽 교통망도; 저장 원문 문맥,"●김포한강로 올림픽대로까지 연결(고촌~운양, 11㎞) 등 10개 구간이 신설·확장 ●김포한강신도시 인근 연계도로 8개 노선(15.5㎞)의 신설·확장으로 지역간 교통 원활 ●김포지역과 일산신도시를 연결하는 8차선 일산대교가 개통되어 일산신도시와 동시생활권 ●김포도시철도 2018년 개통 예정 ●제2외곽순환도로(김포 양촌 - 인천 중구) 2017년 3월 개통 자연과 아울러 서울에 더 가깝게 - 수도권전역을 생활권으로 하는 미래형 친환경 도시",needs_human,MANUAL_CONFIRM,,원문 페이지와 인용을 사람이 확인 후 human_verified/rejected 확정,인용문:TOO_SHORT,김포한강신도시 인접 LH 공급자료의 명시적 일정
20,SRC-H010,김포 한강,promise_date," 교통시설 완공 목표시점, 광역교통개선대책 원문, 서술어(예정/목표/추진) 원문 보존 + mode·line_name·scope 필수",김포한강 행복주택 지역위치도·교통망도,https://lh.or.kr/boardDownload.es?bid=0034&list_no=646666&seq=3,C:\Users\parkd\new project\Transport-gap-audit\evidence\documents\김포 한강\2017_김포한강_행복주택_지역위치도_교통망도.pdf,,,6~7쪽; 저장 원문 문맥,"※ 김포도시철도 노선 및 역사 등은 김포도시철도 건설 사업계획 승인(국토교통부고시제2014-149호)에 의한 사업계획이며, 향후 실시설계 결과 등에 따라 변경될 수 있습니다. 김포한강 행복주택 쾌속교통환경으로 더 빠르고 더 편리하게! ▶ 지하철 5, 9호선과 연결되는 김포도시철도 구래역 2018년 개통 예정 ▶ 올림픽대로와 연결된 김포고속화도로와 48번 국도로 여의도까지 약 30분 ▶ 약 10분 거리에 제2외곽순환도로 연결로 일산,청라,송도까지 접근성 우수 ▶ 김포한강신도시 인근 연계도로 8개 노선(15.5㎞)의 신설·확장으로 지역간 교통 원활",needs_human,MANUAL_CONFIRM,,원문 페이지와 인용을 사람이 확인 후 human_verified/rejected 확정,인용문:TOO_SHORT,신도시 내부 구래역을 특정한 LH 원문
20,SRC-H011,김포 한강,actual_operation," 그 시설의 실제 운행 개시일, 운영기관 개통 안내, 공백일수 계산의 종료점",“김포 지하철시대 열렸다”…28일 첫 열차 출발,https://gimpo.go.kr/news/selectBbsNttView.do?bbsNo=466&key=9377&nttNo=94282&pageIndex=124&pageUnit=10&searchCnd=all&searchKrwd=%EC%96%B4%EB%A6%B0%EC%9D%B4,C:\Users\parkd\new project\Transport-gap-audit\evidence\documents\김포 한강\2019-09-27__김포_지하철시대_열렸다__28일_첫_열차_출발.html,,,본문 첫 문단; 저장 원문 문맥,"열차 출발 일일 8만9천명 이용…통행수요 10% 담당 전망 국내 최초 기초정부가 건설한 도시철도로 기록빚 내지 않고 완공…서울 5‧9호선 등 환승 편리김포공항 32분, 서울 중심까지 1시간 이내 도달 기본요금 1,250원, 청소년 720원, 어린이 450원수도권환승할인제 적용…어르신, 장애인 등 무료2024년 9월까지 김포골드라인운영㈜에서 운영개통식 없이 안전기원하고 첫 탑승객 맞을 예정정하영 김포시장 “개통 초기 운행안정화에 최선” 김포시(시장 정하영)는 김포도시철도 골드라인이 28일 토요일 새벽 5시 30분 구래역과 김포공항역에서 첫 출발하며 역사적인 개통을 알린다고 밝혔다. 김포도시철도 건설 사업은 2009년 7월 국토교통부의 도시철도건설 기본계획 승인 뒤 2012년 3월 현재의 사업으로 변경 확정됐다. 2014년 3월 착공에 들어가 2018년 11월 공사를 마치고 시설물검증, 영업시운전 등 종합시험운행 절차와 시설물보완 등 개통 준비를 마쳤다. 변경계획으로 사업을 추진한지 7년 6개월, 착공부터 개통까지는 5년 6개월이 걸렸다. 당초",needs_human,PARAPHRASE,,원문 페이지와 인용을 사람이 확인 후 human_verified/rejected 확정,인용문:TOO_SHORT,운영 개시시각과 양 끝역을 명시
20,SRC-H012,김포 한강,actual_operation," 그 시설의 실제 운행 개시일, 운영기관 개통 안내, 공백일수 계산의 종료점",2035년 김포도시기본계획 변경 주요내용,https://www.gimpo.go.kr/site/portal/images/contents/cts7619_file01_202512.pdf,C:\Users\parkd\new project\Transport-gap-audit\evidence\documents\김포 한강\2025-12_2035년_김포도시기본계획_변경_주요내용.pdf,,,철도망 체계 현황; 저장 원문 문맥,"[김포시 가로망 현황도] 99 5) 철도망 체계 현황 ❍ 2019년 9월 28일 개통한 김포골드라인은 김포국제공항에서 김포한강신도시의 구래 역까지 운행하며, 출․퇴근시간대 3분간격, 그 이외시간대 6~12분 간격으로 운행하고 정차역은 10개소, 운행거리는 23.6km, 1일 평일기준 운행횟수는 440번임 ❍ 김포 골드라인 개통에 따라 수송분담율이 점차 증가할 것으로 예상됨",needs_human,MANUAL_CONFIRM,,원문 페이지와 인용을 사람이 확인 후 human_verified/rejected 확정,인용문:TOO_SHORT,사후 공식 계획서가 실제 개통일을 재확인
20,SRC-E1-B07,남양주 다산,promise_date," 교통시설 완공 목표시점, 광역교통개선대책 원문, 서술어(예정/목표/추진) 원문 보존 + mode·line_name·scope 필수",남양주왕숙·고양창릉 신도시 교통대책 확정!,https://www.molit.go.kr/mta/USR/N0201/m_36770/dtl.jsp?lcmspage=2&id=95084988,C:\Users\parkd\new project\Transport-gap-audit\evidence\documents\남양주 다산\2020-12-29_남양주왕숙_고양창릉_신도시_교통대책_확정_.html,,,보도자료 본문; 저장 원문 문맥,"남양주왕숙·고양창릉 신도시 교통대책 확정! 도시철도, GTX 등으로 서울도심 30분대 접근 가능 3기 신도시 등 수도권 주택공급계획 차질 없이 추진 중 공공주택총괄과,공공택지기획과,광역교통정책과 게시일: 2020-12-29 09:24 조회수: 47596 국토교통부는 대도시권광역교통위원회 심의('20.12.4)를 거쳐 남양주왕숙(6만 6천호)과 고양창릉(3만 8천호)의 광역교통개선대책을 확정하였다. 광역교통개선대책은 신도시 조성 및 신규 교통대책 추진에 따른 교통량 변화 등에 대한 교통전문기관 용역, 한국교통연구원(KOTI) 검증, 지방자치단체 협의, 대광위 심의 등을 거쳐 확정되었다.",needs_human,MISSING_MODE_LINE_SCOPE,,원문 페이지와 인용을 사람이 확인 후 human_verified/rejected 확정,,원문 직접 확인
20,SRC-E1-C07,남양주 다산,actual_operation," 그 시설의 실제 운행 개시일, 운영기관 개통 안내, 공백일수 계산의 종료점",다산역 개통에 따른 버스노선 변경 알림,https://www.nyj.go.kr/www/selectBbsNttView.do?key=2481&bbsNo=62&nttNo=482937,C:\Users\parkd\new project\Transport-gap-audit\evidence\documents\남양주 다산\2024-07-03_다산역_개통에_따른_버스노선_변경_알림.html,,,공지 본문; 저장 원문 문맥,"_담당부서_ 버스노선팀 _작성일_ 2024-07-03 14:01:08 _조회수_ 8,658 다산역 개통대비 다산역 인근 버스노선을 붙임과 같이 원복 및 변경하고자 하니 버스이용에 참고하시기 바랍니다. ○ 5개노선（34번, 땡큐10번, 땡큐11번, 땡큐12번, 170번） ○ 노선변경예정일: 2024.07.13.（토） 첫차부터 변경 노선도（다산역）-홈페이지 게시용.pdf (pdf, 477.0KB) __다운로드 __미리보기",needs_human,PARAPHRASE,,원문 페이지와 인용을 사람이 확인 후 human_verified/rejected 확정,인용문:N,원문 직접 확인
20,SRC-H019,남양주 다산,occupancy_first_planned," 지구 최초 입주 ""예정"" 연도, 지구계획·사업계획 문서, 지연 측정용 기준선",경기도의회 제312회 임시회 회의록,https://kms.ggc.go.kr/cms/mntsViewer.do?mntsId=9247,C:\Users\parkd\new project\Transport-gap-audit\evidence\documents\남양주 다산\2016-07-18_경기도의회_제312회_임시회_회의록.html,,,다산신도시 현안보고; 저장 원문 문맥,"4,400여 세대와 5개 민간업체 4,100여 세대가 100% 분양 완료한 사업지구로 올 상반기에 광역도로 4개 노선과 조경공사를 착공하는 등 부지조성공사 공정률이 60% 수준으로 순조롭게 진행되고 있습니다. 특히 지난해부터 민간 건설업체의 성공적 분양을 지원하기 위하여 고객지원협의체를 구성ㆍ운영 중에 있습니다. 다음 8페이지입니다. 최초 주민입주 시기가 진건지구가 2018년 1월, 지금지구는 2018년 12월에 되어 있기 때문에 여기에 맞춰서 입주에 차질이 없도록 준비에 만전을 기하겠습니다. 다음은 동탄2신도시입니다. 동탄2신도시는 우리 공사와 LH가 20 대 80 지분으로 공동 추진하는 사업으로 우리 공사 구역은 3개 공구 중 2-2공구는 금년 말, 3-2공구는 내년 말에 사업 준공 예정입니다. 또한 5-2공구는 지난해 8월부터 대행개발을 시행 중에 있으며 공정률은 42%가 되겠습니다. 동탄2신도시 랜드마크로 건설 중인 호수공원 조성공사는 내년 6월 준공",needs_human,PARAPHRASE,,원문 페이지와 인용을 사람이 확인 후 human_verified/rejected 확정,인용문:TOO_SHORT,지구·하위지구별 최초입주 예정월을 명시; 문서시점(2016)이 사건시점(2018)보다 앞서 실제입주가 아닌 예정 기준선으로 재분류
20,SRC-H020,남양주 다산,occupancy_first_actual," 지구 첫 실제 입주일, 입주지정기간 개시일, 공백일수 계산의 시작점",다산신도시 입주지원 특별대책반 본격 가동,https://gnews.gg.go.kr/briefing/brief_gongbo_view.do?BS_CODE=S017&number=36361,C:\Users\parkd\new project\Transport-gap-audit\evidence\documents\남양주 다산\2018-02-12_다산신도시_입주지원_특별대책반_본격_가동.html,,,본문 첫 문장; 저장 원문 문맥,"* 카카오톡 공유 URL URL복사 * 프린트 올해부터 본격적인 입주가 시작되는 ‘남양주 다산신도시’의 조기 정착과 입주 초기 입주민의 불편사항 해소를 위해 경기도가 나섰다. 경기도는 올해 2월부터 유관기관들이 대거 참여할 입주지원 협력 거버넌스 ‘다산신도시 입주지원 특별대책반’을 구성, 본격 운영에 들어간다고 12일 밝혔다. 이번 ‘특별대책반’은 남양주시, 교육청, 경찰서, 소방서 등 공공행정기관과 사업시행자인 경기도시공사, 전기·가스·전력 통신 유관기관 등이",needs_human,PARAPHRASE,,원문 페이지와 인용을 사람이 확인 후 human_verified/rejected 확정,인용문:TOO_SHORT,입주가 실제 시작된 뒤의 경기도 공식 서술
20,SRC-H022,남양주 다산,promise_date," 교통시설 완공 목표시점, 광역교통개선대책 원문, 서술어(예정/목표/추진) 원문 보존 + mode·line_name·scope 필수",다산신도시 상업·주유소용지 공급공고,https://buy.gh.or.kr/land/svc/announce/land_announce_html.jsp?strFile=00586_201802271541281.jsp,C:\Users\parkd\new project\Transport-gap-audit\evidence\documents\남양주 다산\2018-02-27_다산신도시_상업_주유소용지_공급공고.html,,,공급공고 유의사항; 저장 원문 문맥,"○ 사업지구 내 집단에너지공급시설, 전기공급설비, 상수가압장, 가스정압시설, 배수지, 저류지 등이 위치하고 있습니다. ○ 남서측에 남양주시에서 운영하고 있는 도농 제2빗물펌프장이 위치하고 있으며 운영 중 소음, 진동 등의 영향이 있을 수 있습니다. ○ 지구 내 가스공급설비가 위치하고 있으며 운영 중 소음, 진동 등의 영향이 있을 수 있습니다. ○ 사업지구 내 지하철 8호선 연장(별내선) 노선이 예정되어 있으며, 2022년 준공 예정으로 공사 진행에 따른 소음ㆍ진동 등 영향이 있을 수 있습니다. ○ 조경계획 관련 : 공급대상 토지 주변으로 어린이공원, 체육공원, 근린공원, 경관녹지, 보행자전용도로 등이 조성 중이오니 위치를 확인하여 주시고, 공사별 간섭 사항 등을 확인하시기 바랍니다. ○ 남양주 다산지금지구 지구계획 승인 내용에 따라 지구계획 승인내용 및 관계기관 협의내용, 각종 제영향평가1) 협의내용을 준수 바랍니다. ○ 공사 착공 전 다산지금지구의 공사계획평면도 등 최종 승인내용(승인도서 등) 및 지하매설물(한전, 가스, 통신 등) 간섭사항을 확인하여 설계에 반영하여야 합니다.",needs_human,MANUAL_CONFIRM,,원문 페이지와 인용을 사람이 확인 후 human_verified/rejected 확정,인용문:TOO_SHORT,일정 정밀도가 낮아 약속 존재 확인용
20,SRC-H023,남양주 다산,actual_operation," 그 시설의 실제 운행 개시일, 운영기관 개통 안내, 공백일수 계산의 종료점","별내선 개통, 첫 열차 운행",https://gnews.gg.go.kr/briefing/brief_gongbo_view.do?BS_CODE=s017&number=62697&subject_Code=BO01,C:\Users\parkd\new project\Transport-gap-audit\evidence\documents\남양주 다산\2024-08-10_별내선_개통__첫_열차_운행.html,,C:\Users\parkd\Documents\Codex\2026-08-20\files-mentioned-by-the-user-30-2\evidence\originals\20260902\경기도， 별내선 개통. 남양주 별내에서 잠실까지 27분이면 간다. 김동연， “구리， 남양주. 경기동북부 주민들 교통 숨통 확 트일 것”.hwpx,본문; 저장 원문 문맥,"공유 URL URL복사 * 프린트 남양주시 별내역과 서울 암사역을 잇는 지하철 8호선 연장 별내선(암사~별내)이 공식 운행을 앞두고 9일 개통식과 시승식을 가졌다. 별내선은 별내역에서 10일 오전 5시 32분 첫차부터 운행을 시작한다. 남양주 별내에서 잠실까지 이동 시간을 기존 45분에서 27분으로 줄여 경기 동북부 주민들의 교통 여건이 대폭 개선될 전망이다. 9일 오후 2시 별내역에서 열린 개통식에는 김동연 경기도지사, 박상우 국토교통부장관, 오세훈 서울시장, 지역 국회의원, 주민 등이 참석했다. 김동연 경기도지사는 ""별내선은 경기도가 직접 건설하고 시행한 경기북부 최초의 지하철 사업이라는 점에서 아주 남다른 의미를 가지고 있다""면서",needs_human,PARAPHRASE,,원문 페이지와 인용을 사람이 확인 후 human_verified/rejected 확정,인용문:TOO_SHORT,다산역을 포함한 실제 영업운행 개시
20,SRC-H024,남양주 다산,actual_operation," 그 시설의 실제 운행 개시일, 운영기관 개통 안내, 공백일수 계산의 종료점","‘남양주~잠실 27분’, 8월 10일 별내선 개통",https://molit.go.kr/atmo/USR/N0201/m_36515/dtl.jsp?id=95090058&lcmspage=77,C:\Users\parkd\new project\Transport-gap-audit\evidence\documents\남양주 다산\2024-08-09__남양주_잠실_27분___8월_10일_별내선_개통.html,,C:\Users\parkd\Documents\Codex\2026-08-20\files-mentioned-by-the-user-30-2\evidence\originals\20260902\240809(조간)_남양주~잠실_27분__8월_10일_별내선_개통(광역시설정책과).hwpx,제목; 저장 원문 문맥,"공지사항 사업-입찰안내 \- 사업현황 \- 입찰안내 \- 사전규격공고 홍보자료실 보도자료 인사-채용 \- 인사발령 \- 직원채용정보 법령자료 \- 법률 \- 대통령령 \- 부령 \- 훈령/지침/고시 \- 입법예고 항공교통본부 동정 ### _보도자료_ '남양주~잠실 27분', 8월 10일 별내선 개통 혼잡관리 위해 예비열차 투입, 시내·마을버스 신설 등 연계교통체계 정비 천호·잠실·석촌·가락시장·별내역 등에 안전관리 인력 배치 국토부·경기도·서울시, 개통 하루 앞둔 9일 별내선 개통 기념식",needs_human,MANUAL_CONFIRM,,원문 페이지와 인용을 사람이 확인 후 human_verified/rejected 확정,인용문:TOO_SHORT,개통 전일 정부 확정 공지이며 H023이 실제 첫 열차를 보완
20,SRC-E2-B07,남양주 왕숙,promise_date," 교통시설 완공 목표시점, 광역교통개선대책 원문, 서술어(예정/목표/추진) 원문 보존 + mode·line_name·scope 필수",남양주왕숙·고양창릉 신도시 교통대책 확정!,https://www.molit.go.kr/mta/USR/N0201/m_36770/dtl.jsp?lcmspage=2&id=95084988,C:\Users\parkd\new project\Transport-gap-audit\evidence\documents\남양주 왕숙\2020-12-29_남양주왕숙_고양창릉_신도시_교통대책_확정_.html,,C:\Users\parkd\Documents\Codex\2026-08-20\files-mentioned-by-the-user-30-2\evidence\originals\20260902\201230(조간)남양주왕숙_고양창릉 신도시 교통대책 확정(공공택지기획과 광역교통정책과).hwp,보도자료 본문; 저장 원문 문맥,"도시철도, GTX 등으로 서울도심 30분대 접근 가능 3기 신도시 등 수도권 주택공급계획 차질 없이 추진 중 공공주택총괄과,공공택지기획과,광역교통정책과 게시일: 2020-12-29 09:24 조회수: 47596 국토교통부는 대도시권광역교통위원회 심의('20.12.4)를 거쳐 남양주왕숙(6만 6천호)과 고양창릉(3만 8천호)의 광역교통개선대책을 확정하였다. 광역교통개선대책은 신도시 조성 및 신규 교통대책 추진에 따른 교통량 변화 등에 대한 교통전문기관 용역, 한국교통연구원(KOTI) 검증, 지방자치단체 협의, 대광위 심의 등을 거쳐 확정되었다.",needs_human,PARAPHRASE,,원문 페이지와 인용을 사람이 확인 후 human_verified/rejected 확정,인용문:N,원문 직접 확인
20,SRC-F009,남양주 왕숙,promise_date," 교통시설 완공 목표시점, 광역교통개선대책 원문, 서술어(예정/목표/추진) 원문 보존 + mode·line_name·scope 필수",남양주왕숙·고양창릉 신도시 교통대책 확정,https://www.molit.go.kr/mta/USR/N0201/m_36770/dtl.jsp?id=95084988&lcmspage=1,C:\Users\parkd\new project\Transport-gap-audit\evidence\documents\남양주 왕숙\2020-12-29_남양주왕숙_고양창릉_신도시_교통대책_확정.html,,C:\Users\parkd\Documents\Codex\2026-08-20\files-mentioned-by-the-user-30-2\evidence\originals\20260902\201230(조간)남양주왕숙_고양창릉 신도시 교통대책 확정(공공택지기획과 광역교통정책과).hwp,남양주왕숙 대책; 저장 원문 문맥,"5월에 광역교통개선대책을 확정한 하남교산*과천은 도로사업 실시설계 착수 등 후속절차를 정상 진행 중으로 `21년부터 사업별 인허가 절차를 추진할 계획이며, 인천계양*부천대장 광역교통개선대책은 통합대책을 수립하여 대도시권광역교통위원회 심의(12.30)를 완료할 계획이다. [ 1. 남양주왕숙 광역교통개선대책 ] ◈ 서울 강동~하남~남양주 도시철도 등 18개 사업에 총 2조 3천억원 투입 남양주왕숙지구 광역교통개선대책의 대중교통 핵심사업은 남양주에서 서울 등 주요 도시권을 연결하는 서울 강동~하남~남양주 간 도시철도로 2028년까지 개통을 목표로 사업을 추진한다. 사업지구 내부로는 입주민의 철도이용 편의를 위해 경춘선 역사(GTX-B 정차) 및 경의중앙선 역사를 신설하며, 지역 전체로는, 별내선과",needs_human,PARAPHRASE,,원문 페이지와 인용을 사람이 확인 후 human_verified/rejected 확정,인용문:TOO_SHORT,확정 당시 목표일이며 최신 사업일정과 계속 대조해야 함
20,SRC-F011,남양주 왕숙,basic_service," 개통 후 서비스 수준(배차·첫차·막차), 시간표 시행일자가 event_date, 개통일 아님","진접선 개통, 남양주의 새로운 길이 열립니다",https://www.molit.go.kr/USR/NEWS/m_71/dtl.jsp?id=95086587&lcmspage=60,C:\Users\parkd\new project\Transport-gap-audit\evidence\documents\남양주 왕숙\2022-03-18_진접선_개통__남양주의_새로운_길이_열립니다.html,,,제목 및 본문; 저장 원문 문맥,"* 보도자료 ### _보도자료_ _프린트_ #### 진접선 개통, 남양주의 새로운 길이 열립니다. * 서울도시철도 4호선 진접선(당고개~진접) 14.9km 연장…3개역 신설 * 일 출퇴근 시간대 10~12분간격 운행·진접∼서울역 52분 소요 * **담당부서** 철도투자개발과",needs_human,PARAPHRASE,,원문 페이지와 인용을 사람이 확인 후 human_verified/rejected 확정,인용문:TOO_SHORT,왕숙 인접 기존 철도 기준선이며 왕숙 교통약속 이행 아님
20,SRC-F012,남양주 왕숙,basic_service," 개통 후 서비스 수준(배차·첫차·막차), 시간표 시행일자가 event_date, 개통일 아님","별내선 개통, 첫 열차 운행",https://gnews.gg.go.kr/briefing/brief_gongbo_view.do?BS_CODE=s017&number=62697&subject_Code=BO01,C:\Users\parkd\new project\Transport-gap-audit\evidence\documents\남양주 왕숙\2024-08-10_별내선_개통__첫_열차_운행.html,,C:\Users\parkd\Documents\Codex\2026-08-20\files-mentioned-by-the-user-30-2\evidence\originals\20260902\경기도， 별내선 개통. 남양주 별내에서 잠실까지 27분이면 간다. 김동연， “구리， 남양주. 경기동북부 주민들 교통 숨통 확 트일 것”.hwpx,본문; 저장 원문 문맥,"공유 URL URL복사 * 프린트 남양주시 별내역과 서울 암사역을 잇는 지하철 8호선 연장 별내선(암사~별내)이 공식 운행을 앞두고 9일 개통식과 시승식을 가졌다. 별내선은 별내역에서 10일 오전 5시 32분 첫차부터 운행을 시작한다. 남양주 별내에서 잠실까지 이동 시간을 기존 45분에서 27분으로 줄여 경기 동북부 주민들의 교통 여건이 대폭 개선될 전망이다. 9일 오후 2시 별내역에서 열린 개통식에는 김동연 경기도지사, 박상우 국토교통부장관, 오세훈 서울시장, 지역 국회의원, 주민 등이 참석했다. 김동연 경기도지사는 ""별내선은 경기도가 직접 건설하고 시행한 경기북부 최초의 지하철 사업이라는 점에서 아주 남다른 의미를 가지고 있다""면서",needs_human,PARAPHRASE,,원문 페이지와 인용을 사람이 확인 후 human_verified/rejected 확정,인용문:TOO_SHORT,왕숙 광역교통대책의 별내선 연장 약속과 구분되는 기존 본선 기준선
20,SRC-U001,남양주 왕숙,occupancy_planned_block," 블록별 입주예정일, 입주자모집공고, 정정 시 버전 관리",남양주왕숙지구 B-17블록 공공분양주택 입주자모집공고,https://apply.lh.or.kr/lhapply/lhFile.do?fileid=64513024,C:\Users\parkd\Documents\Codex\2026-08-20\files-mentioned-by-the-user-30-2\evidence\originals\20260902\(251127)남양주왕숙_B-17BL_공공분양_입주자모집공고문.pdf,,,p.4 공급대상 표; p.5 유의사항,"※ 입주 예정 시기는 ‘2028년 12월입니다. 건축공정 등 현장 여건에 따라 변동될 수 있으며, 정확한 입주 시기는 추후 개별 안내할 예정입니다.",needs_human,MANUAL_CONFIRM,,원문 페이지와 인용을 사람이 확인 후 human_verified/rejected 확정,,사용자 제공 신규 공식 PDF; A-1/A-2와 다른 블록이므로 별도 행
20,SRC-E2-B10,부천 대장,promise_date," 교통시설 완공 목표시점, 광역교통개선대책 원문, 서술어(예정/목표/추진) 원문 보존 + mode·line_name·scope 필수","3기 신도시, 패스트트랙·교통대책 조기 확정 등으로 신속 공급",http://www.molit.go.kr/mta/USR/N0201/m_36770/dtl.jsp?lcmspage=1&id=95085094,C:\Users\parkd\new project\Transport-gap-audit\evidence\documents\부천 대장\2021-01-24_3기_신도시__패스트트랙_교통대책_조기_확정_등으로_신속_공급.html,,,보도자료 본문; 저장 원문 문맥,"7월 인천계양을 시작으로 사전청약이 시행되며, 9~10월에는 남양주왕숙2 등, 11~12월에는 남양주왕숙, 하남교산, 고양창릉, 부천대장 등 수도권 공공택지에서 연말까지 3만호를 조기공급하고, 나머지 3.2만호는 '22년에 입주자를 모집할 계획이다. [ 2. 3기 신도시 광역교통개선대책 ] 대도시권광역교통위원회 심의('20.12.30)를 거쳐 인천계양(1만 7천호)과 부천대장(2만호)의 교통대책이 확정됨에 따라 3기 신도시 교통대책이 모두 확정되었다. 3기 신도시는 입주 시 교통불편을 최소화하기 위해 입지 발표부터 교통대책(안)을 마련했으며, 사업별 검증, 관계기관 협의 등을 신속히 추진해 기존 대비 평균 16개월* 이상 빨리 교통대책을 확정했다.",needs_human,PARAPHRASE,,원문 페이지와 인용을 사람이 확인 후 human_verified/rejected 확정,인용문:PARAPHRASE,원문 직접 확인
20,SRC-F029,부천 대장,actual_operation," 그 시설의 실제 운행 개시일, 운영기관 개통 안내, 공백일수 계산의 종료점",대곡~소사 복선전철 7월 1일 개통,https://www.molit.go.kr/USR/NEWS/m_72/dtl.jsp?id=95088517&lcmspage=5,C:\Users\parkd\new project\Transport-gap-audit\evidence\documents\부천 대장\2023-06-30_대곡_소사_복선전철_7월_1일_개통.html,,,제목; 저장 원문 문맥,"* 참고 · 설명자료 ### _참고 · 설명자료_ _프린트_ #### [참고] 대곡～소사 복선전철 7월 1일 개통 * 경기 서북부지역 종단 전철 연결로 교통 소외 해소 * 고양에서 부천간 이동시간이 67분에서 19분으로 48분 단축, 수도권 30분대 출？퇴근 교통망 조성 * **담당부서** 철도투자개발과",needs_human,PARAPHRASE,,원문 페이지와 인용을 사람이 확인 후 human_verified/rejected 확정,인용문:TOO_SHORT,"원종·부천종합운동장 기존 철도 기준선, 대장 S-BRT 이행 아님; 배차·첫차·막차 근거가 없어 basic_service에서 actual_operation으로 재분류"
20,SRC-F030,부천 대장,actual_operation," 그 시설의 실제 운행 개시일, 운영기관 개통 안내, 공백일수 계산의 종료점",소사-대곡선 사업현황,https://bucheon.go.kr/site/homepage/menu/viewMenu?menuid=148006006003003002,C:\Users\parkd\new project\Transport-gap-audit\evidence\documents\부천 대장\2025-11-03_소사-대곡선_사업현황.html,,,추진현황; 저장 원문 문맥,* **2021\. 6.** : 실시계획변경(7차) 고시(사업기간 ~2023.1.31.) * **2021\. 4분기** : 부천구간(소사~원종) 공정률 100% * **2023\. 1.** : 실시계획변경(9차) 고시(사업기간 ~2023.6.30.) * **2023\. 7. 1** : 전 구간 개통 **최종수정일 :** 2025-11-03 * **정보제공부서 :** 교통정책과 철도정책팀 * **전화번호 :** 032-625-3854,needs_human,PARAPHRASE,,원문 페이지와 인용을 사람이 확인 후 human_verified/rejected 확정,인용문:TOO_SHORT,"지자체 사후 현황이 실제개통일을 재확인, 대장지구 약속과 분리; 배차·첫차·막차 근거가 없어 basic_service에서 actual_operation으로 재분류"
20,SRC-E1-B06,위례,promise_date," 교통시설 완공 목표시점, 광역교통개선대책 원문, 서술어(예정/목표/추진) 원문 보존 + mode·line_name·scope 필수",위례신도시 광역교통 개선대책,https://www.songpa.go.kr/www/contents.do?key=3343&,C:\Users\parkd\new project\Transport-gap-audit\evidence\documents\위례\2022-10-11_위례신도시_광역교통_개선대책.html,,,페이지 본문; 저장 원문 문맥,"* 향후 송파지역은 위례신도시 건설로 인한 발생교통량 12만대와 주변 개발로 인한 22만대를 포함해 총34만대가 순증가되어 전체교통량의 약24%가 늘어나는 등 심각한 교통난을 예고하고 있다. * 특히 송파대로의 경우 외곽순환고속도로와 동부간선도로, 성남대로 등에서 유입되는 수도권동남부의 남북축 교통량이 이미 포화상태다. * 더구나 위례신도시 등 대규모 교통유발사업들이 완료되는 2020년경에는 송파대로와 올림픽로의 교통체증이 더욱 심화될 것이다. * 이에 따라 구는 국토교통부, LH(토지주택공사), 서울시 등 관계기관의 밀도 있는 협의를 통해 위례신도시 개발에 따른 교통혼잡을 완화시키기 위해 동남권유통단지, 문정도시개발지구, 거여마천뉴타운 등 주변 개발여건 등을 종합적으로 반영한 광역 교통개선대책을 2014.5월 최종 확정하였다. * 광역교통개선대책은 도로시설확충 10개 사업, 접속시설개선 4개 사업, 철도시설 3개 사업, 대중교통시설 사업으로 총 21개 사업에 사업비 3조7,648억원이 투입되며 이들 사업들이 정상적으로 완료될 경우 송파지역의 교통 정체는 크게 완화될 것으로 전망된다. #### 교통량 분산을 위한 도로신설 및 확장 * 남북축 간선도로인 송파대로로 유입되는 교통량을 최대한 분산시키기 위해 총10개 노선의 도로를 신설 또는 확장한다.",needs_human,PARAPHRASE,,원문 페이지와 인용을 사람이 확인 후 human_verified/rejected 확정,인용문:N,원문 직접 확인; promise_linkage는 파생 테이블로 분리하고 원문은 promise_date로 보존
20,SRC-E1-C05,위례,promise_date," 교통시설 완공 목표시점, 광역교통개선대책 원문, 서술어(예정/목표/추진) 원문 보존 + mode·line_name·scope 필수","대광위, 28일 위례선 도시철도사업 사업계획 승인·착공… 25년 개통",https://www.molit.go.kr/mta/USR/N0201/m_36770/dtl.jsp?lcmspage=1&id=95087500,C:\Users\parkd\new project\Transport-gap-audit\evidence\documents\위례\2022-11-28_대광위__28일_위례선_도시철도사업_사업계획_승인_착공__25년_개통.html,,C:\Users\parkd\Documents\Codex\2026-08-20\files-mentioned-by-the-user-30-2\evidence\originals\20260902\221128(석간)_위례신도시_노면전차_사업으로_교통이_편리해진다(광역시설정책과).hwpx,HWPX section0 본문,사업시행자인 서울특별시에서 ’22년 11월 사업을 본격 착공하여 ’25년 9월 개통할 예정이다.,needs_human,PARAPHRASE,,원문 페이지와 인용을 사람이 확인 후 human_verified/rejected 확정,인용문:N,원문 직접 확인
20,SRC-E1-C06,위례,promise_date," 교통시설 완공 목표시점, 광역교통개선대책 원문, 서술어(예정/목표/추진) 원문 보존 + mode·line_name·scope 필수","김용석 대광위원장, 위례신도시 광역교통개선대책 점검",https://www.molit.go.kr/USR/NEWS/dtl.jsp?lcmspage=15&id=95091747,C:\Users\parkd\new project\Transport-gap-audit\evidence\documents\위례\2026-02-26_김용석_대광위원장__위례신도시_광역교통개선대책_점검.html,,C:\Users\parkd\Documents\Codex\2026-08-20\files-mentioned-by-the-user-30-2\evidence\originals\20260902\260226(동정) 김용석 대광위원장 위례신도시 광역교통개선대책 점검(광역교통정책과).hwpx,HWPX section0 본문,"본선 시운전을 통해 안전성, 주행 성능 등을 종합 검증 중이며, 이를 토대로 올해 말 개통을 목표로 하고 있다.",needs_human,PARAPHRASE,,원문 페이지와 인용을 사람이 확인 후 human_verified/rejected 확정,인용문:N,URL fetch 실패. 내용는 검색결과 스니펫 기반
20,SRC-H013,위례,occupancy_first_actual," 지구 첫 실제 입주일, 입주지정기간 개시일, 공백일수 계산의 시작점",위례신도시 교통 현황과 개선 계획,https://mediahub.seoul.go.kr/archives/2015024,C:\Users\parkd\new project\Transport-gap-audit\evidence\documents\위례\2022_위례신도시_교통_현황과_개선_계획.html,,,본문 배경; 저장 원문 문맥,"알아두면 도움되는 교통상식 (296) 내년 개통 위례신도시 노면전차, 실차 모습 공개 위례신도시 건설 당시 모습 (C)송파구청 **위례신도시** 는 서울시 남동쪽에 지어진 대규모 주거단지다. 인접한 성남 분당이 90년대 지어진 1기 신도시였는데, 위례는 판교 등과 함께 21세기 들어 지어진 2기 신도시다. 첫 입주는 2013년 12월에 시작되었다. 위례신도시는 총 면적이 6.8km2이며(여의도 면적의 2.3배), 4.3만 세대에 10.7만 명 수용을 목표로 추진되었다. 목표 인구밀도는 158인/ha이다. 이는 작년 말 기준, 마포구나 은평구와 비슷한 수준이다. 위례신도시는 대규모 단지임에도 불구하고 도시 내부를 관통하는 철도가 없는 게 문제로 지적되어 왔다. 8호선이 있긴 한데 외곽 가장자리로",needs_human,MANUAL_CONFIRM,,원문 페이지와 인용을 사람이 확인 후 human_verified/rejected 확정,인용문:TOO_SHORT,서울시 공식 정책 콘텐츠의 지구 전체 최초입주 서술
20,SRC-H015,위례,promise_date," 교통시설 완공 목표시점, 광역교통개선대책 원문, 서술어(예정/목표/추진) 원문 보존 + mode·line_name·scope 필수","위례선 트램, 2026년 하반기 개통 목표",https://mediahub.seoul.go.kr/archives/2015526,C:\Users\parkd\new project\Transport-gap-audit\evidence\documents\위례\2025-09-05_위례선_트램__2026년_하반기_개통_목표.html,,,제목 및 사업일정; 저장 원문 문맥,"* 인쇄하기 새창열림 * 글자 크기 크게 변경하기 * 글자 크기 작게 변경하기 9월부터 약 한 달간 차량 성능, 안전성 검증…2026년 하반기 정식 개통 목표 트램 위례선 차량 모습 58년 만에 트램(노면전차)이 서울을 다시 달리게 된다. 서울시가 내년 하반기 개통을 목표로 9월 초부터 약 한 달간 한국철도기술연구원 오송시험선 구간에서 위례선(트램)에 대한 '예비주행시험'에 들어간다.",needs_human,PARAPHRASE,,원문 페이지와 인용을 사람이 확인 후 human_verified/rejected 확정,인용문:TOO_SHORT,"목표 표현을 그대로 보존해야 하며 실제 개통과 구분 | 2026년 하반기는 2026-12-31 대표값, half_year 정밀도 유지"
20,SRC-H016,위례,promise_date," 교통시설 완공 목표시점, 광역교통개선대책 원문, 서술어(예정/목표/추진) 원문 보존 + mode·line_name·scope 필수",위례선 트램 시운전 현장 점검,https://mayor.seoul.go.kr/oh/seoul/newsView.do?curPage=4&photoGallerySn=4287,C:\Users\parkd\new project\Transport-gap-audit\evidence\documents\위례\2026_위례선_트램_시운전_현장_점검.html,,,본문; 저장 원문 문맥,"* **카카오톡** * **블로그** 오세훈 서울시장이 58년 만에 다시 도입되는 전국 최초 무가선 노면전차 '위례선 트램' 건설 현장을 찾아 안전성과 연계성 등을 점검하고 12월 정상개통을 위해 서울시의 모든 행정력을 총동원하겠다고 밝혔다. 아울러 위례선트램 개통을 통해 '교통섬'으로 불리던 위례 지역 교통체계 업그레이드하고 지역 상권도 활성화하겠다고 강조했다. 오 시장은 27일(금) 오후 2시 반, 위례선 트램 공사 현장인 위례호수공원역과 장지천교 구간 주요 시설물과 차량 내부를 점검하고, 시민 안전 확보와 완벽한 개통을 위해 만전을 기해달라고 관계자들에게 주문했다.",needs_human,PARAPHRASE,,원문 페이지와 인용을 사람이 확인 후 human_verified/rejected 확정,인용문:TOO_SHORT,현행 목표 일정 후보이며 향후 실제 개통 공지로 대체 필요
20,SRC-H017,위례,actual_operation," 그 시설의 실제 운행 개시일, 운영기관 개통 안내, 공백일수 계산의 종료점",지하철 8호선 남위례역 18일 개통,https://mediahub.seoul.go.kr/archives/2003528,C:\Users\parkd\new project\Transport-gap-audit\evidence\documents\위례\2021-12-16_지하철_8호선_남위례역_18일_개통.html,,,본문; 저장 원문 문맥,* 인쇄하기 새창열림 * 글자 크기 크게 변경하기 * 글자 크기 작게 변경하기 8호선 남위례역이 18일 문 연다. 8호선 남위례역이 18일부터 새롭게 문을 연다. 남위례역 개통으로 위례신도시를 포함해 송파구*성남시 및 하남시 거주민들의 교통 편의가 크게 향상될 것으로 보인다. 남위례역은 4만 가구 이상의 대규모 인원이 밀집한 위례신도시의 광역교통개선대책 중 하나로 지어진 역이다. 위례신도시 택지개발사업자인,needs_human,PARAPHRASE,,원문 페이지와 인용을 사람이 확인 후 human_verified/rejected 확정,인용문:TOO_SHORT,위례를 직접 서비스하는 철도 실제개통
20,SRC-H018,위례,actual_operation," 그 시설의 실제 운행 개시일, 운영기관 개통 안내, 공백일수 계산의 종료점",하남시 똑버스 운행,https://www.hanam.go.kr/cleanh/cleanhBbsNttWebView.do?key=4348&nttNo=2245,C:\Users\parkd\new project\Transport-gap-audit\evidence\documents\위례\2023-09_하남시_똑버스_운행.html,,,교통 안내; 저장 원문 문맥,"• 맨발 걷기 시설 확충해 달라는 시민 요구 반영해 야자매트 둘레길 600m, 건식 황토산책길 200m 조성 • 단조롭던 산책로를 개선해, 야자매트 둘레길로 숲을 산책하고 건식 황토산책길 맨발 걷기로 건강 관리 가능 **똑똑하게 이용하는 하남시 똑버스 운행** • 시민이 원하는 시간과 장소에 찾아오는 수요응답형 버스 8월 30일 개통 • 감일동 3대, 위례동 3대 총 6대 매일 오전 6시 30분 부터 24시 30분까지 운행 • 감일 지역: 감일동 전역+서울시 올림픽공원역, 거여역, 마천역, 마천시장 승하차 위례 지역: 위례동 전역+서울시 장지역, 복정역, 거여역, 마천역 승하차",needs_human,PARAPHRASE,,원문 페이지와 인용을 사람이 확인 후 human_verified/rejected 확정,인용문:TOO_SHORT,위례 하남권역 실제 DRT 운행 개시
20,SRC-E2-A06,인천 계양,occupancy_planned_block," 블록별 입주예정일, 입주자모집공고, 정정 시 버전 관리",[정정공고]인천계양 A2블록 공공분양주택 입주자모집공고,https://apply.lh.or.kr/lhapply/lhFile.do?fileid=58985631,C:\Users\parkd\Documents\Codex\2026-08-20\files-mentioned-by-the-user-30-2\evidence\originals\20260902\(정정공고)인천계양A-2블록공공분양입주자모집공고문.pdf,,C:\Users\parkd\Documents\Codex\2026-08-20\files-mentioned-by-the-user-30-2\evidence\originals\20260902\(정정공고)인천계양A-2블록공공분양입주자모집공고문.pdf,p.4 공급대상 표(입주예정시기 ’26.12) 및 표 하단 유의사항,"※ 입주예정 시기는 공정에 따라 변동될 수 있으며, 정확한 입주 시기는 추후 개별 안내할 예정입니다.",needs_human,MANUAL_CONFIRM,,원문 페이지와 인용을 사람이 확인 후 human_verified/rejected 확정,인용문:N,원문 직접 확인
20,SRC-E2-B06,인천 계양,promise_date," 교통시설 완공 목표시점, 광역교통개선대책 원문, 서술어(예정/목표/추진) 원문 보존 + mode·line_name·scope 필수","3기 신도시, 패스트트랙·교통대책 조기 확정 등으로 신속 공급",http://www.molit.go.kr/mta/USR/N0201/m_36770/dtl.jsp?lcmspage=1&id=95085094,C:\Users\parkd\new project\Transport-gap-audit\evidence\documents\인천 계양\2021-01-24_3기_신도시__패스트트랙_교통대책_조기_확정_등으로_신속_공급.html,,,보도자료 본문; 저장 원문 문맥,"7월 인천계양을 시작으로 사전청약이 시행되며, 9~10월에는 남양주왕숙2 등, 11~12월에는 남양주왕숙, 하남교산, 고양창릉, 부천대장 등 수도권 공공택지에서 연말까지 3만호를 조기공급하고, 나머지 3.2만호는 '22년에 입주자를 모집할 계획이다. [ 2. 3기 신도시 광역교통개선대책 ] 대도시권광역교통위원회 심의('20.12.30)를 거쳐 인천계양(1만 7천호)과 부천대장(2만호)의 교통대책이 확정됨에 따라 3기 신도시 교통대책이 모두 확정되었다. 3기 신도시는 입주 시 교통불편을 최소화하기 위해 입지 발표부터 교통대책(안)을 마련했으며, 사업별 검증, 관계기관 협의 등을 신속히 추진해 기존 대비 평균 16개월* 이상 빨리 교통대책을 확정했다.",needs_human,PARAPHRASE,,원문 페이지와 인용을 사람이 확인 후 human_verified/rejected 확정,인용문:PARAPHRASE,원문 직접 확인
20,SRC-F001,인천 계양,occupancy_planned_block," 블록별 입주예정일, 입주자모집공고, 정정 시 버전 관리",인천계양 A2 공공분양주택 입주자모집공고,https://apply.lh.or.kr/lhapply/apply/wt/wrtanc/selectWrtancInfo.do?aisTpCd=05&ccrCnntSysDsCd=02&mi=1027&panId=0000060752&uppAisTpCd=05,C:\Users\parkd\new project\Transport-gap-audit\evidence\documents\인천 계양\2024-09-20_인천계양_A2_공공분양주택_입주자모집공고.html,,,공급정보 A2; 저장 원문 문맥,* 전용면적(㎡) : 59.84 ~ 84.89 * 총 세대수 : 747 * 난방방식 : * 입주예정일 : 2026년 12월 #### 단지 관련 이미지 정보 다운로드 버튼을 클릭하여 이미지 파일 다운로드가 가능합니다. 다운로드 __,needs_human,MANUAL_CONFIRM,,원문 페이지와 인용을 사람이 확인 후 human_verified/rejected 확정,인용문:TOO_SHORT,미래 예정일이며 실제 입주 시작 공지가 나오면 갱신
20,SRC-F005,인천 계양,basic_service," 개통 후 서비스 수준(배차·첫차·막차), 시간표 시행일자가 event_date, 개통일 아님",인천도시철도 1호선 검단연장선 개통,https://www.incheon.go.kr/mayor_8/MA040101/view?curPage=195&repSeq=DOM_0000000012620245,C:\Users\parkd\new project\Transport-gap-audit\evidence\documents\인천 계양\2025-06-28_인천도시철도_1호선_검단연장선_개통.html,,,본문; 저장 원문 문맥,"긍정적 변화를 공유하기 위해 마련됐다. 행사에는 유정복 인천광역시장을 비롯해 강희업 국토부 대광위원장, 모경종 국회의원, 인천시의원, 관련기관 관계자, 지역 시민대표 등 300여 명이 참석했으며, 식전공연, 유공자 표창, 기념사, 세레머니, 첫 운행 시승 등 다양한 프로그램이 진행됐다. 이번에 개통되는 구간은 인천도시철도1호선의 기존 종점인 계양역에서 아라역(101역), 신검단중앙역(102역), 검단호수공원역(103역)까지 총 6.825㎞로, 3개 정거장이 신설됐다. 2019년 12월 착공 이후 약 5년 만에 완공됐으며, 정식 운행은 6월 28일 첫차부터 시작된다. 유정복 시장은 기념사를 통해 “검단은 인천의 미래를 이끌 주요 성장거점으로, 이제 시민들은 더 빠르고 편리하게 도심과 연결되고, 아이들은 더 안전하게 통학할 수 있게 됐다”며, “이 모든 변화는 단순한 기반시설의 완성이 아니라, 시민의 일상을 연결하며 도시 전체의 균형 있는 성장을",needs_human,MANUAL_CONFIRM,,원문 페이지와 인용을 사람이 확인 후 human_verified/rejected 확정,인용문:TOO_SHORT,인접 기존축 기준선이며 계양 신도시 교통약속 이행으로 간주하지 않음
20,SRC-F006,인천 계양,basic_service," 개통 후 서비스 수준(배차·첫차·막차), 시간표 시행일자가 event_date, 개통일 아님",검단연장선 6월 28일 첫 운행,https://www.incheon.go.kr/IC010205/view?curPage=276&repSeq=DOM_0000000012563847,C:\Users\parkd\new project\Transport-gap-audit\evidence\documents\인천 계양\2025-06-16_검단연장선_6월_28일_첫_운행.html,,,제목 및 본문; 저장 원문 문맥,"* 주소복사 공유레이어닫기 인쇄 #### 인천시, 6월 27일 검단연장선 개통 기념행사 개최 … 28일 첫 운행 #### -신검단중앙역에서 시민과 함께하는 행사로 열려 개통 의미를 더할 계획- 담당부서 총무부 / 박근수 (032-451-2741)",needs_human,PARAPHRASE,,원문 페이지와 인용을 사람이 확인 후 human_verified/rejected 확정,인용문:TOO_SHORT,"F005의 사전 공식 공지, 계양지구 S-BRT와는 별개"
20,SRC-E2-A08,하남 교산,occupancy_planned_block," 블록별 입주예정일, 입주자모집공고, 정정 시 버전 관리",교산 푸르지오 더 퍼스트(하남교산 A-2BL)공공분양주택 입주자모집공고,https://apply.lh.or.kr/lhapply/apply/wt/wrtanc/selectWrtancInfo.do?aisTpCd=05&ccrCnntSysDsCd=02&mi=1027&panId=0000060855&uppAisTpCd=05,C:\Users\parkd\Documents\Codex\2026-08-20\files-mentioned-by-the-user-30-2\evidence\refetched\E2-A08.html,,,공고문 본문; 저장 원문 문맥,"2-1.개인정보수집이용및제3자제공동의서(사전청약당첨자용).hwp바로보기 2-2.개인정보수집이용및제3자제공동의서(본청약자용).hwp바로보기 한컴오피스 뷰어 Acrobat Reader DWG 뷰어 공급정보 하남교산 A2 소재지 : 경기도 하남시 천현동 130 전용면적(㎡) : 51.87 ~ 59.99 총 세대수 : 1,115 난방방식 : 지역난방 입주예정일 : 2029년 06월 단지 관련 이미지 정보 다운로드 버튼을 클릭하여 이미지 파일 다운로드가 가능합니다. 다운로드 상기 이미지는 소비자의 이해를 돕기 위해 제작된 것으로 실제와 다를 수 있습니다. 단지 관련 위치 정보 단지 특장점 단지 특장점 : 교통여건, 교육환경, 편의시설, 부대시설에 대한 정보를 제공합니다 교통여건 입주자모집 공고문 참고 교육환경 입주자모집 공고문 참고 편의시설 입주자모집 공고문 참고 부대시설 입주자모집 공고문 참고 주택형 안내(공공분양) 청약자격 사전확인 바로가기 정정공고 바로가기 취소공고 바로가기 주택형 안내 : 주택형, 전용면적(㎡), 세대수, 금회공급 세대수, 평균분양가격(원), 인터넷청약, 주택형안내에 대한 정보를 제공합니다 주택형 전용면적(㎡) 세대수 금회공급 세대수 평균분양가격(원) 인터넷청약 주택형안내 51.0000O 51.87 343 343 494,468,000 정정 상세보기 55.0000O 55.99 26 26 531,702,000 정정 상세보기",needs_human,PARAPHRASE,,원문 페이지와 인용을 사람이 확인 후 human_verified/rejected 확정,인용문:N,원문 직접 확인
20,SRC-E2-B08,하남 교산,promise_date," 교통시설 완공 목표시점, 광역교통개선대책 원문, 서술어(예정/목표/추진) 원문 보존 + mode·line_name·scope 필수","하남교산, 과천지구 광역교통개선대책 확정",https://www.xn--3-3u6ey6lv7rsa.kr/kor/CMS/Board/Board.do?mCode=MN024&page=3&mode=view&mgr_seq=12&board_seq=135,C:\Users\parkd\new project\Transport-gap-audit\evidence\documents\하남 교산\2020-05-21_하남교산__과천지구_광역교통개선대책_확정.html,,C:\Users\parkd\Documents\Codex\2026-08-20\files-mentioned-by-the-user-30-2\evidence\originals\20260902\200521(14시이후) 하남교산 신도시_과천지구 광역교통개선대책 확정(공공택지기획과).pdf,보도자료 본문; 저장 원문 문맥,"조회수 : 9061 하남교산, 과천지구 광역교통개선대책 확정 □국토교통부(장관 김현미)는 대도시권광역교통위원회(위원장 최기주) 심의('20.5.8)를 거쳐 하남교산 3기 신도시(3만 2천호)와 과천지구(7천호) 광역교통개선대책을 확정하였다. ㅇ 광역교통개선대책은 신도시 조성 및 신규 교통대책 추진에 따른 교통량 변화 등에 대한 교통전문기관 용역, 한국교통연구원(KOTI) 검증, 지방자치단체 협의, 위원회 심의 등을 거쳐 확정되었다. □ 3기 신도시 광역교통개선대책은 잠실*강남 등 서울 도심까지 30분내 출퇴근이 가능하도록",needs_human,PARAPHRASE,,원문 페이지와 인용을 사람이 확인 후 human_verified/rejected 확정,도메인:UNKNOWN; 인용문:N,원문 직접 확인
20,SRC-F013,하남 교산,occupancy_planned_block," 블록별 입주예정일, 입주자모집공고, 정정 시 버전 관리",교산 푸르지오 더 퍼스트 입주자모집공고,https://apply.lh.or.kr/lhapply/apply/wt/wrtanc/selectWrtancInfo.do?aisTpCd=05&ccrCnntSysDsCd=02&mi=1027&panId=0000060838&uppAisTpCd=05,C:\Users\parkd\new project\Transport-gap-audit\evidence\documents\하남 교산\2025-03-31_교산_푸르지오_더_퍼스트_입주자모집공고.html,,,공급정보 A2; 저장 원문 문맥,"* 전용면적(㎡) : 51.87 ~ 59.99 * 총 세대수 : 1,115 * 난방방식 : 지역난방 * 입주예정일 : 2029년 06월 #### 단지 관련 이미지 정보 다운로드 버튼을 클릭하여 이미지 파일 다운로드가 가능합니다. 다운로드 __",needs_human,MANUAL_CONFIRM,,원문 페이지와 인용을 사람이 확인 후 human_verified/rejected 확정,인용문:TOO_SHORT,원공고의 미래 예정일
20,SRC-F014,하남 교산,occupancy_planned_block," 블록별 입주예정일, 입주자모집공고, 정정 시 버전 관리",교산 푸르지오 더 퍼스트 정정공고,https://apply.lh.or.kr/lhapply/apply/wt/wrtanc/selectWrtancInfo.do?aisTpCd=05&ccrCnntSysDsCd=02&mi=1027&panId=0000060855&uppAisTpCd=05,C:\Users\parkd\new project\Transport-gap-audit\evidence\documents\하남 교산\2025-03-31_교산_푸르지오_더_퍼스트_정정공고.html,,,공급정보 A2; 저장 원문 문맥,"* 전용면적(㎡) : 51.87 ~ 59.99 * 총 세대수 : 1,115 * 난방방식 : 지역난방 * 입주예정일 : 2029년 06월 #### 단지 관련 이미지 정보 다운로드 버튼을 클릭하여 이미지 파일 다운로드가 가능합니다. 다운로드 __",needs_human,MANUAL_CONFIRM,,원문 페이지와 인용을 사람이 확인 후 human_verified/rejected 확정,인용문:TOO_SHORT,정정공고에서도 예정월이 유지됨을 확인
20,SRC-F015,하남 교산,promise_date," 교통시설 완공 목표시점, 광역교통개선대책 원문, 서술어(예정/목표/추진) 원문 보존 + mode·line_name·scope 필수",하남교산·과천 광역교통개선대책 확정,https://www.molit.go.kr/mta/USR/N0201/m_36770/dtl.jsp?id=95083918&lcmspage=88,C:\Users\parkd\new project\Transport-gap-audit\evidence\documents\하남 교산\2020-05-21_하남교산_과천_광역교통개선대책_확정.html,,C:\Users\parkd\Documents\Codex\2026-08-20\files-mentioned-by-the-user-30-2\evidence\originals\20260902\200521(14시이후) 하남교산 신도시_과천지구 광역교통개선대책 확정(공공택지기획과).pdf,하남교산 대책; 저장 원문 문맥,"구간의 교통혼잡이 개선될 것이다. 광역교통개선대책 확정 이후, 사업시행에 장기간 소요되는 도시철도는 5월 중 국토교통부, 서울시,경기도, 하남시, LH 등이 참여하는 관계기관 협의체를 구성하여 사업시행 및 운영 방식 등 세부사항을 조속히 논의하고, `21년 도시철도망 구축계획 승인, 실시계획착수 등을 거쳐 `23년 착공, `28년 준공을 목표로 사업을 추진할 계획이다. 현재 先 발주하여 진행 중인 동남로 연결도로 설계용역 이외 나머지 도로분야 개선대책도 '20년 상반기 중 관련용역을 발주하여 조속히 착수할 계획이다. 국토교통부 김승범 공공택지기획과장은 ""하남교산*과천과천 지구의 광역교통개선대책 확정을 시작으로, 나머지 4개 신도시(왕숙*계양*창릉*대장)도",needs_human,MANUAL_CONFIRM,,원문 페이지와 인용을 사람이 확인 후 human_verified/rejected 확정,인용문:TOO_SHORT,최초 확정 목표이며 현재 송파하남선 일정과 변경 여부를 추적해야 함
20,SRC-F017,하남 교산,basic_service," 개통 후 서비스 수준(배차·첫차·막차), 시간표 시행일자가 event_date, 개통일 아님",하남선 1단계 개통,https://www.hanam.go.kr/sosik/selectBbsNttView.do?bbsNo=1164&integrDeptCode=&key=10048&nttNo=210883&pageIndex=426&searchCnd=all&searchCtgry=&searchKrwd=&selectPageUnit=,C:\Users\parkd\new project\Transport-gap-audit\evidence\documents\하남 교산\2020-08-07_하남선_1단계_개통.html,,,본문; 저장 원문 문맥,"○ 7일 미사역 대합실에서 이재명 도지사, 김상호 시장, 시민 등 120여명 참석한 가운데 ‘하남시 지하철 시대 개막’ 축하 개통식 열어 김상호 하남시장은 “하남 5호선 개통은 서울과 경기, 원도심과 신도시, 사람과 일자리를 잇는 하남시의 꿈에 한걸음 다가서는 계기가 될 것”이라며 지하철 개통이 갖는 의미를 강조했다. 하남시는 개통을 하루 앞둔 7일, 경기도와 시 주관으로 지하철 시대의 개막을 축하하는 ‘하남선 1단계(미사역~하남풍산역) 개통식’을 미사역 대합실에서 개최했다고 밝혔다. 이날 행사는 코로나19로 인한 사회적 거리두기를 적용, 이재명 경기도지사, 김상호 시장, 주요인사 및 시민 등 120여명만 참석해 진행됐다. 행사는 동영상으로 사업경과 보고를 받은 후, 이 도지사의 기념사와 김 시장 등 주요인사의 축사, 홀로그램을 활용한 세리머니 순으로 진행됐다.",needs_human,PARAPHRASE,,원문 페이지와 인용을 사람이 확인 후 human_verified/rejected 확정,인용문:TOO_SHORT,"교산 입주 전 기존 하남선 기준선, 송파하남선 약속 이행 아님"
20,SRC-F018,하남 교산,basic_service," 개통 후 서비스 수준(배차·첫차·막차), 시간표 시행일자가 event_date, 개통일 아님",지하철 5호선 하남선 전 구간 개통,https://www.hanam.go.kr/sosik/selectBbsNttView.do?bbsNo=1164&integrDeptCode=&key=10048&nttNo=321801&pageIndex=258&searchCnd=all&searchCtgry=&searchKrwd=&selectPageUnit=,C:\Users\parkd\new project\Transport-gap-audit\evidence\documents\하남 교산\2021-03-26_지하철_5호선_하남선_전_구간_개통.html,,,본문; 저장 원문 문맥,"종합적으로 감안해 10대 뉴스로 최종 결정했다. 올 한 해 하남을 빛나게 한 주요 뉴스를 살펴본다. ① 지하철 5호선 전 구간 개통…‘지하철 시대’ 활짝 지하철 5호선 ‘하남선’ 2단계 구간인 ‘하남시청(덕풍·신장)역-하남검단산역’이 지난 3월 27일 오전 5시 30분 첫 운행을 시작했다. 이에 따라 2020년 8월 운영을 시작한 1단계 구간인 미사역-하남풍산역에 이어 지하철 5호선 ‘하남선’ 전 구간이 개통하게 됐다. ‘하남선’은 기존 5호선 종착역인 서울시 강동구 상일동역에서부터 강일역, 미사역, 하남풍산역, 하남시청(덕풍·신장)역, 하남검단산역까지 총 7.7㎞를 연결하는 노선이다. 지난 2015년 착공했으며, 총 사업비는 9,810억 원으로 이 가운데 시비는 833억이 투입됐다.",needs_human,PARAPHRASE,,원문 페이지와 인용을 사람이 확인 후 human_verified/rejected 확정,인용문:TOO_SHORT,하남 기존 철도망 기준선으로만 사용
20,SRC-U002,하남 교산,occupancy_planned_block," 블록별 입주예정일, 입주자모집공고, 정정 시 버전 관리",[정정 2025-04-24] 교산 푸르지오 더 퍼스트 공공분양주택 입주자모집공고,https://apply.lh.or.kr/lhapply/lhFile.do?fileid=61520164,C:\Users\parkd\Documents\Codex\2026-08-20\files-mentioned-by-the-user-30-2\evidence\originals\20260902\(정정)250424_교산푸르지오더퍼스트_입주자모집공고.pdf,,,p.5 공급대상 표,"입주예정 시기는 2029년 6월로 예정되어 있으나, 공정에 따라 변동될 수 있으며, 정확한 입주 시기는 추후 개별 안내할 예정입니다.",needs_human,MANUAL_CONFIRM,,원문 페이지와 인용을 사람이 확인 후 human_verified/rejected 확정,,기존 원공고·정정공고를 삭제하지 않고 최신 정정 버전으로 추가
20,SRC-E1-B09,하남 미사,promise_date," 교통시설 완공 목표시점, 광역교통개선대책 원문, 서술어(예정/목표/추진) 원문 보존 + mode·line_name·scope 필수","하남교산 신도시, 과천지구 광역교통개선대책 확정",https://www.molit.go.kr/LCMS/DWN.jsp?fold=koreaNews/mobile/file&fileName=200521%2814%EC%8B%9C%EC%9D%B4%ED%9B%84%29+%ED%95%98%EB%82%A8%EA%B5%90%EC%82%B0+%EC%8B%A0%EB%8F%84%EC%8B%9C_%EA%B3%BC%EC%B2%9C%EC%A7%80%EA%B5%AC+%EA%B4%91%EC%97%AD%EA%B5%90%ED%86%B5%EA%B0%9C%EC%84%A0%EB%8C%80%EC%B1%85+%ED%99%95%EC%A0%95%28%EA%B3%B5%EA%B3%B5%ED%83%9D%EC%A7%80%EA%B8%B0%ED%9A%8D%EA%B3%BC%29.pdf,C:\Users\parkd\Documents\Codex\2026-08-20\files-mentioned-by-the-user-30-2\evidence\refetched\E1-B09.pdf,,C:\Users\parkd\Documents\Codex\2026-08-20\files-mentioned-by-the-user-30-2\evidence\originals\20260902\200521(14시이후) 하남교산 신도시_과천지구 광역교통개선대책 확정(공공택지기획과).pdf,"첨부 1번, p.1","배포일시2020.5.21(목)/총6매(본문6)담당부서공공택지기획과담당자∙과장 김승범,사무관 하태아,주무관 유경석∙☎ (044)201-4505,4526,3356광역교통정책과∙과장 손덕환,사무관 김인규,주무관 양은혜∙☎ (044)201-5045,5056,5057보 도 일 시2020년 05월 22일(금) 조간부터 보도하여 주시기 바랍니다.※ 통신‧방송‧인터넷은 5월 21일(목) 14:00 이후 보도 가능하남교산 신도시, 과천지구 광역교통개선대책 확정- 지하철, 환승센터 등을 통해 서울 도심 30분대 접근 가능한 교통대책 완비 -□국토교통부(장관 김현미)는 대도시권광역교통위원회(위원장 최기주)심의(‘20.5.8)를 거쳐 하남교산 3기 신도시(3만 2천호)와 과천지구(7천호)광역교통개선대책을 확정하였다.ㅇ광역교통개선대책은 신도시 조성 및 신규 교통대책 추진에 따른 교통량변화 등에 대한 교통전문기관 용역,한국교통연구원(KOTI)검증,지방자치단체 협의,위원회 심의등을 거쳐 확정되었다.□3기 신도시 광역교통개선대책은잠실․강남 등 서울 도심까지 30분내 출퇴근이 가능하도록지하철 등 대중교통 투자를 확대하고,지구지정부터 대책확정까지 15개월 이상 소요되던 기간을대폭 단축하였다.사업추진 과정에서 시행착오를 최소화하기 위해 지방자치단체와 사업계획을 함께 수립하여 광역교통시설의 적기 준공을 도모하였다.ㅇ또한,지하철 개통 전 입주 초기에 입주민들의 교통 불편",needs_human,MISSING_MODE_LINE_SCOPE,,원문 페이지와 인용을 사람이 확인 후 human_verified/rejected 확정,파일형식불일치; 인용문:N,원문 PDF 첨부파일 존재 | 하남 교산 대책을 하남 미사의 직접 약속으로 사용하지 않음; pairable=False
20,SRC-E1-C09,하남 미사,actual_operation," 그 시설의 실제 운행 개시일, 운영기관 개통 안내, 공백일수 계산의 종료점","하남시, 미사순환 마을버스 노선 개통",https://www.hanam.go.kr/www/contents.do?key=5540,C:\Users\parkd\new project\Transport-gap-audit\evidence\documents\하남 미사\2023-09-18_하남시__미사순환_마을버스_노선_개통.html,,,공지 본문; 저장 원문 문맥,"하남시, 미사순환 마을버스 노선 개통 2023-09-18 2023년 9월 18일에 반시계방향순환 노선이 개통 미사순환 마을버스",needs_human,PARAPHRASE,,원문 페이지와 인용을 사람이 확인 후 human_verified/rejected 확정,인용문:N,원문 직접 확인
20,SRC-E1-C10,하남 미사,actual_operation," 그 시설의 실제 운행 개시일, 운영기관 개통 안내, 공백일수 계산의 종료점","8849번(하남-미사-김포,인천공항) 운행시간 정보",https://www.hanam.go.kr/www/contents.do?key=3262,C:\Users\parkd\new project\Transport-gap-audit\evidence\documents\하남 미사\2024-01-02_8849번_하남-미사-김포_인천공항__운행시간_정보.html,,,공지 본문; 저장 원문 문맥,"* 6200번(황산사거리-인천공항) * 5500번(감일문화공원- 인천공항) ### 공항버스 8849번 운행시간 안내 BRT환승센터에서 출발하여 김포공항, 인천공항(T1, T2)으로 운행되고 있는 8849번 운행시간 정보합니다. 강조 문 의 처 : BRT환승센터 031-8027-3911 [시행일자 : 2026년 4월 11일 (토)] 공항버스(8849번) 운행시간표 - 순,하남BRT,하남시청,하남시청역·덕풍시장,풍경채1단지·덕풍중학교,미사역,미사강변2차푸르지오·센트리버,김포공항,인천공항(T1),인천공항(T2), 비고순으로 정보 제공 **순번** | **하남BRT",needs_human,PARAPHRASE,,원문 페이지와 인용을 사람이 확인 후 human_verified/rejected 확정,인용문:N,원문 직접 확인
20,SRC-H025,하남 미사,occupancy_first_actual," 지구 첫 실제 입주일, 입주지정기간 개시일, 공백일수 계산의 시작점",LH 미사강변도시 첫 입주 시작,https://www.lh.or.kr/gallery.es?act=view&b_list=8&bid=0003&keyField=&list_no=7400&mid=a10502000000&nPage=420&orderby=&vlist_no_npage=672,C:\Users\parkd\new project\Transport-gap-audit\evidence\documents\하남 미사\2014-06-30_LH_미사강변도시_첫_입주_시작.html,,C:\Users\parkd\Documents\Codex\2026-08-20\files-mentioned-by-the-user-30-2\evidence\originals\20260902\140630_LH_미사강변도시_첫_입주_시작.hwp,제목; 저장 원문 문맥,* 링크 공유하기 공유하기 닫기 페이지 인쇄 ## LH 미사강변도시 첫 입주 시작 * **등록일** 2014-06-30 ... **첨부파일**,needs_human,MANUAL_CONFIRM,,원문 페이지와 인용을 사람이 확인 후 human_verified/rejected 확정,인용문:TOO_SHORT,LH가 지구 최초입주를 직접 표제화
20,SRC-H028,하남 미사,promise_date," 교통시설 완공 목표시점, 광역교통개선대책 원문, 서술어(예정/목표/추진) 원문 보존 + mode·line_name·scope 필수",하남선 1단계 개통일 관련 안내,https://www.hanam.go.kr/www/selectBbsNttView.do?bbsNo=944&key=3760&nttNo=115091,C:\Users\parkd\new project\Transport-gap-audit\evidence\documents\하남 미사\2020-06_하남선_1단계_개통일_관련_안내.html,,,현재 진행사항; 저장 원문 문맥,* ○ 2020.04.21. 국토부 대광위 주관 하남선 1단계 개통 관련 관계기관 공정회의 ※ 하남선 1단계 영업시운전 및 개통일 관련 논의 * ○ 2020.05.04. 하남선 복선전철(5호선 연장) 1단계 구간 개통예정일 지정 알림(하남시→국토부 등 관계기관) ※ 개통 예정일 : 2020.08.08.(토) **자세히보기 닫기◀◀** **[종합시험운행일정 ▶▶자세히보기]** **종합시험운행일정(예정)**,needs_human,MANUAL_CONFIRM,,원문 페이지와 인용을 사람이 확인 후 human_verified/rejected 확정,인용문:TOO_SHORT,영업시운전 단계의 공식 예정일
20,SRC-H029,하남 미사,actual_operation," 그 시설의 실제 운행 개시일, 운영기관 개통 안내, 공백일수 계산의 종료점",하남선 1단계 개통,https://www.hanam.go.kr/sosik/selectBbsNttView.do?bbsNo=1164&integrDeptCode=&key=10048&nttNo=210883&pageIndex=426&searchCnd=all&searchCtgry=&searchKrwd=&selectPageUnit=,C:\Users\parkd\new project\Transport-gap-audit\evidence\documents\하남 미사\2020-08-07_하남선_1단계_개통.html,,,본문; 저장 원문 문맥,"구간을 시승해 보는 시간을 가졌다. 하남선 1단계 구간은 5호선 종착역인 상일동역에서 미사역을 거쳐 하남풍산역까지 총 3개 정거장 4.7km를 오가는 전철노선으로, 지난 2015년 착공 후 5년 5개월 만에 개통을 맞게 됐다. 하남풍산역에서 8일 오전 5시 38분에 출발하는 첫 지하철을 시작으로 운영을 시작하며, 지하철 8량이 평일 출퇴근 시간은 10분, 그 외 시간과 주말 및 공휴일은 12~24분 간격으로 운행될 예정이다. 한편 하남선 2단계구간인 하남시청(덕풍ㆍ신장)역~하남검단산역은 올해 12월 개통을 목표로 마무리 공사가 진행 중이다. 본 저작물은 **""공공누리 제4유형 : 출처표시 + 상업적 이용금지 + 변경금지""** 조건에 따라 이용할 수 있습니다.",needs_human,MANUAL_CONFIRM,,원문 페이지와 인용을 사람이 확인 후 human_verified/rejected 확정,인용문:TOO_SHORT,미사역 포함 실제 영업운행 개시
20,SRC-H030,하남 미사,actual_operation," 그 시설의 실제 운행 개시일, 운영기관 개통 안내, 공백일수 계산의 종료점",지하철 5호선 하남선 전 구간 개통,https://www.hanam.go.kr/sosik/selectBbsNttView.do?bbsNo=1164&integrDeptCode=&key=10048&nttNo=321801&pageIndex=258&searchCnd=all&searchCtgry=&searchKrwd=&selectPageUnit=,C:\Users\parkd\new project\Transport-gap-audit\evidence\documents\하남 미사\2021-03-26_지하철_5호선_하남선_전_구간_개통.html,,,본문; 저장 원문 문맥,"종합적으로 감안해 10대 뉴스로 최종 결정했다. 올 한 해 하남을 빛나게 한 주요 뉴스를 살펴본다. ① 지하철 5호선 전 구간 개통…‘지하철 시대’ 활짝 지하철 5호선 ‘하남선’ 2단계 구간인 ‘하남시청(덕풍·신장)역-하남검단산역’이 지난 3월 27일 오전 5시 30분 첫 운행을 시작했다. 이에 따라 2020년 8월 운영을 시작한 1단계 구간인 미사역-하남풍산역에 이어 지하철 5호선 ‘하남선’ 전 구간이 개통하게 됐다. ‘하남선’은 기존 5호선 종착역인 서울시 강동구 상일동역에서부터 강일역, 미사역, 하남풍산역, 하남시청(덕풍·신장)역, 하남검단산역까지 총 7.7㎞를 연결하는 노선이다. 지난 2015년 착공했으며, 총 사업비는 9,810억 원으로 이 가운데 시비는 833억이 투입됐다.",needs_human,PARAPHRASE,,원문 페이지와 인용을 사람이 확인 후 human_verified/rejected 확정,인용문:TOO_SHORT,2단계 개통으로 하남선 전 구간 영업 개시
20,SRC-E1-B01,화성 동탄2,promise_date," 교통시설 완공 목표시점, 광역교통개선대책 원문, 서술어(예정/목표/추진) 원문 보존 + mode·line_name·scope 필수",「수원호매실·화성동탄2 광역교통 특별대책」 발표,https://www.molit.go.kr/LCMS/DWN.jsp?fold=koreaNews/mobile/file&fileName=221026%28%EC%84%9D%EA%B0%84%29_%EC%88%98%EC%9B%90_%ED%98%B8%EB%A7%A4%EC%8B%A4_%ED%99%94%EC%84%B1_%EB%8F%99%ED%83%842_%EA%B4%91%EC%97%AD%EA%B5%90%ED%86%B5%ED%8A%B9%EB%B3%84%EB%8C%80%EC%B1%85_%EB%B0%9C%ED%91%9C%28%EA%B4%91%EC%97%AD%EA%B5%90%ED%86%B5%EC%A0%95%EC%B1%85%EA%B3%BC%29.pdf,C:\Users\parkd\Documents\Codex\2026-08-20\files-mentioned-by-the-user-30-2\evidence\refetched\E1-B01.pdf,,C:\Users\parkd\Documents\Codex\2026-08-20\files-mentioned-by-the-user-30-2\evidence\originals\20260902\221026(석간)_수원_호매실_화성_동탄2_광역교통특별대책_발표(광역교통정책과).hwpx,"첨부 1번, p.1",「수원호매실·화성동탄2 광역교통 특별대책」 발표 2023년 상반기 2023년 상반기까지 서울 방면 광역버스 4개 노선 9대를 증차 동탄 서울방면 광역버스,needs_human,PARAPHRASE,,원문 페이지와 인용을 사람이 확인 후 human_verified/rejected 확정,파일형식불일치; 인용문:N,원문 PDF 첨부파일 존재
20,SRC-H001,화성 동탄2,occupancy_first_actual," 지구 첫 실제 입주일, 입주지정기간 개시일, 공백일수 계산의 시작점","LH 수도권 최대 신도시 동탄(2)지구, 첫 입주 시작",https://www.lh.or.kr/gallery.es?act=view&b_list=8&bid=0003&keyField=&list_no=7977&mid=a10502000000&nPage=342&orderby=&vlist_no_npage=547,C:\Users\parkd\new project\Transport-gap-audit\evidence\documents\화성 동탄2\2015-01-23_LH_수도권_최대_신도시_동탄_2_지구__첫_입주_시작.html,,C:\Users\parkd\Documents\Codex\2026-08-20\files-mentioned-by-the-user-30-2\evidence\originals\20260902\20150123_ 동탄2신도시 첫 입주.hwp,제목; 저장 원문 문맥,"* 링크 공유하기 공유하기 닫기 페이지 인쇄 ## LH 수도권 최대 신도시 동탄(2)지구, 첫 입주 시작 * **등록일** 2015-01-23 .. **첨부파일**",needs_human,MANUAL_CONFIRM,,원문 페이지와 인용을 사람이 확인 후 human_verified/rejected 확정,인용문:TOO_SHORT,실제 최초입주를 직접 표제화한 LH 보도자료
20,SRC-H002,화성 동탄2,occupancy_first_planned," 지구 최초 입주 ""예정"" 연도, 지구계획·사업계획 문서, 지연 측정용 기준선",동탄(2)신도시 개발계획 확정,https://www.molit.go.kr/USR/NEWS/m_18578/dtl.jsp?id=155208949&lcmspage=157,C:\Users\parkd\new project\Transport-gap-audit\evidence\documents\화성 동탄2\2007-05-11_동탄_2_신도시_개발계획_확정.html,,,본문 입주계획; 저장 원문 문맥,"또한, 광역 녹지축을 보전하면서 풍부한 수변공간을 최대한 활용하고 전원형 주거단지와 교육과 커뮤니티 공간이 통합된 주거단지를 함께 개발하여 기존의 택지지구와는 차별화된 품격 높은 주거단지의 새로운 모델을 제시하게 될 것입니다. ******▶**** 동탄2 신도시 추진일정****-2010년 분양, 2012년 입주** 앞으로의 동탄 2지구 신도시 추진일정을 말씀 드리면, 내년 2월까지 구체적인 유형별·규모별 주택공급계획과 광역교통대책의 내용을 담는 개발계획을 수립하고, 이후 토지보상·실시계획 수립 등의 절차를 거쳐 첫 주택분양은 오는 2010년 2월에, 최초 입주는 2012년 9월 이전에 이루어지도록 할 계획입니다. 특히 '先 교통대책 - 後 입주'의 원칙하에 분당 등 기존 신도시 이상의 수준으로 직통고속도로·전철 등 광역교통망을 입주 이전에 완벽하게 갖추도록 하여 경부축의 혼잡을 예방하고 수도권내 주요 거점과의 상호 접근성이 뛰어난 중핵도시로서의 기능이 확보되도록 할 계획입니다.",needs_human,MANUAL_CONFIRM,,원문 페이지와 인용을 사람이 확인 후 human_verified/rejected 확정,인용문:TOO_SHORT,초기 계획시점 후보이며 실제 최초입주는 H001로 재확인
20,SRC-H003,화성 동탄2,promise_date," 교통시설 완공 목표시점, 광역교통개선대책 원문, 서술어(예정/목표/추진) 원문 보존 + mode·line_name·scope 필수",수원호매실·화성동탄2 광역교통 특별대책,https://www.molit.go.kr/mta/USR/N0201/m_36770/dtl.jsp?id=95087345&lcmspage=5,C:\Users\parkd\new project\Transport-gap-audit\evidence\documents\화성 동탄2\2022-10-26_수원호매실_화성동탄2_광역교통_특별대책.html,,C:\Users\parkd\Documents\Codex\2026-08-20\files-mentioned-by-the-user-30-2\evidence\originals\20260902\221026(석간)_수원_호매실_화성_동탄2_광역교통특별대책_발표(광역교통정책과).hwpx,화성동탄2 대책; 저장 원문 문맥,"2\. 화성동탄2 광역교통 특별대책 GTX-A(삼성~동탄2), 동탄도시철도(트램) 등 주요 교통시설이 제공*되기까지 서울 및 인근 철도역 등으로의 편리한 이동을 위하여 대중교통 수단을 중점적으로 투입할 계획이다. * (GTX-A) '24.上 수서~동탄 구간 부분 개통 예정, (동탄트램) '27.12월 개통 예정 우선, 강남*서울*잠실 등 서울 방면 광역버스 확대를 통해 안정적인 운행(출*퇴근시간, 낮*주말)을 지원하고 이용 편의를 개선한다. 전일 운행하는 정규버스 9대 추가 투입, 출퇴근 전세버스 19회 증회 운행, 2층 전기버스 12대 도입 등 공급물량을 대폭 확대하고, 준공영제 노선으로 단계적 전환을 통해 안정적인 서비스 제공을 지원한다.",needs_human,MANUAL_CONFIRM,,원문 페이지와 인용을 사람이 확인 후 human_verified/rejected 확정,인용문:TOO_SHORT,대책 확정 문서이며 개별 사업별 변경 가능성은 별도 추적 필요
20,SRC-H005,화성 동탄2,actual_operation," 그 시설의 실제 운행 개시일, 운영기관 개통 안내, 공백일수 계산의 종료점",GTX-A 수서~동탄 구간 3월 30일 개통,https://www.molit.go.kr/USR/NEWS/m_72/dtl.jsp?id=95089607&lcmspage=2,C:\Users\parkd\new project\Transport-gap-audit\evidence\documents\화성 동탄2\2024-03-29_GTX-A_수서_동탄_구간_3월_30일_개통.html,,,제목 및 운행개시 안내; 저장 원문 문맥,"* **담당부서** 수도권광역급행철도과 * **등록일** 2024-03-29 13:06 * **조회수** 5285 * **첨부파일** 240329(참고)_GTX-A_수서~동탄_3월_30일_개통(수도권광역급행철도과).hwpx (20210Kbyte) 바로보기 __ 240329(참고)_GTX-A_수서~동탄_3월_30일_개통(수도권광역급행철도과).pdf (3762Kbyte) 바로보기 _목록_ * 국토교통부와 관련된 각종 언론에 대한 반박자료입니다. * 국토교통부 참고 · 해명자료 저작물은 ""공공누리""의 공공저작물 자유이용허락 표시제도에 따라 누구나 이용할 수 있습니다.",needs_human,PARAPHRASE,,원문 페이지와 인용을 사람이 확인 후 human_verified/rejected 확정,인용문:TOO_SHORT,동탄역을 직접 포함하는 실제 영업운행 개시
20,SRC-H006,화성 동탄2,actual_operation," 그 시설의 실제 운행 개시일, 운영기관 개통 안내, 공백일수 계산의 종료점",“Start SRT” 기대 속 첫 출발,https://www.srail.or.kr/cms/article/view.do?pageId=KR0502000000&postNo=56,C:\Users\parkd\new project\Transport-gap-audit\evidence\documents\화성 동탄2\2016-12-09__Start_SRT__기대_속_첫_출발.html,,,본문; 저장 원문 문맥,"SR 소식 게시글 - “Start SRT” 기대 속 첫 출발의 배포일자, 내용 제공표 “Start SRT” 기대 속 첫 출발 --- 배포일자 | 2016-12-09 **오전 9일 5시10분 수서역 첫 열차 출발 … 첫 고객은 19세 예비 대학생** 고속열차 SRT가 9일(금) 오전 5시10분 목포행 651열차를 시작으로 본격적인 운행에 들어갔다. 수서역을 출발한 SRT 651열차는 오송, 익산을 거쳐 2시간 14분만인 7시24분 목포역에 정시 도착했다. 이날 첫 고객인 정해찬씨(19세, 학생)는 ""SRT 첫 열차의 첫 번째 고객이 되고 싶어 밤잠을 설치며 예매했다""며, ""새로운 고속철도의 첫 고객이 되기 위해 노력한 만큼 SR도 고객이 원하는 서비스를 제공하기 위해 최선을 다해달라""며 여행길에 올랐다. 첫",needs_human,PARAPHRASE,,원문 페이지와 인용을 사람이 확인 후 human_verified/rejected 확정,인용문:TOO_SHORT,본문이 동탄역의 첫 운행 축하행사를 명시
90,SRC-E2-C09,고양 창릉,occupancy_planned_block," 블록별 입주예정일, 입주자모집공고, 정정 시 버전 관리","LH, 고양창릉 S-3·S-4블록 2천306가구 입주자 모집(종합)",LH 공고 URL 필요,,,,기사 본문,"8월 중 당첨자를 발표하며, 입주는 2029년 하반기 예정이다. 자세한 내용은 LH 청약플러스에 게시되는 입주자 모집공고문에서 확인할 수 있다.",rejected,QUARANTINED,version_not_assigned,거부 근거 보존,비원문/URL불량,단서기사: https://v.daum.net/v/pu43OeCEYO?f=p. 원문 LH 공고 URL 은 A09 에서 확인済み | 입주예정 기사이므로 actual_operation에서 occupancy_planned_block으로 재분류
90,SRC-E1-A04,김포 한강,occupancy_planned_block," 블록별 입주예정일, 입주자모집공고, 정정 시 버전 관리",김포한강 Ac-05블록 10년 공공임대주택(리츠) 예비입주자 모집공고,https://zippoom.com/%EB%B8%94%EB%A1%9C%EA%B7%B8/%EA%B9%80%ED%8F%AC%ED%95%9C%EA%B0%95-Ac-05%EB%B8%94%EB%A1%9D-10%EB%85%84-%EA%B3%B5%EA%B3%B5%EC%9E%84%EB%8C%80%EC%A3%BC%ED%83%9D(%EB%A6%AC%EC%B8%A0,,,,공고문 요약,김포한강 Ac-05블록 10년 공공임대주택(리츠) 예비입주자 모집공고. 입주예정월 2020년 06월.,rejected,QUARANTINED,block_or_planned_date_missing;version_not_assigned,거부 근거 보존,비원문/URL불량,원문 LH 공고 URL 필요. 현재는 블로그 요약
90,SRC-E1-C04,김포 한강,actual_operation," 그 시설의 실제 운행 개시일, 운영기관 개통 안내, 공백일수 계산의 종료점",화성 동탄신도시∼김포공항 버스 노선 내달 1일부터 운행,화성시 공지 URL 필요,,,,기사 본문,(화성=연합뉴스) 최해민 기자 = 경기 화성 동탄신도시에서 김포공항을 연결하는 8840번 공항버스가 내달 1일 운행을 시작한다.,rejected,QUARANTINED,operation_mode_or_line_missing,거부 근거 보존,비원문/URL불량,단서기사: https://www.yna.co.kr/view/AKR20230131105400061. 원문 화성시 공지 URL 미확인; 단서기사: 로컬 PDF(연합뉴스); 공식 화성시/운영기관 원문 URL 미확보로 거부 유지; 단서기사: 로컬 PDF(연합뉴스); 공식 화성시/운영기관 원문 URL 미확보로 거부 유지
90,SRC-E1-A08,남양주 다산,occupancy_planned_block," 블록별 입주예정일, 입주자모집공고, 정정 시 버전 관리",남양주 다산역 A2 경기행복주택 입주자모집,https://blog.naver.com/wise8949/221417570455,,,C:\Users\parkd\Documents\Codex\2026-08-20\files-mentioned-by-the-user-30-2\evidence\originals\20260902\＇25년 상반기 경기행복주택 예비입주자 추가모집 공고.pdf,블로그 요약,"전용면적 24㎡ 123가구, 전용면적 33㎡ 65가구, 전용면적 36㎡ 586가구, 전용면적 44㎡ 20가구이며 794가구를 모집합니다.",rejected,QUARANTINED,version_not_assigned,거부 근거 보존,비원문/URL불량,원문 LH 공고 URL 필요. 현재는 블로그 요약; 2025 추가모집 PDF는 다산역A2 입주시기를 '별도안내'로만 표기하여 event_date 증거로 사용하지 않음
90,SRC-E1-B08,남양주 다산,promise_date," 교통시설 완공 목표시점, 광역교통개선대책 원문, 서술어(예정/목표/추진) 원문 보존 + mode·line_name·scope 필수","8월 별내선 개통, 버스 18개 노선 · 34대 증차 … 수도권 동부지역 출퇴근 30분 시대",https://blog.naver.com/mltmkr/223516805632,,,,보도자료 본문,"국토교통부 대도시권광역교통위원회는 """"출퇴근 30분 시대"""" 실현을 위한 수도권 동부지역 교통편의 제고 방안을 발표했다. 다산역 9개 노선 변경 및 16대를 증차한다.",rejected,MISSING_MODE_LINE_SCOPE,promise_line_name_missing,거부 근거 보존,비원문/URL불량,원문 블로그 요약. PDF 원문: 240719(조간)수도권동부지역_출퇴근_30분시대실현_4.4조원규모의철도·도로사업본격추진(광역교통정책과).pdf
90,SRC-E1-C08,남양주 다산,actual_operation," 그 시설의 실제 운행 개시일, 운영기관 개통 안내, 공백일수 계산의 종료점",남양주시 땡큐버스 노선체계 개선…공약이행,https://m.ekn.kr/view.php?key=20221229010006452,,,,기사 본문,"남양주시가 내년 1월 1일부터 땡큐 10번, 땡큐 11번, 땡큐 12번, 땡큐 58-3번 등 땡큐버스 4개 노선을 대상으로 경로 변경을 추진한다.",rejected,QUARANTINED,operation_mode_or_line_missing,거부 근거 보존,비원문/URL불량,단서기사: 에너지경제신문. 원문 남양주시 공지 URL 필요
90,SRC-E2-C07,남양주 왕숙,occupancy_planned_block," 블록별 입주예정일, 입주자모집공고, 정정 시 버전 관리",3기 신도시 남양주 왕숙 A1·A2블록 8월4일부터 청약 접수,LH 공고 URL 필요,,,,기사 본문,"청약접수는 오는 8월 4일 시작한다. 당첨자 발표와 계약체결은 순차로 진행된다. 입주는 2028년 8월로 예정되어 있다. 국토부는 """"해당 블록 분양가는 인근 시세 대비 1억 낮아질 것으로 예상된다""""고 밝혔다.",rejected,QUARANTINED,version_not_assigned,거부 근거 보존,비원문/URL불량,단서기사: https://www.hani.co.kr/arti/economy/property/1209649.html. 원문 LH 공고 URL 은 A07 에서 확인済み | 입주예정 기사이므로 actual_operation에서 occupancy_planned_block으로 재분류
90,SRC-E2-C10,부천 대장,occupancy_planned_block," 블록별 입주예정일, 입주자모집공고, 정정 시 버전 관리",LH 인천계양 A2블록 입주자 모집,LH 공고 URL 필요,,,,기사 본문,"입주 예정 시기는 3기 신도시 중 가장 빠른 2026년 12월이며, 정확한 입주 시기는 향후 개별 안내할 예정이다. 평균 공급가격은 59㎡ 4억 1천만 원, 74㎡ 5억 968만 원, 84㎡ 5억 7,827만 원이다.",rejected,QUARANTINED,version_not_assigned,거부 근거 보존,개발지 불일치: 부천 대장 행에 인천 계양 입주기사 사용,단서기사: https://www.kihoilbo.co.kr/news/articleView.html?idxno=1112425. 원문 LH 공고 URL 은 A06 에서 확인済み | 입주예정 기사이므로 actual_operation에서 occupancy_planned_block으로 재분류
90,SRC-E1-B05,위례,promise_date," 교통시설 완공 목표시점, 광역교통개선대책 원문, 서술어(예정/목표/추진) 원문 보존 + mode·line_name·scope 필수","국토부, 위례신도시 광역교통대책 확정",https://www.yna.co.kr/view/AKR20140515134000003,,,,보도자료 본문,국토교통부는 위례신사선과 위례선 건설 계획 등을 포함한 '위례신도시 광역교통개선대책 변경안'을 확정했다고 15일 밝혔다. 국토부는 2008년 위례신도시 광역교통개선대책을 확정했다가 이를 변경한 것이라고 설명했다.,rejected,MISSING_MODE_LINE_SCOPE,promise_mode_missing;promise_line_name_missing,거부 근거 보존,비원문/URL불량,단서기사: 연합뉴스. 원문 국토부 보도자료 URL 필요
90,SRC-E2-C08,하남 교산,occupancy_planned_block," 블록별 입주예정일, 입주자모집공고, 정정 시 버전 관리","LH, 하남교산 첫 공공분양주택 1115가구 공급",LH 공고 URL 필요,,,,기사 본문,"공급일정은 ▲청약접수(사전청약자(4월 29~30일), 특별공급(5월 7일), 일반공급(5월 8~9일)) ▲당첨자 발표(5월 23일) ▲계약체결은 7월예정이며, 입주는 2029년 6월 예정이다.",rejected,QUARANTINED,block_or_planned_date_missing;version_not_assigned,거부 근거 보존,비원문/URL불량,단서기사: https://www.newsis.com/view/NISX20250331_0003120384. 원문 LH 공고 URL 은 A08 에서 확인済み | 입주예정 기사이므로 actual_operation에서 occupancy_planned_block으로 재분류
90,SRC-E1-A10,하남 미사,occupancy_planned_block," 블록별 입주예정일, 입주자모집공고, 정정 시 버전 관리","미사강변도시 A24, A25블록 10년 공공임대주택리츠 입주자 모집",https://m.cafe.daum.net/apt3456/QdJA/3363,,,,공고문 본문,"이 주택의 입주자모집공고일은 2016.7.1(금)이며, 이는 청약자격의 판단기준일입니다. 공급위치 : 경기도 하남시 망월동, 풍산동, 선동, 덕풍동 일원 하남미사지구 내 A24, A25블록.",rejected,QUARANTINED,version_not_assigned,거부 근거 보존,비원문/URL불량,원문 직접 확인
90,SRC-E1-B10,하남 미사,promise_date," 교통시설 완공 목표시점, 광역교통개선대책 원문, 서술어(예정/목표/추진) 원문 보존 + mode·line_name·scope 필수","하남미사지구 광역교통개선대책 변경, 확정된 바 없어",https://www.korea.kr/briefing/policyBriefingView.do?newsId=148775695,C:\Users\parkd\new project\Transport-gap-audit\evidence\documents\하남 미사\2014-03-19_하남미사지구_광역교통개선대책_변경__확정된_바_없어.html,,,보도자료 본문; 저장 원문 문맥,"* 최대크게 __글자크기 설정 닫기 _인쇄하기_ 목록 국토교통부는 하남미사지구 광역교통개선대책 변경은 현재까지 방침이 확정된 바 없으며 전문가의 충분한 검토를 거쳐 결정할 계획이라고 밝혔다. 국토부는 18일 연합뉴스가 보도한 ""국토부, 천호대로 지하차도 취소 방침…경기도 반발"" 제하 기사에 대해 이 같이 해명했다. 기사는 서울시 요구대로 계획이 변경되면 하남미사지구 주민의 심각한 교통불편이 우려된다고 보도했다. 문의: 국토교통부 공공주택개발과 044-201-4540",rejected,MISSING_MODE_LINE_SCOPE,promise_mode_missing;promise_line_name_missing,거부 근거 보존,completion_target_absent,원문 직접 확인; 회의/해명 시점일 뿐 교통시설 완공·개통 목표일이 아님
90,SRC-E1-B02,화성 동탄2,promise_date," 교통시설 완공 목표시점, 광역교통개선대책 원문, 서술어(예정/목표/추진) 원문 보존 + mode·line_name·scope 필수",수원 호매실[17일]·화성 동탄2지구[21일] 광역교통 주민간담회 개최,https://www.molit.go.kr/LCMS/DWN.jsp?fold=koreaNews/mobile/file&fileName=220617%28%EC%A1%B0%EA%B0%84%29_%ED%98%B8%EB%A7%A4%EC%8B%A4_%EB%8F%99%ED%83%842_%EA%B4%91%EC%97%AD%EA%B5%90%ED%86%B5_%EA%B0%9C%EC%84%A0%EC%9D%84_%EC%9C%84%ED%95%B4_%EC%A3%BC%EB%AF%BC%EC%9D%98%EA%B2%AC_%EB%93%A3%EB%8A%94%EB%8B%A4%28%EA%B4%91%EC%97%AD%EA%B5%90%ED%86%B5%EC%A0%95%EC%B1%85%EA%B3%BC%29.pdf,C:\Users\parkd\Documents\Codex\2026-08-20\files-mentioned-by-the-user-30-2\evidence\refetched\E1-B02.pdf,,,"첨부 1번, p.1","통신방송인터넷은 목 이후 보도 가능6. 16.( ) 11:00 ※ ‧ ‧ 호매실‧동탄 광역교통 개선을 위해 주민의견 듣는다2 수원 호매실 일- [17 ] ‧화성 동탄 지구 일 광역교통 주민간담회 개최 2 [21 ] - □국토교통부장관 원희룡( ) 대도시권광역교통위원회위원장 백승근 이하 ( , 대광위)는 수원 호매실및 화성 동탄2 지구의 광역교통 개선을 위하여 월 일6 17 호매실( ) 과 일21 동탄( 2) 에 주민간담회를 개최할 계획이다.",rejected,MISSING_MODE_LINE_SCOPE,promise_mode_missing,거부 근거 보존,completion_target_absent,원문 PDF 첨부파일 존재; 회의/해명 시점일 뿐 교통시설 완공·개통 목표일이 아님
90,SRC-E1-C01,화성 동탄2,actual_operation," 그 시설의 실제 운행 개시일, 운영기관 개통 안내, 공백일수 계산의 종료점",화성 동탄신도시∼김포공항 버스 노선 내달 1일부터 운행,화성시 공지 URL 필요,,,,기사 본문,(화성=연합뉴스) 최해민 기자 = 경기 화성 동탄신도시에서 김포공항을 연결하는 8840번 공항버스가 내달 1일 운행을 시작한다. 화성시는 31일 동탄1 버스 공영차고지에서 정명근 시장과 이원욱 국회의원 등 10여명이 참석한 가운데 공항버스 개통 행사를 열었다.,rejected,QUARANTINED,operation_mode_or_line_missing,거부 근거 보존,비원문/URL불량,단서기사: https://www.yna.co.kr/view/AKR20230131105400061. 원문 화성시 공지 URL 미확인; 단서기사: 로컬 PDF(연합뉴스); 공식 화성시/운영기관 원문 URL 미확보로 거부 유지; 단서기사: 로컬 PDF(연합뉴스); 공식 화성시/운영기관 원문 URL 미확보로 거부 유지
90,SRC-E1-C02,화성 동탄2,actual_operation," 그 시설의 실제 운행 개시일, 운영기관 개통 안내, 공백일수 계산의 종료점",화성 동탄~김포공항 연결하는 '8840번' 버스… 2월1일부터,화성시 공지 URL 필요,,,,기사 본문,"화성 동탄신도시와 김포공항을 잇는 8840번 공항버스가 2월 1일부터 운행된다. 화성시는 1월 31일 동탄1버스공영차고지에서 정명근 시장과 이원욱 국회의원, 시·도의원 등 10여명이 참석한 가운데 공항버스 개통 행사를 열었다.",rejected,QUARANTINED,operation_mode_or_line_missing,거부 근거 보존,비원문/URL불량,단서기사: https://www.kyeonggi.com/article/20230131580226. 원문 화성시 공지 URL 미확인; 단서기사: 로컬 PDF(연합뉴스); 공식 화성시/운영기관 원문 URL 미확보로 거부 유지; 단서기사: 로컬 PDF(연합뉴스); 공식 화성시/운영기관 원문 URL 미확보로 거부 유지
