path,sha256
data/curated/forward_monitoring.csv,e0fdb423eb43d35f4a7048a745520d0f23f1827e3744e9bd8b03171e970d7a8e
data/curated/occupancy_operation_gap.csv,f7337145445799ec0916105fe72326a050640143d8f62ee698e9fc8fb3c4bcdb
data/curated/promise_linkage.csv,e18f478848a392e0e9689900cca2cdf07e322bdd27187d47724434b9af029c17
data/curated/source_registry.csv,34d24213aa521b35b1c396c88ad95a4232b97b195f16923136f18d29d0224403
data/raw/evidence/(250131)고양창릉A-4블록신혼희망타운(공공분양)입주자모집공고문.pdf,e9ecf26d9d265a70fb06ab20847c338f10a9bf24ef3dbf6ed58c57c6a251b931
data/raw/evidence/(250724)남양주왕숙A-2블록신혼희망타운(공공분양)입주자모집공고문.pdf,70517aa73243cce5a00fb02792ec0a84e4aad3c728a1a5c48546bfa0f8409442
data/raw/evidence/(251127)남양주왕숙_B-17BL_공공분양_입주자모집공고문.pdf,0f2f8e767b8aaf98df7013e0bdfb1f133a23c7e784c22ac5ab774d071ffa4e37
data/raw/evidence/(정정)(정정)고양창릉S-3블록입주자모집공고문.pdf,35fef79a31d18fdeecb52bc6a15e08811e6857245dbd14d220753f3597a10981
data/raw/evidence/(정정)(정정)고양창릉S-4블록공공분양입주자모집공고문.pdf,25311d447e7f43c48655b96613b1ff2bc56371612a268932071bfb8429e5107d
data/raw/evidence/(정정)250424_교산푸르지오더퍼스트_입주자모집공고.pdf,08438e6ac19967e88de5ae5dfe94e8f5bd891efefd0eb07195d96045b0707fa6
"data/raw/evidence/(정정)고양창릉S-5,S-6블록공공분양주택입주자모집공고문.pdf",a65a5c4807f9e93fe2cd6c465ccaaccae2657d5b48db24ded879e80b26468319
data/raw/evidence/(정정)교산푸르지오더퍼스트_입주자모집공고.pdf,17f890d3468fb4f720c33fa6aefb56dd0eb6cfae7df0b4bd9996a5b6f554de4d
data/raw/evidence/(정정공고) 다산신도시 자연앤푸르지오 입주자모집 정정공고(A3).pdf,78e1f182e7fd0b7a08ca5d3c27ae6e6d7fda39a6479c6788bce1f18d7d80e999
data/raw/evidence/(정정공고)인천계양A-2블록공공분양입주자모집공고문.pdf,f7202e924988f383730f245784e37a1ec66f0f54d655fb3b8171c45314389195
data/raw/evidence/(정정공고)인천계양A3블록단지내상가분양공고문(게시용).pdf,5f2a920d6c4eef88fda95d7fd9fb6692d4f8aed29368d2e5a968886069317666
data/raw/evidence/(참고자료)김포양곡_행복주택_사회적기업공간_위치_및_공간현황.pdf,a3c74951c8e5c04931fc3d631c069bf6b22718e2978eb0d577e1941c58393e7f
data/raw/evidence/(참고자료)김포한강_행복주택_사회적기업공간_위치_및_공간_현황.pdf,e1ebc0fea640403e26a71cfea8ebace74b5da734ea1371ad0713ba9974d0da49
data/raw/evidence/(최종)250331_교산푸르지오더퍼스트_입주자모집공고.pdf,b247b3e65cb7029821c352a345952c0fb73323ae3462b90b52f5b653dca1a2f5
data/raw/evidence/110624(조간)__11년_6~8월_입주예정_아파트_공개(주택정책과).pdf,dc233154be5b674cb88e215791cc0f37d90bdbe94d06dff17e6fed269a0f7d9f
data/raw/evidence/140630_LH_미사강변도시_첫_입주_시작.pdf,6a368721bcef1b229bfe5bd3bb2d40b5ddf61811dd86483a53841c6ecdfc15a4
data/raw/evidence/200521(14시이후) 하남교산 신도시_과천지구 광역교통개선대책 확정(공공택지기획과).pdf,fb08785a7962ad8088d930c4598ac1d095187eb34f7a52ea2b675bb0f5fc72cc
data/raw/evidence/200521(14시이후)+하남교산+신도시_과천지구+광역교통개선대책+확정(공공택지기획과).pdf,fbe43488370ed17260f5eb6525fcfb25d0453d9a5c2222cb252bf9de41dd62d1
data/raw/evidence/201230(조간)남양주왕숙_고양창릉 신도시 교통대책 확정(공공택지기획과 광역교통정책과).pdf,ecc470f4fb71a5b29f7499ce815fe4f6605f9de139444664a3134be6e5dcd577
data/raw/evidence/20150123_ 동탄2신도시 첫 입주.pdf,5ec7ad2f8fde7650b4723adcec0d6931c2ecdb8af0bd0ccaab60f6db6b6c63e6
data/raw/evidence/210125 (조간)3기 신도시_패스트트랙_교통대책 조기 확정 등으로 신속 공급(공공택지기획과).pdf,894b933a4fc5a46612a01bb5806599544d52a78c702fdf34203d30d7240bac5b
data/raw/evidence/210629(15시이후)서부권 2기 신도시 (김포한강_인천검단) 교통개선 대책(광역시설운영과).pdf,f54821ed2da56cc09c6281ab080ed96a84252a1fad9af1fff9c07bb78913eb1f
data/raw/evidence/220318(석간)_진접선_개통_남양주의_새로운_길(철도투자개발과).pdf,5ca5a14c242fdc43aba2946d19a90fd682ecf38054edf2acaaa843cc89f8112b
data/raw/evidence/220617(조간)_호매실_동탄2_광역교통_개선을_위해_주민의견_듣는다(광역교통정책과).pdf,ea078d9bb489eb228f003f5675c7825a8b6223f409e3dad8375bcf6a9e780378
data/raw/evidence/221026(석간)_수원_호매실_화성_동탄2_광역교통특별대책_발표(광역교통정책과).pdf,b289b7a3fb07c631744d95e58f66b47e45e0a4347c138c16684c58554010050c
data/raw/evidence/221111(석간)_수도권_서부지역의_광역교통_확충_등_지역현안_해결_추진(공공택지조사과).pdf,d7e578abba3c7c6fe3592dbebdaef288ee0ace8aeb5d4a35909946668e2838f1
data/raw/evidence/221128(석간)_위례신도시_노면전차_사업으로_교통이_편리해진다(광역시설정책과).pdf,da11fbf0ece767ab2872f6f40311e00bf7df9bceafc4f9ce045d9c29bb28ed92
data/raw/evidence/230630(참고)_대곡-소사_복선전철_7월_1일_개통(철도투자개발과).pdf,808adcd9cfba65450c62f6187416790bf6dcca2d2c50af97e8ecee5c8f9a84fc
data/raw/evidence/240329(참고)_GTX-A_수서~동탄_3월_30일_개통(수도권광역급행철도과).pdf,83da19e7f5e189f542899a4ff549fbf2cd6caff6dab96ef41ff11835f4e66734
data/raw/evidence/240719(조간)_수도권_동부지역__출퇴근_30분_시대_실현_4.4조원_규모의_철도·도로_사업_본격_추진(광역교통정책과) (1).pdf,c9e00558131c031e6df06cef301f3d81f8c0f0fe4f6eab31b670b0512414feab
data/raw/evidence/240809(조간)_남양주~잠실_27분__8월_10일_별내선_개통(광역시설정책과).pdf,e5df2c787de7dcb0a2e0db08463e2f03569396fed88580c86947a2197a284875
data/raw/evidence/241212(조간)_GTX-A_운정중앙~서울역구간__12월_28일_개통(광역급행철도건설과).pdf,d3bdc37aa3e72dd26cd4065e2019ef0154a1f93b16d3f0202d05f03b5fe8c968
data/raw/evidence/250724(석간) 3기 신도시 남양주왕숙 첫 공급 개시(공공택지관리과).pdf,75b73130d02612d7c1c05f64b5a800a662554d854abc4445e565e0caf2439cb6
data/raw/evidence/260226(동정) 김용석 대광위원장 위례신도시 광역교통개선대책 점검(광역교통정책과).pdf,dbf2922f167bc6ed4a6e634ca45cd33925611b91d3696fffa35e4263bd88d3ad
"data/raw/evidence/8849번(하남-미사-김포,인천공항) - 하남시청.pdf",7ffd1f81084ea1df1f970a4b81c950d8c381769be3c0f1ef2ab578354b184249
data/raw/evidence/BRT _ 대도시권광역교통위원회.pdf,7714332a5b225299facb069431a9cd3ca9d7535e10986b2ec3dc5b3a7fc359a5
data/raw/evidence/[공고문]부천대장_A5블록_신혼희망타운_행복주택_입주자모집(`26.07.23.).pdf,6cdd357410777803b9423465738698e06c86d90f2770b19fe8e598acca238bb1
data/raw/evidence/[공고문]부천대장_A6블록_신혼희망타운_행복주택_입주자모집(`26.07.23.).pdf,4c96f574d6f235f71d79e3e067d5d2f666e5895a0c0db9ae0b862e31aa96c14d
data/raw/evidence/bodo_2.pdf,90f107e315964eadde4d306bc9bd50f6b4883562335c9cbb3a6a6c4b486b8c77
data/raw/evidence/buy.gh.or.kr_land_svc_announce_land_announce_html.jsp_strFile=00586_201802271541281.jsp.pdf,7139dab4d1a5071c526396881c1e3160f3ab1957c9f42437a0cf9a3c533885ab
data/raw/evidence/documents/target_refresh_20260902/SRC-E1-A04_2026-09-02.html,dd1eea25a083869bc0080717335818364f5c6e839c8171398874506adedc1b68
data/raw/evidence/documents/target_refresh_20260902/SRC-E1-B05_2026-09-02.html,e32fe204aa721434cbce9866f87f1abebdb0b8a4b6f6ed5981c0e92cdd3244e6
data/raw/evidence/documents/target_refresh_20260902/SRC-E1-B08_2026-09-02.html,1d72cd00dd83924f534a60db0f3228ed118a03cc18de266843584d3cef9dda90
data/raw/evidence/documents/target_refresh_20260902/SRC-E1-B10_2026-09-02.html,1929aa409048a60bb18bcd573aa1d833e8f5288a2dc71c67de384878e9c0e983
data/raw/evidence/documents/target_refresh_20260902/SRC-E1-C08_2026-09-02.html,c521312de632ca3c23f97f9c9d70fbf59a7154947a6b3f863e4d08b250f5cf71
data/raw/evidence/documents/target_refresh_20260902/SRC-E2-C08_2026-09-02.html,1453c59d79bae2b543831e37cb145e8c1bebfe7c99937945ca331b2e3f50ce85
data/raw/evidence/documents/target_refresh_20260902/SRC-E2-C10_2026-09-02.html,74cef30b17bd093346b8467ab7653e9d4bf48c1c71e30d2e0463b87a751f2a7e
data/raw/evidence/documents/고양 창릉/2020-12-29_남양주왕숙_고양창릉_신도시_교통대책_확정.html,8ee7a86658599816f214698b17e6e112177ba0732f00d6aeccf725dfc5e59a66
data/raw/evidence/documents/고양 창릉/2021-01-24_3기_신도시__패스트트랙_교통대책_조기_확정_등으로_신속_공급.html,cf4ccec819b0d8c7d075b4764b8601176da04a11518277e0e2d2558c4ff86233
data/raw/evidence/documents/고양 창릉/2023-06-30_대곡_소사_복선전철_7월_1일_개통.html,805805051e9bff565c9ea87ca545c58172d6fb52684c432d4476e5a0522eaf17
data/raw/evidence/documents/고양 창릉/2024-12-11_GTX-A_운정중앙_서울역_구간_12월_28일_개통.html,7a6ec410b2924164a236a0822a7dc0c53f48a479da8f2a672f6dae714cf189e1
data/raw/evidence/documents/고양 창릉/2025-01-31_고양창릉_A-4블록_신혼희망타운_입주자모집공고.html,e4a387df85f8daae54bf9abeeb928f870bf686f83a27d2b04baa393e1403fadd
data/raw/evidence/documents/고양 창릉/2025-01-31_고양창릉_S-5블록_공공분양주택_입주자모집공고.html,19b4c82a88778520cbffc6fc57418825966d34b995b62ff6965cd59d3083eb81
data/raw/evidence/documents/김포 한강/2011-05-03_경기도의회_제258회_임시회_회의록.html,4383ab01a57617fd5f9f980139afe773bf414b256f1f7dba188b4509bc0153e9
data/raw/evidence/documents/김포 한강/2011-06-30_김포한강신도시_아파트_첫_입주_등_입주물량_증가세.html,9ad6d54a2e031812263f4e52c1c1a6da2f6a69c9ef0c2c261dfc10f1c386d0ce
data/raw/evidence/documents/김포 한강/2019-09-27__김포_지하철시대_열렸다__28일_첫_열차_출발.html,a265b079ba28e19d5d576585c0af3b05651915e777695e20644851113feb8e10
data/raw/evidence/documents/김포 한강/2021-06-29__참고__서부권_2기_신도시_김포한강__인천검단__교통개선_대책.pdf,f73aeb4a71997f5df77ed1b4d5cd616609805096dc5b3333ed61b3dba5b62051
data/raw/evidence/documents/김포 한강/2022-11-11_수도권_서부지역의_광역교통_확충_등_지역현안_해결_추진.pdf,1bb829548e89c9bc87d68f9d08d8950cbcd1c4a2598056dd77d8bd5a723bab5e
data/raw/evidence/documents/김포 한강/2024-01-02_8849번_하남-미사-김포_인천공항__운행시간_정보.html,08bd470d778e7846c46e553e410cfe82112162b8754acb030315bc5e98978d3c
data/raw/evidence/documents/김포 한강/2025-12_2035년_김포도시기본계획_변경_주요내용.pdf,0fe071799169540ddae02383e3dcd67457b752ddf6d52e1f0881c4811e3aa8c1
data/raw/evidence/documents/김포 한강/2026-06-19_김포한강_Ac-01a블록_10년_공공임대주택리츠_입주자_모집공고.html,1b2ff982d5fe4cfb4d4ee83f764c717069b1e2c97fd538e2a99a78d88520c0fa
data/raw/evidence/documents/남양주 다산/2015-08-11_다산신도시_지금지구_A1블록_국민임대주택_입주자모집공고.html,2514f69cab8c2f81040add73d02a37db5347508a5714c2acfa347bfffe0258d4
data/raw/evidence/documents/남양주 다산/2016-07-18_경기도의회_제312회_임시회_회의록.html,3fc514500716ecb7f54fb787de4ed6ff89e09d04cc941be9deea346ab544af72
data/raw/evidence/documents/남양주 다산/2018-02-12_다산신도시_입주지원_특별대책반_본격_가동.html,cbfe676c61ddc941745739b811bc43bbb3f5a7a112c0298b4dc0bb62014a2085
data/raw/evidence/documents/남양주 다산/2018-02-27_다산신도시_상업_주유소용지_공급공고.html,947d3813b20833a7f52050eb889950247ca7f92e84e71745f4a9652b4ddcf3a2
data/raw/evidence/documents/남양주 다산/2020-12-29_남양주왕숙_고양창릉_신도시_교통대책_확정_.html,773ef92a950674c20a9fb0ee461fea3e5344baeb0c2fb6d8346a5011f0d3c107
data/raw/evidence/documents/남양주 다산/2024-07-03_다산역_개통에_따른_버스노선_변경_알림.html,a6d4837d85331f74a95b9c531d00a4408cda460dd10a7dbd2df4eed29ca65a66
data/raw/evidence/documents/남양주 다산/2024-08-09__남양주_잠실_27분___8월_10일_별내선_개통.html,2e12c3efeb1f158b5dc6284cf6da6e12bb0d3c00d335d323d50eb16842724139
data/raw/evidence/documents/남양주 다산/2024-08-10_별내선_개통__첫_열차_운행.html,46c878afe7723b77f7ddfac3796a15c955700305935340ff93d2e072ddba5766
data/raw/evidence/documents/남양주 왕숙/2020-12-29_남양주왕숙_고양창릉_신도시_교통대책_확정.html,6dae1eeca5a29545344277026e601cfbe8230b042347f95b2aa9f4cf88b17409
data/raw/evidence/documents/남양주 왕숙/2020-12-29_남양주왕숙_고양창릉_신도시_교통대책_확정_.html,ef0529cf32bdcf2a2be5535bb4201829631146b7f6b6a2e3c2dd5e074c870a6d
data/raw/evidence/documents/남양주 왕숙/2022-03-18_진접선_개통__남양주의_새로운_길이_열립니다.html,ad7806c3360f86c8f5018922d0dd6b57fff128514c7e81757630cbccc5cc5e8e
data/raw/evidence/documents/남양주 왕숙/2024-08-10_별내선_개통__첫_열차_운행.html,7426809fef38ea73371315bb6b00306b5876f9570b98d55705d620541531d6a2
data/raw/evidence/documents/남양주 왕숙/2025-07-24_남양주왕숙_A-2블록_신혼희망타운_입주자모집공고.html,722d39198a5909bee3459cfb78f636dc4d2f072bab7405d14fa04d358d0840d7
data/raw/evidence/documents/남양주 왕숙/2025_남양주왕숙_A-1블록_공공분양주택_입주자모집공고.html,3d2fbd3e41f74d681d9633ab3443d963b9e101185935e096e1b754b22d05ec88
data/raw/evidence/documents/부천 대장/2021-01-24_3기_신도시__패스트트랙_교통대책_조기_확정_등으로_신속_공급.html,31f5ea11323f9ed9188ac1643293212a8479e34bb69bae7ac0a70da00be3c351
data/raw/evidence/documents/부천 대장/2021-01-24_인천계양_부천대장_광역교통개선대책_확정.html,154c414897c7d63020ea7b9608ecd089af1a1ed7f4185e759a77ac2f09fef7b1
data/raw/evidence/documents/부천 대장/2023-06-30_대곡_소사_복선전철_7월_1일_개통.html,3a440438e7ec34858de3d17f59dba5933f55f9ce9ba439a881006c9271a68f11
data/raw/evidence/documents/부천 대장/2025-04-30_부천대장_A8블록_공공분양주택_입주자모집공고.html,a3f97246c7b08c98b53bbd90c7304fa0c90093ff5dce1ea14ba53279df9073d0
data/raw/evidence/documents/부천 대장/2025-11-03_소사-대곡선_사업현황.html,f66b4990197018219272aa85631fc7d627478966c4bb87d39cfeebd96de64df8
data/raw/evidence/documents/부천 대장/2026-07-23_부천대장_A5_A6블록_행복주택_입주자_최초모집.html,a2c5229416956e228a75c90d8b04952434069c504ad625280c6dea584731fd86
data/raw/evidence/documents/부천 대장/확인불가_BRT_고급화_S-BRT__추진.html,ea7e2a95951f422d9bc6adee96f50dae36ad3fbc19b3e1d59600f6fbb5e48c15
data/raw/evidence/documents/위례/2011-11-29_위례신도시_보금자리_2949가구_내달_5일부터_본청약.html,0d97e44a94f96b7a2b340bfcb7c3a8364acd7bed754b4c12ace566c1aa71f6c2
data/raw/evidence/documents/위례/2015-07-27_위례신도시_하남권역_입주대비_교통대책.html,7797c1100afd0c85cb91eaf6235494beb7c4a8d7136ebbd4cf8e2c35bb9a9aec
data/raw/evidence/documents/위례/2020-11-19_위례지구_A1-5BL__A1-12BL_분양주택_입주자_모집.html,9bfb5fd75d138d350deeff3a082f5c7910d568cbe9f2b4d933ea1bab35950a26
data/raw/evidence/documents/위례/2021-12-16_지하철_8호선_남위례역_18일_개통.html,8bd8f0178588d76612028c4594297b046ddda3b45289e9092fb76e0a5eb7d489
data/raw/evidence/documents/위례/2022-10-11_위례신도시_광역교통_개선대책.html,d525efe8604cad985bae0ae4894829116ca3a99fb4e9b575ad4734fcf05434eb
data/raw/evidence/documents/위례/2022-11-28_대광위__28일_위례선_도시철도사업_사업계획_승인_착공__25년_개통.html,22dc29dedf04c77cb34775024aa5ad13c497e6c8416d7583bf027987b632af64
data/raw/evidence/documents/위례/2022_위례신도시_교통_현황과_개선_계획.html,5ad0c40f29df2cbebab51894f18a7aafeffd02c37107512bb52bc8de2ab0e702
data/raw/evidence/documents/위례/2023-09_하남시_똑버스_운행.html,349f134b0941de89423042e3637348154dc8ca95e3a9b3da0f39f52cfce5ae27
data/raw/evidence/documents/위례/2025-09-05_위례선_트램__2026년_하반기_개통_목표.html,40bdcb00aff724a8a641044b5ef748ae63fa0f34704ea84ee5b0a51927aa9425
data/raw/evidence/documents/위례/2026-02-26_김용석_대광위원장__위례신도시_광역교통개선대책_점검.html,9d33b78322fa981272be62037cfae20837fac617fddb71188aaa84ba0a2b9959
data/raw/evidence/documents/위례/2026_위례선_트램_시운전_현장_점검.html,eb0691b05a0db8fea8ee8ff4fb1496334134756ecf2f8371760df812447e0679
data/raw/evidence/documents/인천 계양/2021-01-24_3기_신도시__패스트트랙_교통대책_조기_확정_등으로_신속_공급.html,0553e1245c054ee29e36c23d0263cc561e243ece1b77a9e987de1d594e4cd66b
data/raw/evidence/documents/인천 계양/2021-01-24_인천계양_부천대장_광역교통개선대책_확정.html,9eaae5277162495e97ddf189edad305711b636676a8daa566b7f3466375b35c5
data/raw/evidence/documents/인천 계양/2024-09-20_인천계양_A2_공공분양주택_입주자모집공고.html,01bc504183290e9396f18bb39c2584d4b17399188a016a4cba5351052a00c011
data/raw/evidence/documents/인천 계양/2025-06-16_검단연장선_6월_28일_첫_운행.html,ddfb5baf54349d7451558757ccc81658e2ff79b80a37285c9bb5ddd49dd36359
data/raw/evidence/documents/인천 계양/2025-06-28_인천도시철도_1호선_검단연장선_개통.html,8a7dd42c598c7b53ed0b4bc831d8e4a139b16bd22b43069a47ab9bc174eabcc9
data/raw/evidence/documents/인천 계양/2026-05-01_계양신도시_광역버스_신설과_관련하여.html,120b9f301e1b07a0695be78eac9daf0e54ef75452ed07a6f0f838cc005603fe8
data/raw/evidence/documents/인천 계양/2026-07-10_인천계양_A3블록_단지내상가_재분양공고.html,0d9239bb1c0b7c81b51ba1a7bde70f065d119672d3b0d3f67655838c0ec98dfd
data/raw/evidence/documents/하남 교산/2020-05-21_하남교산__과천지구_광역교통개선대책_확정.html,0adfc0053fb55223522d96d48316b3437838b03fa268aa79333c47e8d5ffbfac
data/raw/evidence/documents/하남 교산/2020-05-21_하남교산_과천_광역교통개선대책_확정.html,4817a8af4673acbc0d43eece66ca74d2e9537fb6dec0abc36be2a178e75230b6
data/raw/evidence/documents/하남 교산/2020-08-07_하남선_1단계_개통.html,268065f4354f3297624b33b5c737b4af1b40ad90f5bff6b53ce3936878e72500
data/raw/evidence/documents/하남 교산/2021-03-26_지하철_5호선_하남선_전_구간_개통.html,8075b0e7df9f7dbaf71bc879d8388fe5e3e8db8f74e6e4b74926612667684f1a
data/raw/evidence/documents/하남 교산/2024-01-25_2024년_교통_분야_민생토론회.html,cf44511a66ef2ff733c9e6ee1c60fcd1eae70390a999d827e1b10f15519321d9
data/raw/evidence/documents/하남 교산/2025-03-31_교산_푸르지오_더_퍼스트_입주자모집공고.html,6148722fa9e6fb4ef4ecf538e89bd1564b5e371ee3578caa4e6d9048936852be
data/raw/evidence/documents/하남 교산/2025-03-31_교산_푸르지오_더_퍼스트_정정공고.html,d32f5a13e0313fd406b65a4345ecd2b2ed97a521b75c7b75333a26ae6128c997
data/raw/evidence/documents/하남 미사/2014-06-30_LH_미사강변도시_첫_입주_시작.html,8aabe1b7f7511cce6a13994ef8a2bac916de0089e07419d7f0c2c80534a24999
data/raw/evidence/documents/하남 미사/2015_하남미사_A12_A16블록_임대주택_공고.html,b80ebe4971273ae1477ba64d399b7b698cb1bd64c64ae016640ad4876422572c
data/raw/evidence/documents/하남 미사/2020-05-21_하남교산_신도시__과천지구_광역교통개선대책_확정.pdf,5c8bd8f5fb2ae4023300d399bf8deb93f05dd5dff08af27165cd6c6a2201d89c
data/raw/evidence/documents/하남 미사/2020-06_하남선_1단계_개통일_관련_안내.html,d9976457dfd0c4b6efd024d40290267bba47a9f56c14fe6ab74f2f95e5062a25
data/raw/evidence/documents/하남 미사/2020-12-31_하남시_2020년_10대_뉴스.html,5f677f3d1200fa35363643aaef52eebb157d84d90539ee15a04868e77fe3495d
data/raw/evidence/documents/하남 미사/2023-09-18_하남시__미사순환_마을버스_노선_개통.html,a78261741b0877bb01912251029dd366f3a12629616cc0a470b9063b4f950f75
data/raw/evidence/documents/하남 미사/2025-03-14_하남미사17단지_임대주택_입주자모집공고.html,ed89eaafefe6bedf10fbdd14d6ffd26f6db3ea172a6961e787b0659cb092edf4
data/raw/evidence/documents/화성 동탄2/2007-05-11_동탄_2_신도시_개발계획_확정.html,192e29362a4c1c7ffd0383a68178cc767e91130b425d82bd9667b9cfc87350aa
data/raw/evidence/documents/화성 동탄2/2015-01-23_LH_수도권_최대_신도시_동탄_2_지구__첫_입주_시작.html,186fbbd4158f0d99383f971b740a45594b0d65ff222357ec2be35ed32576ecdc
data/raw/evidence/documents/화성 동탄2/2016-12-09__Start_SRT__기대_속_첫_출발.html,afe281f924c5c9a6d36b273d524df37506d339837651f6160fe0b006d24eab68
data/raw/evidence/documents/화성 동탄2/2022-06-16_수원_호매실_17일__화성_동탄2지구_21일__광역교통_주민간담회_개최.pdf,a27d8c520db11a7da4c8dc60168a373f40ed7f87cbee81d6da883b550f43e871
data/raw/evidence/documents/화성 동탄2/2022-06-16_수원호매실_화성동탄2_광역교통_특별대책_주민간담회.html,8373e47f77ceeaf11f8f57611ad1bf042889d32f5045388bfcab532e3114134e
data/raw/evidence/documents/화성 동탄2/2022-10-26__수원호매실_화성동탄2_광역교통_특별대책__발표.pdf,0a6095cb415fbeedd0727303ba11c005733bf4f2d7721122b6d577220077c258
data/raw/evidence/documents/화성 동탄2/2022-10-26_수원호매실_화성동탄2_광역교통_특별대책.html,13a063885f63b7ed81d889fc19b67294ea7b718629b3e158a3c951490f286f1a
data/raw/evidence/documents/화성 동탄2/2024-03-29_GTX-A_수서_동탄_구간_3월_30일_개통.html,8d574faa72a6fcb866671e00af961c8a3435f8db51695c18c372357547b79bc7
data/raw/evidence/documents/화성 동탄2/2026-05-29_화성동탄2_C-27블록_공공분양주택_입주자모집공고.html,8c425455ac503ddd63d6d6a57eab177703472928873e315bffedf97995c2872e
data/raw/evidence/imported/SRC-E1-C05/221128(석간)_위례신도시_노면전차_사업으로_교통이_편리해진다(광역시설정책과).hwpx,19d89d604a33493888484f1c76c7edb44f94aa15df511e02e3395ba6666ee11e
data/raw/evidence/imported/SRC-F009/201230(조간)남양주왕숙_고양창릉 신도시 교통대책 확정(공공택지기획과 광역교통정책과).hwp,28b1bacbe0ea7e9ad4dd42c5659f47b22ef4a07e27221f47169c6838b10f657e
data/raw/evidence/imported/SRC-F012/경기도， 별내선 개통. 남양주 별내에서 잠실까지 27분이면 간다. 김동연， “구리， 남양주. 경기동북부 주민들 교통 숨통 확 트일 것”.hwpx,9cff104b4f41afbe4669f7a111d11ca3712b641fe4d2a7d52e5ec8fa9b6b8b2d
data/raw/evidence/imported/SRC-H001/20150123_ 동탄2신도시 첫 입주.hwp,27b6ad3d1a72070c73aaf3ae06cfcea168bc56e728a1e093ebc847b56e66ae08
data/raw/evidence/imported/SRC-H003/221026(석간)_수원_호매실_화성_동탄2_광역교통특별대책_발표(광역교통정책과).hwpx,74559c5998f914659f03ac463e5d3dcc84711904e8cf927c4592cff20c181fcb
data/raw/evidence/imported/SRC-H024/240809(조간)_남양주~잠실_27분__8월_10일_별내선_개통(광역시설정책과).hwpx,f4e6597f2b41e5740e7424835f8f210d91934f9b91c4b068d749f613e8817840
data/raw/evidence/imported/SRC-H025/140630_LH_미사강변도시_첫_입주_시작.hwp,9deb6701eac845967d257f313f011c97ed6ec7eb1114ca44f3e0a42072099b06
data/raw/evidence/refetched/E1-A02.html,483a159ffdcd7600d071b1685f6411f9cbfc6159229dc73d2c118476b8c21b7d
data/raw/evidence/refetched/E1-B01.pdf,ee97d54c55cef1585e0d54df1a891d04e68b3dbdc1c8fcde9b4cbc7ef7087556
data/raw/evidence/refetched/E1-B09.pdf,bc80d2e3ee3dadbec345a636c7840673b07f8bc9da12f3a14d21a33c94ed5d33
data/raw/evidence/refetched/E2-A07.html,dfe4326c581605d3dfd0a6807e14c2aa9eb1f2fd5234018da250e1ba2741ed62
data/raw/evidence/refetched/E2-A08.html,08dd45cadec7c5190d70c69f04a8723764a45beba7ab2fc216d67517dae884f2
data/raw/evidence/refetched/E2-A09.html,889eb0c955d3b04442e9440d46fabb3c71e119b73a65e85394374d9dae759cf7
data/raw/evidence/refetched/E2-A10.html,a058acb1e85fad8cf75c7c6feeeb60d395ea4f064fb66f6d7aa5b1ed5b967025
data/raw/evidence/★(정정)남양주왕숙A-1BL공공분양입주자모집공고문.pdf,9f8e43212a22fdd573254ea59bd1cd1ba3f8d1ac7a1494b97682b50c65adc95b
data/raw/evidence/★하남시지역국민임대주택예비입주자모집공고(20250314)_최종.pdf,2759529f5e28ddedc459b8499ccd88c52df2a3be5388dd8afaab954540cad938
data/raw/evidence/★화성동탄2C-27블록공공분양주택입주자모집공고문.pdf,7566afe81be70a79ee692a52f0438da0bfc935eb971e853654613533d09d55c7
"data/raw/evidence/경기도, 별내선 개통. 남양주 별내에서 잠실까지 27분이면 간다. 김동연, “구리, 남양주. 경기동북부 주민들 교통 숨통 확 트일 것”.pdf",6725ccec06129673dcd030a56859bb9c08dc0d33fa297914ba75e9197c95f38b
data/raw/evidence/고양창릉S-4블록공공분양입주자모집공고문(안).pdf,565721aa8e656d20e2b2edb9c8db64b0ffdab8bfd02ea4e2ad8119bc9b76e5d9
"data/raw/evidence/김상호 하남시장, “5호선 개통은 마을, 도시, 일자리 잇는 촉진제”.pdf",a462e80e674ef097b025a5d6a1fd147bba70fc5ecd04a37c12c03435d394b18d
data/raw/evidence/김포한강Ac-01a블록(데세리브)10년공공임대주택리츠예비입주자모집공고문(26.06.19).pdf,5fae342e3aebe93b2118cd32e37d603c71670b7b78aad88b4b859e882a73ee3c
data/raw/evidence/김포한강Ac-05블록(센트럴블루힐)10년공공임대주택리츠예비입주자모집공고문(26.08.25).pdf,bff83f4d343364fcf84955d49a59748b9f82b4116f02cfbfb70ca9e5c3ba6b9d
data/raw/evidence/김포한강센트럴블루힐10년공공임대주택리츠예비입주자모집공고(25.10.28).pdf,b0c5c614416bcefdea6f27d7eb88f9a6be6c9a728f9a8bc0380f9356db04e18d
"data/raw/evidence/남양주시, 땡큐버스 등 6개 노선 개편으로 시민 불편 해소.pdf",70e61cf108214fb5b0a5bb9c687aa196fbffbb203a42f2b527b9f9a14f88e4a7
data/raw/evidence/남양주왕숙A-1BL공공분양입주자모집공고문(250724).pdf,1dac689d7133335f0bd75cc2a88000f862410209efa5bcfc9ea429ca4dc19515
"data/raw/evidence/내년 개통 앞둔 위례선 트램, 실제 차량 대공개! 승하차 태그는 어떻게_ _ 서울시 - 내 손안에 서울.pdf",720b75ef0bff8893c739dde9a900298f9a9b9f95ec74db696ec8841b828d5850
data/raw/evidence/다산신도시 상업ㆍ주유소용지 공급공고.pdf,21afbf75fd6243f1e1b87d13d67fdab22fb686efa11024477c8f375e79286055
data/raw/evidence/다산지금A1블록 국민임대주택 입주자모집공고문(200827).pdf,b742188f7e7a4d25e76a9e308fece038462ad1460e35f54b631a7ac587408d8d
"data/raw/evidence/달려간다,미사위례신도시 대중교통.pdf",083f8f6b7c56a257a98f0d1266285c1d0f002be24c227c16f382d5bcdd3f1386
data/raw/evidence/미사강변도시 A24블록 10년 공공임대주택리츠 입주자 모집.pdf,fe6a75eea6be0515dd7aae147197495ec4ecbc0e96e953f867d6a3d269c7dcbd
data/raw/evidence/미사강변도시 A25블록 10년 공공임대주택리츠 입주자 모집.pdf,90fcc484062c53afba4d33beaa9b5e0e5027ca7eea745254829727621b4dea52
data/raw/evidence/민생토론회(교통) _ 국토교통부.pdf,8f0fe3faf922f11b696f2037df4e39f81f0469ee14c22ff396095a3bede4965c
data/raw/evidence/변경 노선도（다산역）-홈페이지 게시용.pdf,672466fe557eca52389b61cf8eb9697e0f4110033cbb0418bbe8d3193d9dc68c
data/raw/evidence/보도자료 - 김포시뉴스포털.pdf,dbf7426f5af96c441bb07cbbd80a31ca690cde79a1dc426fac9700ba227bf998
data/raw/evidence/보도자료 다산신도시 입주지원 특별대책반 가동.pdf,548a8ff7ef6d0fd6ce3db6989f1392e926873d063fe4344760061cb9d3637fea
data/raw/evidence/보도자료_final_동탄2신도시_070601.pdf,14d43f72c1bb4607b6cff9727d014a71548ad15d99861b90d0da6b55c76c35d8
data/raw/evidence/부천대장A7블록공공분양주택입주자모집공고문_최종.pdf,1fb52b9e26ce23b6131d05e4dcf6b2e8c294a5b4aafe585c9b8b4313d706d3f6
data/raw/evidence/부천대장A8블록공공분양주택입주자모집공고문.pdf,d225b71e078de3e7903d26ef108379f624797a80735d28f23efba6334c373912
data/raw/evidence/송파구청 - 분야별정보 - 주택_도시 - 교통대책 - 위례신도시 광역교통 개선대책.pdf,7e77caac8ab8aadaad63f26fe2d9c7bb2754b437be598bcb82795b95a75c5d21
"data/raw/evidence/예비입주자모집공고문(미사12,16)(2).pdf",5f78b95ae640847279af2e71ce967b3b8f2160776ac08cf24f46e5d731c0aca5
"data/raw/evidence/오 시장, 12월 개통 '위례선 트램' 현장점검… _교통체계 혁신, 지역상권 활성화_ _ 시정뉴스 _ 소통공간 _ 서울특별시장.pdf",91764a04183cf52a403ab40f3f4eb7de4a23120b84df4d271aa7ae5fcc0d0b83
"data/raw/evidence/위례신도시 1,676세대 공공분양…분양가·청약조건은_ _ 서울시 - 내 손안에 서울.pdf",1c78338e3624cbdc6b2e58a875448c9fb1f5e6cecb6fba1b8bb7317940bd0094
data/raw/evidence/인쇄하기 - 하남시청.pdf,ade438681fd2b080ed26cbafd823416f4d95a0df7fed95a67f508db4ccb0ac7c
"data/raw/evidence/인천시, 6월 27일 검단연장선 개통 기념행사 개최 … 28일 첫 운행.pdf",dfdccd29d1cffe983af2ea5d909ff6fc9c5ea5aabe1a4167e04d8ce4029f36c4
data/raw/evidence/정책브리핑 _ 기사인쇄하기.pdf,543077ecbacfb56aba75f592cde54280c508f1c5653cf9a25b3196a9c060df3d
data/raw/evidence/제259회 제1차 본회의(2011.05.03. 화요일) _ 경기도의회 회의록 _ 경기도의회.pdf,a7dd2379b5b5c8ef62f841f11759dc858b2f3a120b4f0f27f9ff50b737a17289
data/raw/evidence/제312회 제2차 기획재정위원회(2016.07.18. 월요일) _ 경기도의회 회의록 _ 경기도의회.pdf,662cae34a3c8e14374c392303378b0ba439c99f3c2adc01123332b85f12a931f
data/raw/evidence/지하철 8호선 남위례역 18일 개통…잠실까지 15분 _ 서울시 - 내 손안에 서울.pdf,c527d0ab39cb4e427fa62ce8c97d7f7b5074d06dcf2ac3af96ae616ddf7fdcc9
data/raw/evidence/지하철 하남선 개통에 대하여.pdf,64d6f55fad58be64ef283ac365cab3c13752d7b05688569522b570c1f4438157
data/raw/evidence/청정하남-10월호-최종 단면-저해상.pdf,f7d1029283830f3ac7dfd255ec4b2f248fd38cb22aa444baaff4f759b04d80d0
data/raw/evidence/친환경 트램 '위례선' 시범운행 시작…내년 하반기 개통 _ 서울시 - 내 손안에 서울.pdf,a9beb607d64a9ebdabe680bf68c20f0f2cfd347c8d24d9a0a3d82b30fa1094bc
"data/raw/evidence/하남미사지구 광역교통개선대책 변경, 확정된 바 없어.pdf",8c8756bf0041e944a8ce2c1e3d1d8e3aa16e34722cd7c5643a68f09fb3e5a5d9
data/raw/evidence/하남시 시내버스 - 하남시청.pdf,8ac431b91d3d060832a9e275cef5f02f8f259cf1b8a41b8716d2cd3bc3ab32d2
"data/raw/evidence/하남시, 2021년 ‘빛나는 하남’ 10대 뉴스 선정.pdf",ec903ff08af3f81b601966e19ded4bbc7ec874605458f51aa9d213ffc322d3aa
"data/raw/evidence/하남시, 미사순환 마을버스 노선 개통.pdf",35c0ffd16b7581c3888e2559c2e9d9d71dc598c9243d1ff23162619533ae7729
data/raw/evidence/홈_열린시장실_의견공감 _ 인천은 소통이 가득.pdf,2a3f750b161fd40b3fe721027885cc698b4e8456e20cc2ded266c64a03eb85ca
data/raw/evidence/화성 동탄신도시∼김포공항 버스 노선 내달 1일부터 운행 _ 연합뉴스.pdf,e8f57f80285b5bdd4a7c065b26e86816a49adf47b0621eb892b91b0ed574c58a
data/raw/evidence/＇25년 상반기 경기행복주택 예비입주자 추가모집 공고.pdf,17e730dc3c2b81cfa2c2e820f79ca45e50b657236b8cb5870235dfbf463083b2
data/source_registry_verified_final_resolution.csv,8b924276c6651c3c4fc6f58af53a6088b85f45a75f9946bf0fea84fee717b9bd
data/staged/bldg_title.parquet,09ca586249198fd035b2af0719b693747a3c6857a94a00b2b6010b55bbed5443
data/staged/headway_observed.parquet,d95dce80edf2b3881b9c9ffd97193498589f9276480306870ab4ae0877ecc9e7
data/staged/html_text/1453c59d79bae2b543831e37cb145e8c1bebfe7c99937945ca331b2e3f50ce85.txt,3e8b904eb6055b324e8c35b08d4e3108a902e991363c41ad5f9972b417466df5
data/staged/html_text/1929aa409048a60bb18bcd573aa1d833e8f5288a2dc71c67de384878e9c0e983.txt,980c621c3657a26c33e39663f44135d8f392a34ccec6b5fb4271438e5d5afec2
data/staged/html_text/74cef30b17bd093346b8467ab7653e9d4bf48c1c71e30d2e0463b87a751f2a7e.txt,cf1e16f74a0078eee11b1db86e108517567da6191fbe941c1fba93d7b5dea40a
data/staged/html_text/c521312de632ca3c23f97f9c9d70fbf59a7154947a6b3f863e4d08b250f5cf71.txt,3b0a4d989f7210e1a6b81f5a191bb2a05e38466598faf5686d3fa7be91125890
data/staged/html_text/dd1eea25a083869bc0080717335818364f5c6e839c8171398874506adedc1b68.txt,eb678bacf9835b33b0043e412923cfe50e25636c0ba719e75e4b310c9c3f0136
data/staged/html_text/e32fe204aa721434cbce9866f87f1abebdb0b8a4b6f6ed5981c0e92cdd3244e6.txt,aadebcd6105851fccc45e62fef4425c3e332edc1e899f0bf68931fd857d06684
data/staged/kapt_basic.parquet,23d10ab2ae06c1c673bc2a9bed70ff634b16a4cc434fdc2e7b3d670c82f386ca
data/staged/pdf_text/0a6095cb415fbeedd0727303ba11c005733bf4f2d7721122b6d577220077c258.txt,1a8d01054eab6d7ee27fde4381518254b5814ae183bc426ad95cde460dea7206
data/staged/pdf_text/14d43f72c1bb4607b6cff9727d014a71548ad15d99861b90d0da6b55c76c35d8.txt,e59d3ce7c7e4e5e4dcb1fbd687ae2aaff4fb049755a2c7b15650214bd7a35569
data/staged/pdf_text/17e730dc3c2b81cfa2c2e820f79ca45e50b657236b8cb5870235dfbf463083b2.txt,0ff5f2182877e0d8b95a22f330ea9238e850fd3e29013838a53d831e90621d25
data/staged/pdf_text/17f890d3468fb4f720c33fa6aefb56dd0eb6cfae7df0b4bd9996a5b6f554de4d.txt,7e40b1b15d14452124a6ff626cc86d9eb8a4e8d5b48042a69d13d570fc556c64
data/staged/pdf_text/1bb829548e89c9bc87d68f9d08d8950cbcd1c4a2598056dd77d8bd5a723bab5e.txt,eca8efb957efdb9cb2c6ecb868a86d26f298fd5435df10f33cf234a4cfc67b5c
data/staged/pdf_text/1c78338e3624cbdc6b2e58a875448c9fb1f5e6cecb6fba1b8bb7317940bd0094.txt,dd00359233f03dc270fc6f371a2eb64ec354d2012320c52efc2a1939a83050cc
data/staged/pdf_text/1dac689d7133335f0bd75cc2a88000f862410209efa5bcfc9ea429ca4dc19515.txt,237dc8f5a18a67e5f3aae14559f7c7615fdc91908446828367e5f5e86bcc1b66
data/staged/pdf_text/1fb52b9e26ce23b6131d05e4dcf6b2e8c294a5b4aafe585c9b8b4313d706d3f6.txt,5e6869a84ca15de196e21adcb59313d9dd9529e62c8fbf83e23307be0eb773a6
data/staged/pdf_text/25311d447e7f43c48655b96613b1ff2bc56371612a268932071bfb8429e5107d.txt,84fc892bcc92782dee023dc5cb4dc30fc68d4134ac4a07f97b8ec9a3014d46a1
data/staged/pdf_text/2759529f5e28ddedc459b8499ccd88c52df2a3be5388dd8afaab954540cad938.txt,e9df558c872b9cb4c32daec476e52a43e3ed01df106e3efb019e9aa0a89368ea
data/staged/pdf_text/35c0ffd16b7581c3888e2559c2e9d9d71dc598c9243d1ff23162619533ae7729.txt,1d506e968bebd29a90925d6d7dd98ab7da0f458230f686199261ec4e9fa52c42
data/staged/pdf_text/35fef79a31d18fdeecb52bc6a15e08811e6857245dbd14d220753f3597a10981.txt,f8abb7a68a122fdb2fc71306270601b26b51f6e07a70e21f33a13cd080d95432
data/staged/pdf_text/4c96f574d6f235f71d79e3e067d5d2f666e5895a0c0db9ae0b862e31aa96c14d.txt,1e5d0ac61cd646ade6143c1e9e6bb5e88f27cdea29fd753b837d5f8ecbaec946
data/staged/pdf_text/543077ecbacfb56aba75f592cde54280c508f1c5653cf9a25b3196a9c060df3d.txt,bf35b923d9f92084b3557a2546ec24e304c5c66c747085cbda7ec03fc56bbf8f
data/staged/pdf_text/548a8ff7ef6d0fd6ce3db6989f1392e926873d063fe4344760061cb9d3637fea.txt,96646c5479cf6480397ab4e2804f49ef32fcafb6ce840d58c1ad525637c7a9e6
data/staged/pdf_text/565721aa8e656d20e2b2edb9c8db64b0ffdab8bfd02ea4e2ad8119bc9b76e5d9.txt,e9dbedf5a7c39e604373aa73b32759fe1a1da6c4ffc76538e6edbbd6314445ad
data/staged/pdf_text/5c8bd8f5fb2ae4023300d399bf8deb93f05dd5dff08af27165cd6c6a2201d89c.txt,880f5625200f4ea74f2134174bd132d0d627d86eb9d43403fda6068cf78d3206
data/staged/pdf_text/5ca5a14c242fdc43aba2946d19a90fd682ecf38054edf2acaaa843cc89f8112b.txt,ff149bf563324b3207d91a2f187da3b8de758a209066fb8ce1f3f1e52379ff52
data/staged/pdf_text/5ec7ad2f8fde7650b4723adcec0d6931c2ecdb8af0bd0ccaab60f6db6b6c63e6.txt,4a83a73795adced069f1ff8e3bd56afdfd1ce5a0204d4cd725546e58bb0aa1db
data/staged/pdf_text/5f78b95ae640847279af2e71ce967b3b8f2160776ac08cf24f46e5d731c0aca5.ocr.txt,afb87d94dc148205599085eefe1ec5538dda2ddeed4726288af4f9ef08d4d778
data/staged/pdf_text/5fae342e3aebe93b2118cd32e37d603c71670b7b78aad88b4b859e882a73ee3c.txt,2bd0b5db38d94ab818509a1f964939aac4f0b29bacf87b700df8d3eda67c851c
data/staged/pdf_text/672466fe557eca52389b61cf8eb9697e0f4110033cbb0418bbe8d3193d9dc68c.txt,23ba730b77e4f15a4c73242bc34eae2b891956ae74572962c9661e20262c54cd
data/staged/pdf_text/6a368721bcef1b229bfe5bd3bb2d40b5ddf61811dd86483a53841c6ecdfc15a4.txt,d327fb16bdac6e3b8fdca9d362ea7bcf7fb863577e1a15fade58986bcfec013b
data/staged/pdf_text/6cdd357410777803b9423465738698e06c86d90f2770b19fe8e598acca238bb1.txt,5ed49975b66bdae92a60b58e2566386373b72077ff29f906bc6798561826bd87
data/staged/pdf_text/70517aa73243cce5a00fb02792ec0a84e4aad3c728a1a5c48546bfa0f8409442.txt,df1a89f6fa0d03398050338e96f2ad35c859dd9e076122395e163b4782668a94
data/staged/pdf_text/70e61cf108214fb5b0a5bb9c687aa196fbffbb203a42f2b527b9f9a14f88e4a7.txt,07d3a4b83b5832df739de2a38ab36977d00b5494cf91e7b0899bd31bf3a406ca
data/staged/pdf_text/720b75ef0bff8893c739dde9a900298f9a9b9f95ec74db696ec8841b828d5850.txt,ca996a4db55179a4c2ba1172a4c113e2e796b0970f19a965b5e238c4e056061e
data/staged/pdf_text/7566afe81be70a79ee692a52f0438da0bfc935eb971e853654613533d09d55c7.txt,752c40f6b8b6fe79ab7f54f9a810528c72633dc0610196fe211c1c0373aa8373
data/staged/pdf_text/75b73130d02612d7c1c05f64b5a800a662554d854abc4445e565e0caf2439cb6.txt,9527e81270d5b484c947ddae6b5b478950ad0b98b1cd01e359f49df55dd2a784
data/staged/pdf_text/808adcd9cfba65450c62f6187416790bf6dcca2d2c50af97e8ecee5c8f9a84fc.txt,1d9493044a31c4b02d71c54d2a55d463ca9388d3c25af1c2e4af7335cd1b89f7
data/staged/pdf_text/83da19e7f5e189f542899a4ff549fbf2cd6caff6dab96ef41ff11835f4e66734.txt,3c2d381f683069613131a49e93983e2e316cf1b75379b2600607c1e6a32b7a38
data/staged/pdf_text/894b933a4fc5a46612a01bb5806599544d52a78c702fdf34203d30d7240bac5b.txt,5edf4e9810c1d0e2a71b21fb98d1a450f1109bc3094438df28275cf68f54a4ce
data/staged/pdf_text/8c8756bf0041e944a8ce2c1e3d1d8e3aa16e34722cd7c5643a68f09fb3e5a5d9.txt,c78c69c5c2f0511a30322ed15c2ba7880a7bf8dd9be8aa85773a9ca45e7e67fc
data/staged/pdf_text/90fcc484062c53afba4d33beaa9b5e0e5027ca7eea745254829727621b4dea52.txt,74b8988df29eafabae3fd388fc014fffc2e74d02b94a6c1994cb6ecee2252b95
data/staged/pdf_text/9f8e43212a22fdd573254ea59bd1cd1ba3f8d1ac7a1494b97682b50c65adc95b.txt,0f4e8471619d33c1e77e353917e88ba8e01afc653cc32509877a2e7e0b6953e0
data/staged/pdf_text/a27d8c520db11a7da4c8dc60168a373f40ed7f87cbee81d6da883b550f43e871.txt,47f890e878c55b5e05ac060558a2b44a7e60d42c0dca03256b7168ae829e9d84
data/staged/pdf_text/a462e80e674ef097b025a5d6a1fd147bba70fc5ecd04a37c12c03435d394b18d.txt,b9ea4b23d6df521af289fb3c1703de6b7d9af9951471dab9d831819f3bc746eb
data/staged/pdf_text/a65a5c4807f9e93fe2cd6c465ccaaccae2657d5b48db24ded879e80b26468319.txt,7985bcf7893dddcce666565b769c20e9b9a0f7bceab40433f90fef4412532867
data/staged/pdf_text/a9beb607d64a9ebdabe680bf68c20f0f2cfd347c8d24d9a0a3d82b30fa1094bc.txt,134922631becd6beae2d30e0a6a24599883455b6ab28fc09abd431308d0b167d
data/staged/pdf_text/ade438681fd2b080ed26cbafd823416f4d95a0df7fed95a67f508db4ccb0ac7c.txt,d41f9892e1df8680899d788a41f753c0c7e58ddf99c719068fc07e1d6e527dcf
data/staged/pdf_text/b0c5c614416bcefdea6f27d7eb88f9a6be6c9a728f9a8bc0380f9356db04e18d.txt,29ab04f06abf1644471616db38e39681758e71c9f4fd5a2d21a0c48324958719
data/staged/pdf_text/b247b3e65cb7029821c352a345952c0fb73323ae3462b90b52f5b653dca1a2f5.txt,4d7f95a237ad521f55ec72e17a97f3eecaf2e5dbe6ff6bd53b84ed3f71579375
data/staged/pdf_text/b289b7a3fb07c631744d95e58f66b47e45e0a4347c138c16684c58554010050c.txt,e3a9d03f22e712f9ef841bbeb738da7beedb19f7c7e058dae73f7dc276ee438e
data/staged/pdf_text/b742188f7e7a4d25e76a9e308fece038462ad1460e35f54b631a7ac587408d8d.txt,69602859c7a08a077a95818aeb81ce0d3cc4ca8200122dd60bbe1f8b43554495
data/staged/pdf_text/bff83f4d343364fcf84955d49a59748b9f82b4116f02cfbfb70ca9e5c3ba6b9d.txt,36a04e1855c6b832b4a9ecc9bb0469d247ed1a2378dada81b16b14aa0a975ca3
data/staged/pdf_text/c527d0ab39cb4e427fa62ce8c97d7f7b5074d06dcf2ac3af96ae616ddf7fdcc9.txt,ee898ab9bcd6c954b4c86049c3c59c1c382dc7375742de629ec4e074757ac9eb
data/staged/pdf_text/c9e00558131c031e6df06cef301f3d81f8c0f0fe4f6eab31b670b0512414feab.txt,d096fee54ac37d3ca839b26ee277b8fc6cbe1f95f707805469adbf924761a09f
data/staged/pdf_text/d225b71e078de3e7903d26ef108379f624797a80735d28f23efba6334c373912.txt,8fd1a63047e93c7a0a325bed8caddef53d2dc4952e885990321a5e19b2fc637f
data/staged/pdf_text/d3bdc37aa3e72dd26cd4065e2019ef0154a1f93b16d3f0202d05f03b5fe8c968.txt,4f5c9d6c8f7d02b937a2fd81d6ab09bccbd68a19d22046c6e1c6ff8363f5db81
data/staged/pdf_text/da11fbf0ece767ab2872f6f40311e00bf7df9bceafc4f9ce045d9c29bb28ed92.txt,a5588262b6241bf925fcdfb8447079161123f8929e9a155c0b245db9839468fc
data/staged/pdf_text/dc233154be5b674cb88e215791cc0f37d90bdbe94d06dff17e6fed269a0f7d9f.txt,086ee9928cf3b7a7f929e576502110a99cb4c2f131ba3d1bb6aaabbc8f4f475f
data/staged/pdf_text/e5df2c787de7dcb0a2e0db08463e2f03569396fed88580c86947a2197a284875.txt,06a70ed78f61a335955894b0884205b16ecc51f51ce9640f5cc403b9827614e8
data/staged/pdf_text/e8f57f80285b5bdd4a7c065b26e86816a49adf47b0621eb892b91b0ed574c58a.txt,b20e7e44579822f4996eae484ce60921072d1dd7a61082abc189bff15cee3e26
data/staged/pdf_text/e9ecf26d9d265a70fb06ab20847c338f10a9bf24ef3dbf6ed58c57c6a251b931.txt,073456df662888d82338b294c8cd0bd1c2df8e4269275b2cbb484fd86a574484
data/staged/pdf_text/ea078d9bb489eb228f003f5675c7825a8b6223f409e3dad8375bcf6a9e780378.txt,bcc8eeb6b071f84585e4f613923561a4d48e9cf80324d86f3d44925124cb4943
data/staged/pdf_text/ec903ff08af3f81b601966e19ded4bbc7ec874605458f51aa9d213ffc322d3aa.txt,e9855215671964b39fd3ac96777de57e9d11358ab321543975190867a1dcf28d
data/staged/pdf_text/ecc470f4fb71a5b29f7499ce815fe4f6605f9de139444664a3134be6e5dcd577.txt,d41f0661ab826d33ba9f43c3f8b0ba5e59a0077ed79ac1770b2ffdcd88f963ec
data/staged/pdf_text/f73aeb4a71997f5df77ed1b4d5cd616609805096dc5b3333ed61b3dba5b62051.txt,0d51a69b14f2b1913a6f24f39abb16d3cae36d75f600412fdce40e5c85eeea8d
data/staged/pdf_text/fbe43488370ed17260f5eb6525fcfb25d0453d9a5c2222cb252bf9de41dd62d1.txt,db4aa67fafa241125a02f7b01876e9df909877764040f36c5d1fceb1beb40b86
data/staged/pdf_text/fe6a75eea6be0515dd7aae147197495ec4ecbc0e96e953f867d6a3d269c7dcbd.txt,8efe35ea74fab2dfd20bc6c9ca18f5d00659eb1fd7a6b1a1e5ea3a9ce34052bb
data/staged/route_service_hours.parquet,217be1d678d22758b7593208ce23e414f143c7881791afbb186cc44017737491
data/staged/tago_citycodes.parquet,7de74eb8068a67dfaa8935add65ed6635aa6dff73912c4f033ff8bed4af55896
data/staged/tago_stops_full.parquet,12cf960ff1b7206dc7919431249136e9f10d9f466d7ff28bc31171762397470d
data/staged/tago_stops_nearby.parquet,099daa7fc51c06b2c1422c239ee063e568c39bc882c49cb0f9486c45d09c5de2
docs/submission_audit_v02/batch_reference/run_arrival_snapshot.bat,cd6f7441969ee6ac8137dee26d06ba3a466f10c69f4d9213383e3dee453c3e3b
docs/submission_audit_v02/document_date_annotations_v02.csv,627ff88ef979e02776252d2d34e7547bd240d3cedd1b2f0c233f42692cdaded2
evidence/arrival_ledger.csv,f74da214e81f7500ad491f7b78e2bb637a638c156eb62ab93e0ba813498641c2
evidence/arrival_raw/2026-09-04/31130_GGB222001318_0820.json,83c2f102665f8c086242371ad29df38073de47b48e30dbbbccd95ad5f1fd0606
evidence/arrival_raw/2026-09-04/31130_GGB222001318_0825.json,4ca721596a600c1ee8db4f9dfa0eff88ef35240bb7f1fc00f6287bf64c9a1f46
evidence/arrival_raw/2026-09-04/31130_GGB222001318_0830.json,8f70df5596925b5b88435ec76f365cd63b6309eeb6d56f7f45f7b1bae8786ee6
evidence/arrival_raw/2026-09-04/31130_GGB222001318_0835.json,22e7ef2e67cab9d8b15b666a956a7e674134b27e8c0083dd5338612781979b08
evidence/arrival_raw/2026-09-04/31130_GGB222001318_0840.json,724b4f8493c9a34f5fe9c0aef8bed8606467713c91f60295f02fa8fe255dec65
evidence/arrival_raw/2026-09-04/31130_GGB222001318_0845.json,16bd13b1d4065036ea2149ee06bbf5f4d214b2469afb9b2103b2a13bc2daf9cc
evidence/arrival_raw/2026-09-04/31130_GGB222001318_0850.json,bde5888b326468eacc0e511569c15e9808d447dbf7cbee822c4324d88aa3d177
evidence/arrival_raw/2026-09-04/31130_GGB222001318_0855.json,9496316f723720849ac219cd20edb117e2dc96b418216afc99aaa5d74dcc7cdf
evidence/arrival_raw/2026-09-04/31130_GGB222001318_1700.json,9d175627cfb1b064d4457a9eaf41c10af4366b19c3a90aeeab0b17a40fc9eafc
evidence/arrival_raw/2026-09-04/31130_GGB222001318_1705.json,b914e444a6049d303f50369dfa03f104a206edaec9fa4598af9cd36f12d493ae
evidence/arrival_raw/2026-09-04/31130_GGB222001318_1710.json,5cc61292a9985ee807dc5916e8472821b202749c1ef5a90c0f5a49c9c464ae56
evidence/arrival_raw/2026-09-04/31130_GGB222001318_1720.json,02b68b1a145541021d03b2bd6b264e50453f67ce18f0d1163a540eb836d473f6
evidence/arrival_raw/2026-09-04/31130_GGB222001318_1725.json,4657e3e24470527579752dc27d197cca76412440c4ced56b2e6dbe8e71d93aef
evidence/arrival_raw/2026-09-04/31130_GGB222001318_1730.json,e2e457a6693003f20e69bac91721ce1915f18da7e627f012d06d18dd72c2fbb6
evidence/arrival_raw/2026-09-04/31130_GGB222001318_1735.json,6792ad188c3100a16278a4b648efe050c0dbc8190f322815df8d22de59bb03d8
evidence/arrival_raw/2026-09-04/31130_GGB222001318_1740.json,2f4ed98fa83bdbaceed751a6e041856ce0b3a90ddd1cda015b581d79d9d9dad4
evidence/arrival_raw/2026-09-04/31130_GGB222001318_1745.json,8d0adb2047218057f8380ccd98d14569d4a2a88d99e35ebf580e7caef28dcb26
evidence/arrival_raw/2026-09-04/31130_GGB222001318_1750.json,80824a91453648bd2301e7901053473b3f45775036800badc4c2cc5d72e71ca0
evidence/arrival_raw/2026-09-04/31130_GGB222001318_1800.json,10d9c711b14e4aa6aa1569e0437e6fb5189348cfa1d7ac5fd6cb02be5fb7924a
evidence/arrival_raw/2026-09-04/31130_GGB222001318_1805.json,1f8a3050763e01c1cd73fabb66c815b2149d295279b52d12ab730b770b2534a6
evidence/arrival_raw/2026-09-04/31130_GGB222001318_1810.json,a864a78ed4d02501be6228c3d5e28c734d0b4de066aeb437c97eb877d9827bb6
evidence/arrival_raw/2026-09-04/31130_GGB222001318_1815.json,176ad5cb94fd508045c53a3d86c52c7ef7d1a268d7b0a113dbe6a3b54ed03c22
evidence/arrival_raw/2026-09-04/31130_GGB222001318_1820.json,7de6b52a9b931bcd26a24d66367eeb4a5848e8d47a8b01dffef2d487c06bf0b7
evidence/arrival_raw/2026-09-04/31130_GGB222001318_1825.json,9f81a97d1f2eaf361f20f57e2669cae46a8e64e130c09cd4b477b59600c8f6eb
evidence/arrival_raw/2026-09-04/31130_GGB222001318_1830.json,acedd8fbea99d40f6a8fcf3f42f34d1e597cd3e45c34df6fe38de624d8d56435
evidence/arrival_raw/2026-09-04/31130_GGB222001318_1835.json,bb0570c214f5a5f7e711bc28535d747aaf7957559a74db892dbc78a29fefcf14
evidence/arrival_raw/2026-09-04/31130_GGB222001318_1840.json,02c90a4a25d4971496082435c9436451695615389624a0bcf1f688ce6aff9a83
evidence/arrival_raw/2026-09-04/31130_GGB222001318_1845.json,cbdb20cbcf4af4f8a90f95027212bb73523b3aef0b2862652a86c880d8a7cf33
evidence/arrival_raw/2026-09-04/31130_GGB222001318_1850.json,ec09856ae4549d05b95b9dd841586dfd83e34b764c4569ade907f7c76f719e25
evidence/arrival_raw/2026-09-04/31130_GGB222001318_1855.json,062ac3cbfde310083c6f4fdffffdb03447f2d41cc421eb085e8d69c40e690353
evidence/arrival_raw/2026-09-07/31130_GGB222001318_0700.json,ae1851caa319774afe7821a8735f3be7f28628cf625ac7b69f02f59bf5e57bec
evidence/arrival_raw/2026-09-07/31130_GGB222001318_0705.json,bea8c9abdeba7178f5f303e8593d27c10435452c68f9e93031fda7d8be1dfe58
evidence/arrival_raw/2026-09-07/31130_GGB222001318_0710.json,f8c08ba97727fc7645c96b14bba74949ad81f1ff761bf75e94a2759930650b03
evidence/arrival_raw/2026-09-07/31130_GGB222001318_0715.json,cd4d5d19b6e4cdcb7fdf66e224ab919549fb6a0b66f628bfa3b78370cc494815
evidence/arrival_raw/2026-09-07/31130_GGB222001318_0720.json,ff830ed2f3844eaa72febbf0a3050441cf8276c77be7824520976df24930274f
evidence/arrival_raw/2026-09-07/31130_GGB222001318_0725.json,bab0e51c05c6e66e7fa4ccff3f73a52ce32a28eee01273223142966762585252
evidence/arrival_raw/2026-09-07/31130_GGB222001318_0730.json,a81f888f149f8a75dc294dd8d9ac01aafd2c4499b3281ea81a9548ce055905fa
evidence/arrival_raw/2026-09-07/31130_GGB222001318_0735.json,fed24b3c849f29681500bd3f8440692acf3f21b180e85e0dbab9ece4bf6988ad
evidence/arrival_raw/2026-09-07/31130_GGB222001318_0745.json,81841e878d1ba1cedb4a27be4ba3b4c25a8ff3a9005176ce9e610aa047996c17
evidence/arrival_raw/2026-09-07/31130_GGB222001318_0750.json,3e5db27779d130952d7e58241dc091221e4ace1d62a02ea4353cca51c357acf8
evidence/arrival_raw/2026-09-07/31130_GGB222001318_0755.json,24fd92cc36d46435834987e469078079922e340f4923f5a0d28b1378b8a363bd
evidence/arrival_raw/2026-09-07/31130_GGB222001318_0805.json,c8d6252ab12603f532f872f2c7b5ff32d806c95f34441e9b35c9b01ab8043a22
evidence/arrival_raw/2026-09-07/31130_GGB222001318_0810.json,59af494607d23e16757ece5bbac004fbcd6e6e42a9a696d8d62494406ea60bb4
evidence/arrival_raw/2026-09-07/31130_GGB222001318_0815.json,bd45953f730577b708a9d3b9ef9df399dfbc49fc2fd628a8cf6ad61c8accef4c
evidence/arrival_raw/2026-09-07/31130_GGB222001318_0820.json,42c4b29dba32f0c9a1057f26f6c1130e15b6038f78e41cd319dd8a50afdbffd2
evidence/arrival_raw/2026-09-07/31130_GGB222001318_0825.json,1cc1c81eb9d453d2ab493519683a737139b1235cea39567c69e1423ca5ba29a9
evidence/arrival_raw/2026-09-07/31130_GGB222001318_0830.json,697761ad1c26941a2a391064b8e4ab0bbf5d73fbe929a8d4badfbd06a0777dfb
evidence/arrival_raw/2026-09-07/31130_GGB222001318_0835.json,a96096c003486ce1b13e014ba97f202969c7f9b4ba0d5c40e562894e5f87a09c
evidence/arrival_raw/2026-09-07/31130_GGB222001318_0840.json,5c7da5bc76adf29d89b83a9c255a251078aefd31c6675c8ec121b083c7fffc94
evidence/arrival_raw/2026-09-07/31130_GGB222001318_0845.json,674d80e118eed84bc2e30105fca5ebaf81ae70dd9284d98b6ccc132cbd0f58d3
evidence/arrival_raw/2026-09-07/31130_GGB222001318_0850.json,3e20b7265ec671c8384d68c4af3d9661a204c8a5553458753822f235cd634b5c
evidence/arrival_raw/2026-09-07/31130_GGB222001318_1700.json,e331ad89575856cf430ad13e796dfbe1481aeae769c7fc53e2df8b41323e2431
evidence/arrival_raw/2026-09-07/31130_GGB222001318_1705.json,0ca36e33ce805229768b3f3149fa5a57dc9b1d313eaac8808a4f33bc3d2d6a8b
evidence/arrival_raw/2026-09-07/31130_GGB222001318_1710.json,b7ab2cca27f155c1619857ca4edd813448a0ecd58620ffe08534b9253da33008
evidence/arrival_raw/2026-09-07/31130_GGB222001318_1715.json,9b665d877de727cf65cd7d6a7fe9d64e856aabe543ec5414f16ab445d75583ec
evidence/arrival_raw/2026-09-07/31130_GGB222001318_1720.json,c64a0d61a9ff0835518a1926df9bb5a433af0ff207ac147c0f797b0a8afe59a3
evidence/arrival_raw/2026-09-07/31130_GGB222001318_1725.json,48b54e4ab91a62fddac59fac6a7bd478349e628ecfef733182842ada0d52cd9e
evidence/arrival_raw/2026-09-07/31130_GGB222001318_1730.json,f8463350d28d73ab6ed986e446847c634c7cbbae3c2a441917315638120b25fc
evidence/arrival_raw/2026-09-07/31130_GGB222001318_1735.json,c20db2786763c52d87854e38c862d960a8e13ac51be8d7a7fb3d6cf540b96fae
evidence/arrival_raw/2026-09-07/31130_GGB222001318_1740.json,f5442d8e154d334f63749db6b21cd8e7fc129fcac9d913cd985b01a7a6f4554f
evidence/arrival_raw/2026-09-07/31130_GGB222001318_1745.json,3a0517791817ff5daff11551e682f12051135660ecf17a3e0fb7fc49a8d3b651
evidence/arrival_raw/2026-09-07/31130_GGB222001318_1750.json,be667324356fa174f629834ebe820843b6ee7a72b72be77b2709b29dca314903
evidence/arrival_raw/2026-09-07/31130_GGB222001318_1800.json,6d34d6da468cdd15349fe0cc5e20ed01b4dff8e8303259075938042af9ec4961
evidence/arrival_raw/2026-09-07/31130_GGB222001318_1805.json,6db240a346c6111778f2cb4e7438540435116397efa47572dda1bb596e674edf
evidence/arrival_raw/2026-09-07/31130_GGB222001318_1810.json,74ebf7c00d0b8a3dac331d954ad402b05bb8c934bd3e0b35048a404f12d6d89f
evidence/arrival_raw/2026-09-07/31130_GGB222001318_1815.json,0d4d0e1fea496bf8e0304f917b148afad4db028a5739c89998db29746e2ae2e9
evidence/arrival_raw/2026-09-07/31130_GGB222001318_1820.json,3ea2468bf87bb8f0c82dcd56fd3d96e9dc7646d9527d0ce2881454524986a6dc
evidence/arrival_raw/2026-09-07/31130_GGB222001318_1825.json,3b7fc3cdd3dfa4d18e8b99f6e7ca998d45ad48894abfd0d40aaadeb443da9d80
evidence/arrival_raw/2026-09-07/31130_GGB222001318_1830.json,986ff8a3a1916d1a8ff1631b9e8854bdd016bbfb7c6dab0fdf1684cf5c3dae12
evidence/arrival_raw/2026-09-07/31130_GGB222001318_1835.json,d8a9f1d720674b48d0236c5e4a218da13ff66326de9bbbfa803ef53f2077a818
evidence/arrival_raw/2026-09-07/31130_GGB222001318_1840.json,b3cd061fa53df3cd540363e004a47dea6ae85f2074d50e186938f23c765930d7
evidence/arrival_raw/2026-09-07/31130_GGB222001318_1845.json,cdb9a7b172836675af4b6eb4c6c38b8b9cb917109f9676b8c15692251c8660b2
evidence/arrival_raw/2026-09-07/31130_GGB222001318_1850.json,583244c1672d9a14f02cbb4a025b40b0ce7e7ea73245a3df9fe39a2e8748b0e2
evidence/arrival_raw/2026-09-07/31130_GGB222001318_1855.json,753d45035f18c16b3cf0fc07f3213535c23affee3cba11af91a651dfdef7ba51
evidence/arrival_raw/2026-09-08/31130_GGB222001318_0700.json,d60ec94a95d6f1a20b7c84cc5042da23a2931b3b98391ac4385dab7d1dccf077
evidence/arrival_raw/2026-09-08/31130_GGB222001318_0705.json,086b3018cc490d7762070dba713fb04b95484d27b4dadcc9499c3b927c567c74
evidence/arrival_raw/2026-09-08/31130_GGB222001318_0710.json,2fccd14d95644ad33d1d0e9aeb3073b5c1e597c56b2317af0c0afc5e7d8a75cc
evidence/arrival_raw/2026-09-08/31130_GGB222001318_0715.json,9a05ad360035cfe50b94775bb1a63bb6a390d98b2cdffda22e39f75bcf1abed5
evidence/arrival_raw/2026-09-08/31130_GGB222001318_0720.json,2a0cf5c06b1a72e24078e6bd44734c268238794867103fce795e39ced1310d10
evidence/arrival_raw/2026-09-08/31130_GGB222001318_0725.json,e4490bfdeb0daa692dbfe109ffd23371cf65befb97fef0a9139f7e266f478694
evidence/arrival_raw/2026-09-08/31130_GGB222001318_0730.json,ab0608068121a87bceddcc0e842f112a53154ead0f48545b703d815f1138add5
evidence/arrival_raw/2026-09-08/31130_GGB222001318_0735.json,68384f628aed49e5f4419a44220165b43636953b484c837e36d504ca80faf41a
evidence/arrival_raw/2026-09-08/31130_GGB222001318_0740.json,4f36cad307e4f9f9597983d582573d8c4cf41de2554d86dbb03df6501cfdc865
evidence/arrival_raw/2026-09-08/31130_GGB222001318_0745.json,07f52d372f789ae6eb7c1caab4e3c1adae293c9d4539d2170fd188f677f4570a
evidence/arrival_raw/2026-09-08/31130_GGB222001318_0750.json,b4fdac61c7bb9897d4c89667d1af5ae07f9a8b5a3d48abff31330fbe5fd36ee3
evidence/arrival_raw/2026-09-08/31130_GGB222001318_0755.json,9a45aacf5235a67b039f630581890c40f98a7715f6f06c7b6c426313fdc93995
evidence/arrival_raw/2026-09-08/31130_GGB222001318_0800.json,a449b503cec57bde74c3d85a5817e11f5a6c23a5588b501e3572ed7416bcd6d4
evidence/arrival_raw/2026-09-08/31130_GGB222001318_0805.json,37c77a3f9f3a64c87bf02a0f1b33bbd491c593124d021f216cba7326089ae57b
evidence/arrival_raw/2026-09-08/31130_GGB222001318_0810.json,755234ac5a0a7ca2bf0fd3b803825fa62eeaed3a82a54534ffd72ab029b19cc3
evidence/arrival_raw/2026-09-08/31130_GGB222001318_0815.json,e8e448189f89cce5e677528addd3675365c19fb655158409b7c119b6ca2b7e9a
evidence/arrival_raw/2026-09-08/31130_GGB222001318_0820.json,794394b7db4a2a6408d61019fe0d50e4c5002d959e680a8242e2bcbff36dd5c7
evidence/arrival_raw/2026-09-08/31130_GGB222001318_0825.json,c1a4ecbda504e06e066905de0b5b090d39128b36ab12a0137a531ab09a13ad2d
evidence/arrival_raw/2026-09-08/31130_GGB222001318_0830.json,489d80a22233fdf92aec75fe59b8f17d3858c626ca2385ec7abf84846cddca0c
evidence/arrival_raw/2026-09-08/31130_GGB222001318_0835.json,ab574b3aa59698653889c8eddec1efb5d82cca12bc260a8b58e085c122b907d5
evidence/arrival_raw/2026-09-08/31130_GGB222001318_0840.json,3ebead0e1c8f178ae65416569911672d0683ce3b968bdae417d963be33a5ea11
evidence/arrival_raw/2026-09-08/31130_GGB222001318_0845.json,c27f121ae402fbdd494e9181252903e459c0791cf51f5b434e3a72c4b9a7bb4f
evidence/arrival_raw/2026-09-08/31130_GGB222001318_0850.json,199bb08430fa72f85653a5a9193748235db44348db8558589953e38a6fd39e84
evidence/arrival_raw/2026-09-08/31130_GGB222001318_0855.json,61b84a86583c99911bc26147a39c4a2c9e6e81b6a3db32542d2054748710b657
evidence/arrival_raw/2026-09-08/31130_GGB222001318_1700.json,ca241df9800dd214fbe5a045a4d26052798d9e0333089fd4e17ffeb48c6a2899
evidence/arrival_raw/2026-09-08/31130_GGB222001318_1705.json,c48c3cd8a330dcd12c494123ace70b1be501ec8c329ed078bb64ee9cef3bbf86
evidence/arrival_raw/2026-09-08/31130_GGB222001318_1710.json,507d19f1d329f35410b6aab3c4db804c67b3e01ebf4624222e4717156d75943d
evidence/arrival_raw/2026-09-08/31130_GGB222001318_1715.json,e87160da4223bb96921b1775f03e15d0465aa95a7192d6c60e81b256666055db
evidence/arrival_raw/2026-09-08/31130_GGB222001318_1720.json,bceff6b61877842173da49c8fa59a486029363bcc526a0b171edb0704f2c75aa
evidence/arrival_raw/2026-09-08/31130_GGB222001318_1725.json,1bd4046fabaf75b2af891b72426683ce487006f9a1ca2cc916aaf33ff8de9071
evidence/arrival_raw/2026-09-08/31130_GGB222001318_1730.json,c7eff77031782a315fa87d5b65e64eaa405990fdc6b09bcbbeb20079d8fc5333
evidence/arrival_raw/2026-09-08/31130_GGB222001318_1735.json,deb4e8c7b1f46e56ede602a7fc1e631d7794630c8393c9411c517410646c5bdd
evidence/arrival_raw/2026-09-08/31130_GGB222001318_1740.json,66022259ef5781a75581b77f3920704f2a559de3d077723cf88fee22dfd42562
evidence/arrival_raw/2026-09-08/31130_GGB222001318_1745.json,954fee27fafcdc6a3b9dc5dc82f07ec754f6875fcebaa52d5cde41e08f49eacc
evidence/arrival_raw/2026-09-08/31130_GGB222001318_1750.json,954fee27fafcdc6a3b9dc5dc82f07ec754f6875fcebaa52d5cde41e08f49eacc
evidence/arrival_raw/2026-09-08/31130_GGB222001318_1755.json,10b4747273b288bfe2b65712c63317712dd442a7de3cfbef60220406d79fbe59
evidence/arrival_raw/2026-09-08/31130_GGB222001318_1800.json,f963145f76fb6e0a8e34baaafdd8bafb949a979acdea0efaeff92c6c9148bb5a
evidence/arrival_raw/2026-09-08/31130_GGB222001318_1805.json,3bdf717227af455348b4442994cb6af7fde42700ca7fd303ae59e04421321172
evidence/arrival_raw/2026-09-08/31130_GGB222001318_1810.json,f71684ec8b85b10ae9bd84bfe53be39880e148012bb57ed62700cfdc2803f2c1
evidence/arrival_raw/2026-09-08/31130_GGB222001318_1815.json,80843d4333752510b2512a461a2c3e8df679dd20bb739408e59be987f9cef72c
evidence/arrival_raw/2026-09-08/31130_GGB222001318_1820.json,9afbafbde39ae6ee1d12d95148395e0d9c4eb40aba72c5f208bbb7972c71fdc6
evidence/arrival_raw/2026-09-08/31130_GGB222001318_1825.json,ba73b057df8e97bf7b36ee7fe9c2fda5d162e2d1d1ab4c9c2246ea37286ca57d
evidence/arrival_raw/2026-09-08/31130_GGB222001318_1830.json,29aa8b88e1db4124a399c54174bfdfe3a52b108b46214088b8be9dba6bf7d390
evidence/arrival_raw/2026-09-08/31130_GGB222001318_1835.json,b9d9c6fb506baafd90d68d356644415f59e2e86a64447027c57d58f27d88b5ce
evidence/arrival_raw/2026-09-08/31130_GGB222001318_1840.json,c121a3e20f3497a9de3c2f413302dbf12cf75676535fdba8cdb901fc5dee8521
evidence/arrival_raw/2026-09-08/31130_GGB222001318_1845.json,f335ae3d54fc61034cda1d2f31dedfaa90682cfc5217d94cd14fe95b9f7d435d
evidence/arrival_raw/2026-09-08/31130_GGB222001318_1850.json,ae82736d08cbe6c9e03921bf11b21fe4392b8e65ecc34027b616acf39c8aa36f
evidence/arrival_raw/2026-09-08/31130_GGB222001318_1855.json,f0cdf6174b1f44c0624e557b16d010a539418d7f66c52df9fb0568f048fb46ff
evidence/arrival_raw/2026-09-09/31130_GGB222001318_0700.json,e46f8c303b88c34b1eab6ee3ea4f1080f8f35406504a8f23154451dc1f13e211
evidence/arrival_raw/2026-09-09/31130_GGB222001318_0705.json,852dbf794368ef040a1c619284aa7648167aa28812281fd0b3b135f0b9c103be
evidence/arrival_raw/2026-09-09/31130_GGB222001318_0710.json,566b533e0e7e973da59526510de49eae807120602cea1233616ae39e49c56e2c
evidence/arrival_raw/2026-09-09/31130_GGB222001318_0715.json,b7bb5d2d34c2fb7f1ea3b1bfeb872fc2d2233d8919e0b1b06b682651853f787d
evidence/arrival_raw/2026-09-09/31130_GGB222001318_0720.json,fe4862c7039cba9cd1017b5c5bf29a6d80e21bf26977c0ecfd1c42e1b8a082fe
evidence/arrival_raw/2026-09-09/31130_GGB222001318_0725.json,341df4d6d091958cd3f29a517a34eb761237459404bcb75cdbb824156909a1b2
evidence/arrival_raw/2026-09-09/31130_GGB222001318_0730.json,3b0c2cb9d7c29297978d2224a206421cef57d3d434e76b644bd13895017dc7c2
evidence/arrival_raw/2026-09-09/31130_GGB222001318_0735.json,85aad39d78efa42b58cf1b233f10995ee7cd159228f1df2c15079b7453836d97
evidence/arrival_raw/2026-09-09/31130_GGB222001318_0740.json,7f2d3aebb6cb2588026acfb103118eb45b375b5cd36612847ca39aca571b761d
evidence/arrival_raw/2026-09-09/31130_GGB222001318_0745.json,eecdc3b21c55138581afc64ace61197aac14c90fb849b343639f622413b2a627
evidence/arrival_raw/2026-09-09/31130_GGB222001318_0750.json,662ce8fa607463a24931ecdb32c68d060b3794fd404feaa9766c4883391e4a11
evidence/arrival_raw/2026-09-09/31130_GGB222001318_0755.json,f2fa44c4d0dcf5dc38c91df0f18eb809a37ab3d259f6b1b6549ada93ff0f2171
evidence/arrival_raw/2026-09-09/31130_GGB222001318_0800.json,188ce17248c33f79483c302de460f473482bd84f68e6b310b6ac5ea5f2ef5b2a
evidence/arrival_raw/2026-09-09/31130_GGB222001318_0805.json,1f5ca370d440c4915ad8cf28bb4a33869b7828cafa56e1cd3f8d47cab5cf9a9d
evidence/arrival_raw/2026-09-09/31130_GGB222001318_0810.json,cc439803c9a36332d9b49c3a569028b9cd9a1ce4b71b509d37e3eb6a85492fb4
evidence/arrival_raw/2026-09-09/31130_GGB222001318_0815.json,31ac0c61d1230feb5d14bbae0823da5365c36681f8bac0b18737e045ea709558
evidence/arrival_raw/2026-09-09/31130_GGB222001318_0820.json,9aaf520977ea00f31618e9ac80abbed9d23b68ed0dbbdecf3e732573c7ae8950
evidence/arrival_raw/2026-09-09/31130_GGB222001318_0825.json,4a8b353151d9310c3345793fd84d6cd17c9bb553a90e020ab63e0792a4b2ae75
evidence/arrival_raw/2026-09-09/31130_GGB222001318_0830.json,5d1ea4f6d3cb93286db56360da46fccc3733a0e74c6b6d51bb2aa02eac01a159
evidence/arrival_raw/2026-09-09/31130_GGB222001318_0835.json,489cbc8620c6995a2bca6d47ab466a28efdd5367d879dc6cadb56edaaeeb30bb
evidence/arrival_raw/2026-09-09/31130_GGB222001318_0840.json,135ccf5968bdb4c7356a7ecab27ca87a4d7d59635c43e727a880c1bb9fca284a
evidence/arrival_raw/2026-09-09/31130_GGB222001318_0845.json,d2832e7e58ce0346d251ed5f06bdc90c5212559cd0643f550d2e876ac3733708
evidence/arrival_raw/2026-09-09/31130_GGB222001318_0850.json,27cbe5bd3f86f7563e710bde5667b67d0e39c2003b3671663d85646e85d690db
evidence/arrival_raw/2026-09-09/31130_GGB222001318_0855.json,a3be2542d3264f6c6809d4ad0c8487a4e6e94ba73c15d12ca6e22698d3fec93b
evidence/arrival_raw/2026-09-09/31130_GGB222001318_1700.json,435ae2d6ea5765ad68e8ab2cd74ca3966a1cf49e087fc764bd53efa6514bd189
evidence/arrival_raw/2026-09-09/31130_GGB222001318_1705.json,59b09aa4832eab364bca6b5a8cf7f53c4f1f186275892467fa6166e25944a8a7
evidence/arrival_raw/2026-09-09/31130_GGB222001318_1710.json,08eef16f8a11caf0df903f96ba75f50a03b03c17265b1af248f97f89e60e1880
evidence/arrival_raw/2026-09-09/31130_GGB222001318_1715.json,19db9452c4c792376528e98bf52a775239a25d90e94810d06e8970a53f734dfd
evidence/arrival_raw/2026-09-09/31130_GGB222001318_1720.json,2e1a95edad230d6ee3c6d69efe49431454c2969fdf86554a04e3f648c6775a1c
evidence/arrival_raw/2026-09-09/31130_GGB222001318_1725.json,b5ce095e6cffb33157d057d5749c28f464f9f9503aefaa89383a4bcbe02a23fa
evidence/arrival_raw/2026-09-09/31130_GGB222001318_1730.json,74a3625a18d3b9654e25685d868f0e2408f5389c9aa6f972be65fcf8730a10a0
evidence/arrival_raw/2026-09-09/31130_GGB222001318_1735.json,0978568850676785d59a157a2c76721a7c2e4f2f0a84f19ec8c3ac17ea02258d
evidence/arrival_raw/2026-09-09/31130_GGB222001318_1740.json,ce82719d79f6609ccd058ab633f014565d6bc69695296ca9a21012d6aca6927e
evidence/arrival_raw/2026-09-09/31130_GGB222001318_1745.json,f3b8bbb8480bce66b8732479a2536189b110cf380d7ea9032ca297a9e3ea93f7
evidence/arrival_raw/2026-09-09/31130_GGB222001318_1750.json,98463c753795ab70b4ec44b8051455cfe7252e353b9e8a2eccb23816a47cb246
evidence/arrival_raw/2026-09-09/31130_GGB222001318_1755.json,0d10cbd01c485ebfe572d36f47fe53a2a78861b392a5f72a0c93ac0c44d2e52c
evidence/arrival_raw/2026-09-09/31130_GGB222001318_1800.json,603c10e7498a3718d81b36fb038be82d370b034e6f9a8f2e8d5f4703f989606e
evidence/arrival_raw/2026-09-09/31130_GGB222001318_1805.json,6792ad188c3100a16278a4b648efe050c0dbc8190f322815df8d22de59bb03d8
evidence/arrival_raw/2026-09-09/31130_GGB222001318_1810.json,be226dba76a9acf3ca2b02d5ed90e06257dcb36ff801446c6e01657762652297
evidence/arrival_raw/2026-09-09/31130_GGB222001318_1815.json,732c30167979ae5bb4bb392fe6fbc684994fc621fe4dacf9401386a12147bca3
evidence/arrival_raw/2026-09-09/31130_GGB222001318_1820.json,6f69f086b3e66080bcad68f581c9a88680fc681b7fd46bbbb8226db54164034c
evidence/arrival_raw/2026-09-09/31130_GGB222001318_1825.json,eefa62f01b6f6736cfad6ea6327f7be797b470349fa626a61ed1a0e1f9ae8e07
evidence/arrival_raw/2026-09-09/31130_GGB222001318_1830.json,8714c7e5a4f797b41ce8ee9c2f7a4080b6bd32f51777bfff6b6bfb29f2adbdee
evidence/arrival_raw/2026-09-09/31130_GGB222001318_1835.json,27521ac2c56680a7ea8232eecd689d126af1410d47257f276b40571155108478
evidence/arrival_raw/2026-09-09/31130_GGB222001318_1840.json,888ac1344292f6118cecdfd3db172b11cc3d5514a1a0dac540cd2aca61b28a0c
evidence/arrival_raw/2026-09-09/31130_GGB222001318_1845.json,fc05ed2acbacf55dce46e05629534824aa3a3feeed0b015d0d57cd58752f62a5
evidence/arrival_raw/2026-09-09/31130_GGB222001318_1850.json,06e82d7f2c6312c8e1a6f76ff3ee62fc95e3396829a65de8c2b56778c2ef2d39
evidence/arrival_raw/2026-09-09/31130_GGB222001318_1855.json,ac45f21cecb78c09bf872ee3e115f47bf98228ad41d41c8e1b1a96e12feb575e
evidence/arrival_raw/2026-09-10/31130_GGB222001318_0715.json,43cfadaf22410d5283e0c7163be9ed8716cd0d4f86c85ada53e0c656e68d3e2b
evidence/arrival_raw/2026-09-10/31130_GGB222001318_0720.json,a81d0f12467637e769d5546350ce6f07e6c1d4cb50dd14c105aacbc49bf4003a
evidence/arrival_raw/2026-09-10/31130_GGB222001318_0725.json,fcb7e41d565b987be6e9097a2f97d07f491e4b662834c11b144f277e3b281a2c
evidence/arrival_raw/2026-09-10/31130_GGB222001318_0730.json,82ddbf081ecf46f3613bab04d84d3ae921f0af3ceafeeff213e960d132844623
evidence/arrival_raw/2026-09-10/31130_GGB222001318_0735.json,b93223e3cf298d5e916e1d2e15d3d9075efff5edc44351c4b480e61f862ee699
evidence/arrival_raw/2026-09-10/31130_GGB222001318_0740.json,5db26abfd021b8cf8ca53617c81549b8e9dae932e476d67fd582aeff00e69cb2
evidence/arrival_raw/2026-09-10/31130_GGB222001318_0745.json,16c8e50b2be3fb349e6c71fb78cb1b2b51d0e8c0454f35e0f7186e811ac0535e
evidence/arrival_raw/2026-09-10/31130_GGB222001318_0755.json,c2392c4c9c2da84e006a256c941ed2f93c8250fc39a66efa55799b3e477b61f7
evidence/arrival_raw/2026-09-10/31130_GGB222001318_0800.json,71275c3b694b26453dffdd6f62ff5b99f260b8795b66bd60369b5593a7a7d38d
evidence/arrival_raw/2026-09-10/31130_GGB222001318_0805.json,509c2893ef41fe08b9aa6971719448ebbbdd36766a3e012c93c4d9f32c1459a0
evidence/arrival_raw/2026-09-10/31130_GGB222001318_0810.json,c61523008b425d1bc9f1424e600e7cd6dc3d2687ffc333dc8aaee313c2b2b68d
evidence/arrival_raw/2026-09-10/31130_GGB222001318_0815.json,27511981d210c802d3601695d9788ce3a8f989cca6ecb3934968a46d05cbf16b
evidence/arrival_raw/2026-09-10/31130_GGB222001318_0820.json,b6239651f216dc85bfac599c24ee251a14163febf36cef8aaf9c73cdf0a6b7be
evidence/arrival_raw/2026-09-10/31130_GGB222001318_0825.json,03d78c6873b6766d712c7c6971eda3549aceefe2dffedba81050853ca51e43c3
evidence/arrival_raw/2026-09-10/31130_GGB222001318_0830.json,f14afcfaecd9c758d738ab0c2efc6f03622cb4ec8da80fca58e96d763daa63d4
evidence/arrival_raw/2026-09-10/31130_GGB222001318_0835.json,d2c4e04167f4995ba439d1363834b7745eddc757d09f7e6bfa34db13197d28d9
evidence/arrival_raw/2026-09-10/31130_GGB222001318_0840.json,823d09eabbea0493ad6bb405cfaf45f37093c216e2ea668d31e56a9430f604a2
evidence/arrival_raw/2026-09-10/31130_GGB222001318_0845.json,b51d80b22b1a00737c97449a361bf92140ef9ba635c5550cd909538759b34d75
evidence/arrival_raw/2026-09-10/31130_GGB222001318_0850.json,b0ed05dd7ea46a4b6f9b344e14189e9453ed1f7675531cfdaeb06822c19f5df5
evidence/arrival_raw/2026-09-10/31130_GGB222001318_0855.json,f621a2491159869f8ab44e1a7f1af8ef2f678516a99ddc9ace677c618c07856f
evidence/arrival_raw/2026-09-10/31130_GGB222001318_1700.json,12f3cc4811d967a8dd556a052b22ce73c8e9f2a675d5600b5a28287089fa55f4
evidence/arrival_raw/2026-09-10/31130_GGB222001318_1705.json,47ff9d397af3abf5c1e143788bf62c1961ea0901c64d406c38de707e06c19525
evidence/arrival_raw/2026-09-10/31130_GGB222001318_1710.json,ef90cce9f43b78303fac58261ff28095e6592ef42ec5d40dd7614c35bf29fd0e
evidence/arrival_raw/2026-09-10/31130_GGB222001318_1715.json,6792ad188c3100a16278a4b648efe050c0dbc8190f322815df8d22de59bb03d8
evidence/arrival_raw/2026-09-10/31130_GGB222001318_1720.json,0e0135917a9b31191dd8f4f4d0cecd46cb42117ba030bb14db8b2960a37a0a23
evidence/arrival_raw/2026-09-10/31130_GGB222001318_1725.json,76fdcee70596c09f933cfa282473f1290d32395ebef0ed5a674fcccf91ecd4fa
evidence/arrival_raw/2026-09-10/31130_GGB222001318_1730.json,80ba81a850c567bc4ad50faaca86214e19df764d976f6602d3e8c5eb2b55d0dc
evidence/arrival_raw/2026-09-10/31130_GGB222001318_1735.json,2fa32dc56499c116b4199fb28de4567b5a9c71d4c97e66ebb35927375dd0c31b
evidence/arrival_raw/2026-09-10/31130_GGB222001318_1740.json,f8a8787555b3aaf07f20139313627a4d299fca65e4a3f6e7fb5963832fa53152
evidence/arrival_raw/2026-09-10/31130_GGB222001318_1745.json,e2efa8af4883eab164996fc666aab41d8e6787de0b8bbf04f7ed1a310fb0dec4
evidence/arrival_raw/2026-09-10/31130_GGB222001318_1750.json,9e29b42581f9cb81925416c50a30fa791d5dd348c14a474e76d4092879692159
evidence/arrival_raw/2026-09-10/31130_GGB222001318_1755.json,6792ad188c3100a16278a4b648efe050c0dbc8190f322815df8d22de59bb03d8
evidence/arrival_raw/2026-09-10/31130_GGB222001318_1800.json,c1899b7954bcfc441618428dc9d999ce99169b126e53f539a34965512e391635
evidence/arrival_raw/2026-09-10/31130_GGB222001318_1805.json,334a5d4ce91a31c12dd11c172c95c777110a39ab453e1a6546a6dc49616f1bce
evidence/arrival_raw/2026-09-10/31130_GGB222001318_1810.json,19fc370f0671120a31c350957eb35bc2d2d648d5935e245ce95276e739731207
evidence/arrival_raw/2026-09-10/31130_GGB222001318_1820.json,8826f17eeb26cac84af105ca3c158fadb500ad73739e34c07ed10607d443e6c9
evidence/arrival_raw/2026-09-10/31130_GGB222001318_1825.json,a83ddbe0a6869ed9e080238b5216b5511173c523371981c4d6116e56831c6fa2
evidence/arrival_raw/2026-09-10/31130_GGB222001318_1830.json,54aff351e61929ced4dfbfec4df4b9d32bcc5daab42c1ea752caf52954be0534
evidence/arrival_raw/2026-09-10/31130_GGB222001318_1835.json,03a41b1902ece4f37ba66d7ae063ed5901998e905b0060cc0cf056367f8469ae
evidence/arrival_raw/2026-09-10/31130_GGB222001318_1840.json,ad75496c4fcb7fa74a29bb913bafc1506beb2cace5c289c29e64c1f724c6e7bf
evidence/arrival_raw/2026-09-10/31130_GGB222001318_1845.json,7b09ae7339e1db97cc42905f94c34f8918c4c8f0db8c3e7685e773de6c3373ed
evidence/arrival_raw/2026-09-10/31130_GGB222001318_1850.json,e517e24deca5f7eef3aba544ad07ead6d77de0a369f3f9084cb82876e344a641
evidence/arrival_raw/2026-09-10/31130_GGB222001318_1855.json,8b50f0f11489f17cf883a3b45270ebae3544357f2b1f8a75abdcd48c30ae66eb
evidence/arrival_raw/2026-09-11/31130_GGB222001318_0700.json,f58406a8e6ba156f60787df280d34f7639b680e89eedc853fa978fa49cace5d1
evidence/arrival_raw/2026-09-11/31130_GGB222001318_0705.json,d315b8dcc62f6f638d64d8d732d5b296224a616669ac20dd3a443911e79dbd1c
evidence/arrival_raw/2026-09-11/31130_GGB222001318_0710.json,aa4243d393c3924693d45877691f58fe1a3199bdb39761f9f9d02f4158372d86
evidence/arrival_raw/2026-09-11/31130_GGB222001318_0715.json,263595ac3665d4633b9e95bce99554fe6f52ca1fac87b80398fdbc20ae636881
evidence/arrival_raw/2026-09-11/31130_GGB222001318_0720.json,126208ebaab05c2ab5a4fb57ca33c18e95843d487760b9a56fdfaa6028c26193
evidence/arrival_raw/2026-09-11/31130_GGB222001318_0725.json,e810fec9fdc5501e46572b666343046cd003ee5dd186b86170ceb7228f036ddc
evidence/arrival_raw/2026-09-11/31130_GGB222001318_0730.json,dfcc9cd880bf73689be8f871ea4c8ffd249444b31e1513c44d5c62fb223e2f2f
evidence/arrival_raw/2026-09-11/31130_GGB222001318_0735.json,b16af8fe723108e1391ac7dc510602ddf2ca58bdd4c72323d7ea22f4e698ca51
evidence/arrival_raw/2026-09-11/31130_GGB222001318_0740.json,ca512af5f0476bcd751193638d10510bb1a0ae6ce598a2542732e49ccb9b8454
evidence/arrival_raw/2026-09-11/31130_GGB222001318_0745.json,6f0147c575ca8aeb5724071d4a94985303f43f6a4ecbc3f6b0277bce3d5d40f1
evidence/arrival_raw/2026-09-11/31130_GGB222001318_0750.json,bf727d065d6b4956f504fefa41ddea53a8c1f599371e2dbcb783f02261d2e1d9
evidence/arrival_raw/2026-09-11/31130_GGB222001318_0800.json,819fc7a904f14b965f884bb4dd738dfccca9c97958e0d6336bdb6bc70305b243
evidence/arrival_raw/2026-09-11/31130_GGB222001318_0805.json,4fc61ac17d191919f8b7ad28a2576c7588faeb2b71280e3d7e8eaeeac90fb8bb
evidence/arrival_raw/2026-09-11/31130_GGB222001318_0810.json,3eb68d0f4cbcc3457653bc30740df3f78ae421c2582e7c5ed1958f73776a233f
evidence/arrival_raw/2026-09-11/31130_GGB222001318_0815.json,4672407fb0e46e2cdb7ff7c67fb68755272454b1460fa7217732c7f11178434f
evidence/arrival_raw/2026-09-11/31130_GGB222001318_0820.json,255a1f5be3800cef86d4c5caed2d199da4c02c1f960ccdca77d0a9212e20c23f
evidence/arrival_raw/2026-09-11/31130_GGB222001318_0825.json,8dd91fba488365e85c5f20765f9d6dd5094451dbbfd29043fec53f73d07ae86c
evidence/arrival_raw/2026-09-11/31130_GGB222001318_0830.json,d885510cdda954bb45a4d194972c1381b068249df9bc73bc31e9363d981c93a5
evidence/arrival_raw/2026-09-11/31130_GGB222001318_0835.json,230bb06f3e9776c7e4062ec1dea0a499320e92427eeeb289639d50443d313a19
evidence/arrival_raw/2026-09-11/31130_GGB222001318_0840.json,5aa696988b01297698a2c189eb84e8963885de9424c8c6a549c5064b24b0533d
evidence/arrival_raw/2026-09-11/31130_GGB222001318_0845.json,405fd6a836c6decfe9753aa082b55ab8b0a493a1346b250ecf47a1dd9e29bb18
evidence/arrival_raw/2026-09-11/31130_GGB222001318_0850.json,542d0683205371ed83317c982ae2926bd6545fcb6c9afe65fd0fad7e8978d7e4
evidence/arrival_raw/2026-09-11/31130_GGB222001318_0855.json,198bd0c0c97305e51c8618b8984e75b57ff3dc0e75db53971e0d32354e65a93b
evidence/arrival_raw/2026-09-11/31130_GGB222001318_1700.json,1e6dd01a5c6230be638bf52728ddfe99e0e1fad4bd5e23e7d6c9805caec04253
evidence/arrival_raw/2026-09-11/31130_GGB222001318_1705.json,23eff9cec78eb930441e347e108b9de6ebd5a2dc71cefa0400067bbeb300c724
evidence/arrival_raw/2026-09-11/31130_GGB222001318_1710.json,515f92f86146e0c5d212c59d38147481722ec6984aeaba6dbae4f538df6466a9
evidence/arrival_raw/2026-09-11/31130_GGB222001318_1715.json,32120e8379cbe7cb4da89f9a025e36c574d705135900129dac23e48435344296
evidence/arrival_raw/2026-09-11/31130_GGB222001318_1720.json,6792ad188c3100a16278a4b648efe050c0dbc8190f322815df8d22de59bb03d8
evidence/arrival_raw/2026-09-11/31130_GGB222001318_1725.json,5518394bdc10b2f38791eb164030432761f1b3550f9d9c4f3f60521c633da9d5
evidence/arrival_raw/2026-09-11/31130_GGB222001318_1730.json,400f9066576594226f17ccbb1fb72ab8c51478567a67f29d1297f5be26ffe270
evidence/arrival_raw/2026-09-11/31130_GGB222001318_1735.json,12a01ebebf62b3cfb2d242d043614566663f07e51fa76acbd619981b43643972
evidence/arrival_raw/2026-09-11/31130_GGB222001318_1740.json,08c110cc6e30e1712e118c5b6236da3521ae79d23e0ff4859e3b1c38d8c45ca2
evidence/arrival_raw/2026-09-11/31130_GGB222001318_1745.json,f8f0fa182bef26d283769a17d5265995bc711c2ed92d7e30541724b41a907bca
evidence/arrival_raw/2026-09-11/31130_GGB222001318_1750.json,851bad6eafd9564cb21454eeebf380b3468cf8b97a3095a8a679633ac2f2bb7d
evidence/arrival_raw/2026-09-11/31130_GGB222001318_1755.json,0083c2251d35960847caddd994c41ce1e7fff806eecc38466bce95f9f19f4bc9
evidence/arrival_raw/2026-09-11/31130_GGB222001318_1800.json,3546fc5588d3f0d031fe667831df41c77dac8e7fe748102e02f304b5a3071942
evidence/arrival_raw/2026-09-11/31130_GGB222001318_1805.json,38fbc9b9ae8cf724f809be1e8b088cd6aac023d4b21fc86296087955c027d554
evidence/arrival_raw/2026-09-11/31130_GGB222001318_1810.json,a2b23fa92ebdc57ca0270096307ca642b6ceb3df42e5f4e546d55c080f6330d2
evidence/arrival_raw/2026-09-11/31130_GGB222001318_1815.json,d3be817645ceb5096f3ea3097c13ae94991ce86152c7440d9fd07dd7cb98adf6
evidence/arrival_raw/2026-09-11/31130_GGB222001318_1820.json,b9dbe73cc3643e0aa05be5312921e6ca77e5831f03a86961af875742b817b0d6
evidence/arrival_raw/2026-09-11/31130_GGB222001318_1825.json,04379e6d9b8f01f1a434b6a2f0b7271a11515b0928dd0a4b7f05e292dbce8571
evidence/arrival_raw/2026-09-11/31130_GGB222001318_1830.json,1044cee429c5edaab11500fcf6052fce2b9459e18b5c651196ec2409e9d9d2b7
evidence/arrival_raw/2026-09-11/31130_GGB222001318_1835.json,eb14c697a638ea24a68f7b4a2f185d696a795118da57e28c1bc411e965954f38
evidence/arrival_raw/2026-09-11/31130_GGB222001318_1845.json,9d5905c4774c6326112aba4680dbaf062042570fc042a9bc1150978033ffb72f
evidence/arrival_raw/2026-09-11/31130_GGB222001318_1850.json,6b767daef73e08c192863f26e331a893201ab90cb333f6256fba964fa4f37f93
evidence/arrival_raw/2026-09-11/31130_GGB222001318_1855.json,56191a4fdf67fd7309a07f5088ec7d89cc00c4858bd1a2814ea229fb80b634ee
evidence/candidate_registry.csv,a8079b1f82ddd84b29197e35735d5ffabcc4eac357ecfd13a05606dbb6983123
evidence/text/2007-05-11_동탄_2_신도시_개발계획_확정.txt,f0bb9140e239757f20209184e9b868a2b983e66f9729c298d19ec7d40309fe0b
evidence/text/2011-05-03_경기도의회_제258회_임시회_회의록.txt,f050a1cce39fce296dc5c5c569d23c5726e21913618081357fa04b70f46525cb
evidence/text/2011-06-30_김포한강신도시_아파트_첫_입주_등_입주물량_증가세.txt,35fd98b994a51a1a11e94c42c527a21f7b1c05d26e99b98f4b4d6fa1c8d1dce8
evidence/text/2011-11-29_위례신도시_보금자리_2949가구_내달_5일부터_본청약.txt,0286a2c8fc27f18927c05f3214ad10eab1d4fcc0f1306ad4cba5eb33edc570da
evidence/text/2014-06-30_LH_미사강변도시_첫_입주_시작.txt,257f27490045ccf14610a1080639e03471036873e6d3588ddea2ee609a784aa2
evidence/text/2015-01-23_LH_수도권_최대_신도시_동탄_2_지구__첫_입주_시작.txt,76be4e819f31e3cca8a7fe71e98901a14cf4e4fb9c8c96c4ac8082973a7ce9a6
evidence/text/2015-07-27_위례신도시_하남권역_입주대비_교통대책.txt,4783b645ff93cbb7e4571e000a5d646501800eeda461ee299e879ee378cc5476
evidence/text/2015-08-11_다산신도시_지금지구_A1블록_국민임대주택_입주자모집공고.txt,2104753b770907ef57f503d5e52d3b9251afb59f2bac5b884c2b60a111150cda
evidence/text/2015_하남미사_A12_A16블록_임대주택_공고.txt,b573939df1712fef5eefb52c788883838ddc7e82d6479feddca4ca87b146d1eb
evidence/text/2016-07-18_경기도의회_제312회_임시회_회의록.txt,c96065db3e0a0536f682570565997690a620cefe0f91f4e3442553fb14d6df30
evidence/text/2016-12-09__Start_SRT__기대_속_첫_출발.txt,d5c25ee364b7f21a0e29f72d1e62b362aa2f8e1d730e095f6f1772b98f537cc1
evidence/text/2017_김포양곡_행복주택_지역위치도_교통망도.txt,4a60dd148b446e81406fd3b967bbbff78507686d116bf12c83a688e772e3b8f9
evidence/text/2017_김포한강_행복주택_지역위치도_교통망도.txt,1c4f6a3eea636408b34af7cca358aa17ec9b59aab75a2c1ca1a53bfee0a7b846
evidence/text/2018-02-12_다산신도시_입주지원_특별대책반_본격_가동.txt,7dce57d735a60d54e5466362257ebf46be0993a96b93f6f739331b1900c86986
evidence/text/2018-02-27_다산신도시_상업_주유소용지_공급공고.txt,8c0a087bd1e8d23561c2ec37431f54bada348a4799502c0b7f94a97492142e80
evidence/text/2019-09-27__김포_지하철시대_열렸다__28일_첫_열차_출발.txt,a883fb649d22b44d6ff740c4c48db441cb317e241fa446abc406f8f1be761a15
evidence/text/2019_다산신도시_자연_푸르지오_공공분양주택_입주자모집_정정공고.txt,2a9f70e65a1161757b9839dcc757ea6380f7f88c22d4712dda65676bd55b3cdc
evidence/text/2020-05-21_하남교산__과천지구_광역교통개선대책_확정.txt,29cb775475d8ed5df3d2d9a2090966262fc78480650794ded4833028449f5bab
evidence/text/2020-05-21_하남교산_과천_광역교통개선대책_확정.txt,b0774d43bc253e27877eb589874980f9024c6396fc113a8154cc359bfe5e09a3
evidence/text/2020-06_하남선_1단계_개통일_관련_안내.txt,02b5b65e3dc740081b3253d11778f32a469ee5b02dd8a0a7e2b9d8c4138dcaa6
evidence/text/2020-08-07_하남선_1단계_개통.txt,73e72a22437c14cdbdd3c9449115512d40f791461eb33d30f8834623c1276410
evidence/text/2020-11-19_위례지구_A1-5BL__A1-12BL_분양주택_입주자_모집.txt,8fdf5ce7189def313fc426b4f1ed426bfbe6093e59479bdc1b4bf7e065e48c59
evidence/text/2020-12-29_남양주왕숙_고양창릉_신도시_교통대책_확정.txt,83abcef520e807c30a1e145762526c2986b6d2460d10507bc7a93ed8a2880682
evidence/text/2020-12-29_남양주왕숙_고양창릉_신도시_교통대책_확정_.txt,03aca36734a88924b85e827a3ea8c4b14c7d29f81247af4c7e111f7b9f734a99
evidence/text/2020-12-31_하남시_2020년_10대_뉴스.txt,1ae163c24503c3d9be50951a69e9c2a885c1aa165aef474d1ee43070261633da
evidence/text/2021-01-24_3기_신도시__패스트트랙_교통대책_조기_확정_등으로_신속_공급.txt,354218afa2e1171ced0952900e5dd50bd058c98fcbf9b5e5c0b916ef1ce8fc73
evidence/text/2021-01-24_인천계양_부천대장_광역교통개선대책_확정.txt,3d3274b653f707af8b95e832baf5b8257662943b509ee6759056ab8b2ed28654
evidence/text/2021-03-26_지하철_5호선_하남선_전_구간_개통.txt,5a56c63ed598d856b4c598462801ea6df4e422be6645eda941855736552c47e6
evidence/text/2021-12-16_지하철_8호선_남위례역_18일_개통.txt,75c4ed1b888d4f83bcbf6cc6e5b82546a5c2354bc9bd8f9f99b144678315ee15
evidence/text/2022-03-18_진접선_개통__남양주의_새로운_길이_열립니다.txt,2b4dc93f3ff86a6227c7fb0a234d07e734eb83eea15f0de5ef1be8e2531fffc5
evidence/text/2022-06-16_수원호매실_화성동탄2_광역교통_특별대책_주민간담회.txt,e051d22ecc10e976a4b6d04416c32fa110d2d8807ac5914682b45ad2596d68f4
evidence/text/2022-10-11_위례신도시_광역교통_개선대책.txt,5e59b9bf49f0ace80aaf218584222353654e5f05553a09527a67e7a61b611914
evidence/text/2022-10-26_수원호매실_화성동탄2_광역교통_특별대책.txt,ddf8b7043e6e6ad270ee8f11d70440243c5c423301d34f5809fb79e358b314dd
evidence/text/2022-11-28_대광위__28일_위례선_도시철도사업_사업계획_승인_착공__25년_개통.txt,9a7a837d9e73de4b98cfe56a0e525e32fc9d31675152f95fe5a2ac22331aa6f8
evidence/text/2022_위례신도시_교통_현황과_개선_계획.txt,dc4a4416875e1f250b1147fcd8e07717aa4da1ed3f833c3d22d579cae2975a3e
evidence/text/2023-06-30_대곡_소사_복선전철_7월_1일_개통.txt,31a0c74fc61ac242d26a1803122ae6059ee0e60717b9cb99cb188b3004b4a87e
evidence/text/2023-09-18_하남시__미사순환_마을버스_노선_개통.txt,5ca0542577e738a9d2233e9b8db7dbf18fbf5ebe9ae72783172a8dbd2c957335
evidence/text/2023-09_하남시_똑버스_운행.txt,8ed499ad139a74cca8b85bce12d328e08d16364767da15786eb1a97878da2f26
evidence/text/2024-01-02_8849번_하남-미사-김포_인천공항__운행시간_정보.txt,6d1f8939c888b3acb22ecb521beb1d1481846180ac2b994460efe1362194d946
evidence/text/2024-01-25_2024년_교통_분야_민생토론회.txt,abc5123b0620093229e8151b2b1978a4961f383bc5d73990448bae23dcd0340a
evidence/text/2024-01-25_신도시_광역교통_개선_투자계획.txt,834b327749c14b7683dd0cc73d07600449599cfec9dc7fd947ef3d64effa012c
evidence/text/2024-03-29_GTX-A_수서_동탄_구간_3월_30일_개통.txt,8ef524cbb62c1aa45ba4af685b0861d35f9f3bf23123784a17bda79e920e21e3
evidence/text/2024-07-03_다산역_개통에_따른_버스노선_변경_알림.txt,7f9655001bd89b80377e32af5dba05b1bac8d3d519c58e6e42789326938808f8
evidence/text/2024-08-09__남양주_잠실_27분___8월_10일_별내선_개통.txt,74774b2b5cf337117e45126ce801ea7d16a563ebc8d5dfb50acd8794cbd3e333
evidence/text/2024-08-10_별내선_개통__첫_열차_운행.txt,536d1a24040bea3f3497b1e8d3792d9438a0ef142d8b059de8be57fbcdca9075
evidence/text/2024-09-20_인천계양_A2_공공분양주택_입주자모집공고.txt,17710e8a81f28460cc9deabf1a1490aa24403228b5d3aa62e149ab3dfa3de193
evidence/text/2024-12-11_GTX-A_운정중앙_서울역_구간_12월_28일_개통.txt,a7fb10af038e311b63ffce338feb58bf55699df16c819c95ba8ddf5d06767133
evidence/text/2025-01-31_고양창릉_A-4블록_신혼희망타운_입주자모집공고.txt,1e363122832870550a2a0259e51730f232a9ccf7fdee347d464a05ba4900da08
evidence/text/2025-01-31_고양창릉_S-5블록_공공분양주택_입주자모집공고.txt,fa0c7dd646c63105664a4489d71e56b7a2c7a3f938fcedc885b48fda10f07fd2
evidence/text/2025-03-14_하남미사17단지_임대주택_입주자모집공고.txt,e4faba9ed81287cad09126723551bb2a71dccf78cc66aea46c43107738e7ca2f
evidence/text/2025-03-31_교산_푸르지오_더_퍼스트_입주자모집공고.txt,7852069b27c1103ecf0635398c20f459bb5440ef412ec850d4219d71ea1295ef
evidence/text/2025-03-31_교산_푸르지오_더_퍼스트_정정공고.txt,fcae8461f2888556b530345dd4eea14c49df8001bf7aeb263ff4980d8a444ab0
evidence/text/2025-04-30_부천대장_A8블록_공공분양주택_입주자모집공고.txt,2df10f8a81904bf64f60bb929a85f1918cb2359270e026960a8b3a388af8bda0
evidence/text/2025-06-16_검단연장선_6월_28일_첫_운행.txt,6b2635a3ecea2fe56b293e1ecc5880cf9cbfdd51080d2ed754242775dae90ed0
evidence/text/2025-06-28_인천도시철도_1호선_검단연장선_개통.txt,745d2f29c873ad1974be65f1a78aa148eff92f4eb1051fc205040f1140242e82
evidence/text/2025-07-24_남양주왕숙_A-2블록_신혼희망타운_입주자모집공고.txt,8eb37210a06ee8fa652f3a48c0a46a91a0335fee758b1d19cef6c51ec69eb52c
evidence/text/2025-09-05_위례선_트램__2026년_하반기_개통_목표.txt,c86c444f4d700bcdbc89190c69a6f65d2f3bbba9a1379327d822ea84d594270f
evidence/text/2025-11-03_소사-대곡선_사업현황.txt,5fb960e74e0ad8786ad6085773f1a404099dfb36ecca7ced72ccb9042965cddb
evidence/text/2025-12_2035년_김포도시기본계획_변경_주요내용.txt,44e7262ca2d94c2c57af62e6ec91927a68e6c25b40d43898ad14641b0165bbeb
evidence/text/2025_남양주왕숙_A-1블록_공공분양주택_입주자모집공고.txt,1a68ae00b9d3dccaeba751bf8f0f34e51beb0e4dad2dc97b3846622c68f158e6
evidence/text/2026-02-26_김용석_대광위원장__위례신도시_광역교통개선대책_점검.txt,70821e51e0ba0c502bc05068603dbdcec1221c57617bcd475a3d82ed98bb8487
evidence/text/2026-05-01_계양신도시_광역버스_신설과_관련하여.txt,840659dbc781506c3aee5ba8f2173b73a28a5283596f3319792cbc62b0331f3f
evidence/text/2026-05-29_화성동탄2_C-27블록_공공분양주택_입주자모집공고.txt,ae0048560eb94f1e9df18ee15ab4fb139732e34ddcd5416ddf75cc8cc8031d58
evidence/text/2026-06-19_김포한강_Ac-01a블록_10년_공공임대주택리츠_입주자_모집공고.txt,3c6ad1c5ae63c9460a9946521854dca8a98d13842853a52de4f6eab149d92a06
evidence/text/2026-07-10_인천계양_A3블록_단지내상가_재분양공고.txt,55447e3f786442c1f1f827d955d892acb93468258eda6ecd3b50086046238fdc
evidence/text/2026-07-23_부천대장_A5_A6블록_행복주택_입주자_최초모집.txt,c9494247feddd705f12eb7fee59d0a361e5c06b842bb67c98a35607839acc209
evidence/text/2026_위례선_트램_시운전_현장_점검.txt,bcf564ffed5c59ba824691128b24cc5e251d9ddc4f8d025ab003396977dfb826
evidence/text/확인불가_BRT_고급화_S-BRT__추진.txt,fc232266d5a17e362cee495507483699ebf5ef14d65075f50dabd2761d9cf0f1
scratch/_task_log.txt,51dd8acfd8f3d36ef621bc81912ef698724c02e5301a01e8445ae6349a01c908
scratch/calc_headway_v7.py,5e4cc16760a50319421a410a9f799fd4a4be9fc0fd7f2abeaa6ba31e604833c3
