source_id,required_fields_pass,issues
SRC-E1-A01,True,
SRC-E1-A02,False,excerpt_not_found_in_extracted_text;missing_block_name
SRC-E1-A03,False,missing_block_name
SRC-E1-A04,False,excerpt_not_found_in_extracted_text
SRC-E1-A05,True,
SRC-E1-A06,True,
SRC-E1-A07,True,
SRC-E1-A08,False,missing_event_date
SRC-E1-A09,False,missing_block_name
SRC-E1-A10,False,excerpt_not_found_in_extracted_text
SRC-E1-B01,False,excerpt_not_found_in_extracted_text
SRC-E1-B03,False,excerpt_not_found_in_extracted_text
SRC-E1-B04,False,excerpt_not_found_in_extracted_text
SRC-E1-B06,True,
SRC-E1-B07,True,
SRC-E1-B08,True,
SRC-E1-B09,False,excerpt_not_found_in_extracted_text
SRC-E1-C03,False,missing_line_name
SRC-E1-C05,True,
SRC-E1-C06,False,excerpt_not_found_in_extracted_text
SRC-E1-C07,True,
SRC-E1-C08,False,excerpt_not_found_in_extracted_text
SRC-E1-C09,False,excerpt_not_found_in_extracted_text
SRC-E1-C10,True,
SRC-E2-A06,False,excerpt_not_found_in_extracted_text
SRC-E2-A07,False,excerpt_not_found_in_extracted_text
SRC-E2-A08,False,excerpt_not_found_in_extracted_text
SRC-E2-A09,False,excerpt_not_found_in_extracted_text
SRC-E2-A10,False,excerpt_not_found_in_extracted_text
SRC-E2-B06,True,
SRC-E2-B07,True,
SRC-E2-B08,True,
SRC-E2-B09,True,
SRC-E2-B10,True,
SRC-E2-C06,False,missing_line_name
SRC-E2-C07,False,excerpt_not_found_in_extracted_text
SRC-E2-C08,True,
SRC-E2-C09,False,excerpt_not_found_in_extracted_text
SRC-F001,True,
SRC-F002,True,
SRC-F003,True,
SRC-F004,True,
SRC-F005,True,
SRC-F006,True,
SRC-F007,True,
SRC-F008,True,
SRC-F009,True,
SRC-F010,True,
SRC-F011,True,
SRC-F012,True,
SRC-F013,True,
SRC-F014,True,
SRC-F015,True,
SRC-F016,True,
SRC-F017,True,
SRC-F018,True,
SRC-F019,True,
SRC-F020,True,
SRC-F021,True,
SRC-F022,True,
SRC-F023,True,
SRC-F024,True,
SRC-F025,True,
SRC-F026,True,
SRC-F027,True,
SRC-F028,True,
SRC-F029,True,
SRC-F030,True,
SRC-H001,True,
SRC-H002,True,
SRC-H003,True,
SRC-H004,True,
SRC-H005,True,
SRC-H006,True,
SRC-H007,True,
SRC-H008,True,
SRC-H009,True,
SRC-H010,True,
SRC-H011,True,
SRC-H012,True,
SRC-H013,True,
SRC-H014,False,missing_block_name
SRC-H015,True,
SRC-H016,True,
SRC-H017,True,
SRC-H018,True,
SRC-H019,True,
SRC-H020,True,
SRC-H021,True,
SRC-H022,False,excerpt_not_found_in_extracted_text
SRC-H023,True,
SRC-H024,True,
SRC-H025,True,
SRC-H026,True,
SRC-H027,True,
SRC-H028,True,
SRC-H029,True,
SRC-H030,True,
SRC-U001,False,excerpt_not_found_in_extracted_text
SRC-U002,False,excerpt_not_found_in_extracted_text
SRC-PDF-001-OCCU-1,True,
SRC-PDF-002-OCCU-1,True,
SRC-PDF-004-OCCU-1,True,
SRC-PDF-005-OCCU-1,True,
SRC-PDF-007-OCCU-1,True,
SRC-PDF-008-OCCU-1,True,
SRC-PDF-014-OCCU-1,True,
SRC-PDF-015-OCCU-1,False,missing_direct_source_url;missing_event_date
SRC-PDF-016-OCCU-1,False,missing_direct_source_url
SRC-PDF-018-PROM-1,False,missing_direct_source_url;missing_event_date;missing_mode;missing_line_name
SRC-PDF-019-PROM-1,True,
SRC-PDF-019-PROM-2,True,
SRC-PDF-020-OCCU-1,False,missing_direct_source_url
SRC-PDF-021-PROM-1,True,
SRC-PDF-021-PROM-2,True,
SRC-PDF-021-PROM-3,True,
SRC-PDF-023-ACTU-1,False,missing_event_date
SRC-PDF-025-PROM-1,False,missing_direct_source_url
SRC-PDF-027-PROM-1,False,missing_direct_source_url
SRC-PDF-027-BASI-1,False,missing_direct_source_url;missing_page_or_section;missing_exact_excerpt;missing_event_date;missing_timetable_effective_date;missing_service_level
SRC-PDF-028-ACTU-1,True,
SRC-PDF-028-ACTU-2,True,
SRC-PDF-029-ACTU-1,True,
SRC-PDF-030-PROM-1,True,
SRC-PDF-030-PROM-2,True,
SRC-PDF-030-PROM-3,True,
SRC-PDF-030-PROM-4,True,
SRC-PDF-031-ACTU-1,False,missing_direct_source_url
SRC-PDF-031-BASI-1,False,missing_direct_source_url;missing_event_date;missing_timetable_effective_date;missing_service_level
SRC-PDF-032-ACTU-1,True,
SRC-PDF-032-BASI-1,False,missing_event_date;missing_timetable_effective_date;missing_service_level
SRC-PDF-033-OCCU-1,True,
SRC-PDF-036-OCCU-1,True,
SRC-PDF-037-OCCU-1,True,
SRC-PDF-044-PROM-1,False,missing_direct_source_url
SRC-PDF-045-PROM-1,False,missing_direct_source_url
SRC-PDF-045-PROM-2,False,missing_direct_source_url
SRC-PDF-045-PROM-3,False,missing_direct_source_url
SRC-PDF-049-PROM-1,False,missing_direct_source_url;missing_mode;missing_line_name
SRC-PDF-050-PROM-1,False,missing_direct_source_url;missing_page_or_section;missing_exact_excerpt;missing_event_date;missing_mode;missing_line_name;missing_promise_verb_원문표기
SRC-PDF-051-PROM-1,False,missing_direct_source_url;missing_page_or_section;missing_exact_excerpt;missing_event_date;missing_mode;missing_line_name;missing_promise_verb_원문표기
SRC-PDF-069-OCCU-1,True,
SRC-PDF-070-OCCU-1,False,missing_page_or_section;missing_exact_excerpt;missing_event_date;missing_block_name
SRC-PDF-071-OCCU-1,False,missing_event_date
SRC-PDF-073-OCCU-1,True,
SRC-PDF-074-ACTU-1,False,missing_direct_source_url
SRC-PDF-074-ACTU-2,False,missing_direct_source_url
SRC-PDF-075-OCCU-1,True,
SRC-PDF-076-OCCU-1,True,
SRC-PDF-077-OCCU-1,True,
SRC-PDF-078-BASI-1,False,missing_development;missing_direct_source_url;missing_page_or_section;missing_exact_excerpt;missing_event_date;missing_timetable_effective_date;missing_service_level
SRC-PDF-079-OCCU-1,True,
SRC-PDF-080-PROM-1,True,
SRC-PDF-082-OCCU-1,False,missing_event_date
SRC-PDF-084-OCCU-1,False,missing_direct_source_url;missing_page_or_section;missing_exact_excerpt;missing_event_date
SRC-PDF-085-OCCU-1,False,missing_direct_source_url;missing_page_or_section;missing_exact_excerpt;missing_event_date
SRC-PDF-087-BASI-1,False,missing_page_or_section;missing_exact_excerpt;missing_event_date;missing_timetable_effective_date;missing_service_level
SRC-PDF-089-OCCU-1,True,
SRC-PDF-090-OCCU-1,False,missing_direct_source_url
SRC-PDF-091-OCCU-1,False,missing_event_date
SRC-PDF-092-OCCU-1,False,missing_event_date
SRC-PDF-094-OCCU-1,False,missing_page_or_section;missing_exact_excerpt;missing_event_date;missing_block_name
SRC-PDF-096-OCCU-1,False,missing_page_or_section;missing_exact_excerpt;missing_event_date;missing_block_name
SRC-PDF-097-BASI-1,False,missing_page_or_section;missing_exact_excerpt;missing_event_date;missing_timetable_effective_date;missing_service_level
SRC-PDF-097-BASI-2,False,missing_page_or_section;missing_exact_excerpt;missing_event_date;missing_timetable_effective_date;missing_service_level
SRC-PDF-099-OCCU-1,False,missing_page_or_section;missing_exact_excerpt;missing_event_date
SRC-PDF-102-ACTU-1,True,
SRC-PDF-102-BASI-1,False,missing_timetable_effective_date;missing_service_level
SRC-PDF-105-PROM-1,True,
SRC-PDF-106-PROM-1,False,missing_mode;missing_line_name
SRC-PDF-108-ACTU-1,False,missing_direct_source_url;missing_event_date
SRC-PDF-108-ACTU-2,False,missing_direct_source_url;missing_event_date
SRC-PDF-108-ACTU-3,False,missing_direct_source_url;missing_event_date
SRC-PDF-108-PROM-1,False,missing_direct_source_url
SRC-PDF-108-PROM-2,False,missing_direct_source_url
SRC-PDF-108-PROM-3,False,missing_direct_source_url
SRC-PDF-109-ACTU-1,False,missing_direct_source_url;missing_mode;missing_line_name
SRC-PDF-109-ACTU-2,False,missing_direct_source_url;missing_mode;missing_line_name
SRC-E1-A10-A25,False,excerpt_not_found_in_extracted_text
SRC-E2-C09-S3,False,excerpt_not_found_in_extracted_text
