file,reason
genspark와 검증한내용.docx,private_admin_or_unrelated_reference
교통데이터공모전_참가신청서_작성본.docx,private_admin_or_unrelated_reference
데이터관리.txt,private_admin_or_unrelated_reference
박도현-국문-재학증명서-202608211735.pdf,private_admin_or_unrelated_reference
붙임1-참가신청서최종.hwp,private_admin_or_unrelated_reference
붙임1-참가신청서최종_박도현.hwp,private_admin_or_unrelated_reference
붙임1-참가신청서최종_박도현.hwp.pdf,private_admin_or_unrelated_reference
붙임1-참가신청서최종_박도현.hwp_서명됨.pdf,private_admin_or_unrelated_reference
선교통_약속감사_Antigravity_실행가이드.docx,secret_in_office_or_archive
