pdf_event_id,pdf_id,filename,raw_path,sha256,development,event_type,published_date,event_date,date_precision,mode,line_name,scope,block_name,promise_verb_원문표기,page_or_section,exact_excerpt,source_url,publisher,registry_source_id,match_method,match_score,review_status,review_issue
PDF-001-occupancy_planned_block,PDF-001,(250131)고양창릉A-4블록신혼희망타운(공공분양)입주자모집공고문.pdf,data/raw/evidence/(250131)고양창릉A-4블록신혼희망타운(공공분양)입주자모집공고문.pdf,e9ecf26d9d265a70fb06ab20847c338f10a9bf24ef3dbf6ed58c57c6a251b931,고양 창릉,occupancy_planned_block,2025-01-31,2029,year,,,block,A-4,예정;계획,PDF p.27,"유소 등이 위치하고 있음 - 지구 북측과 남측에 유보지가 위치하며, 유보지의 용도는 추후 결정 예정임 - 지구 내 학교 등 각종 교육시설은 개발(실시)계획의 변경, 해당 관청의 학교설립시기 조정 및 설립계획 보류(소)요청 등에 의하여 추후 변경될 수 있으며, 설립계획 및 학생 수용계획 은 향후 공동주택 입주시기 및 학생수 등을 감안하여 해당 관청에서 결정하는 사항이므로 변경될 수 있음 - 교육청의 학교설립계획의 변경으로 인하여 당해지구 내 학교부지가 취소 및 위치나 면적이 변경될 수 있으며, 당해 지구 내 계획 중인 신설학교는 교육여건 변화에 따라 변경 될 수 있음 - 당해 지구 내 신설학교 배정 및 인근 학교 배치 등 각종 교육시설은 해당관청(고양교육지원청)에 문의하시기 바람 - 지구 내 학교, 공공시설 등의 용지는 해당 기관의 수요가 없을 경우 타 용도로 변경될 수 있음 - 고양창릉 공공주택지구는 사업기간이 2029년 12월로 계획되어 있으나, 관계기관 협의 등 부득이한 사유에 의하여 연기될 수 있으며",https://apply.lh.or.kr/lhapply/lhFile.do?fileid=60487776,한국토지주택공사,SRC-F019,title_development_event,0.894,needs_human,
PDF-002-occupancy_planned_block,PDF-002,(250724)남양주왕숙A-2블록신혼희망타운(공공분양)입주자모집공고문.pdf,data/raw/evidence/(250724)남양주왕숙A-2블록신혼희망타운(공공분양)입주자모집공고문.pdf,70517aa73243cce5a00fb02792ec0a84e4aad3c728a1a5c48546bfa0f8409442,남양주 왕숙,occupancy_planned_block,2025-07-24,2028-08,month,,,block,A-2,예정,PDF p.5,"니다. 지적공부정리는 입주지정기간 종료일 이후 장기간 소요될 수 있으며, 향후 지적정리 후 면적은 일부 증감될 수 있습니다. ※ 최고층수는 해당주택형의 최상층 층수이며, 최상층세대는 다락방이 설치되지 않습니다. ※ 난방방식은 지역난방, 구조는 철근콘크리트 벽식, 지붕은 평지붕으로 시공됩니다. ※ 입주예정 시기는 ‘28.8월입니다. 건축 공정 등 현장여건에 따라 변동될 수 있으며, 정확한 입주 시기는 추후 개별 안내할 예정입니다. ※ 1층 세대수는 주거약자용주택(행복주택) 및 가정어린이집으로 배정될 예정인 1층 세대수를 제외한 공공분양 최대 배정 가능수입니다. 3. 공공분양주택의 분양가격, 발코니 확장비용, 추가선택품목 공급가격 ■ 사전청약당첨자 분양가격 납부조건 등 안내(발코니 확장비, 추가선택품목 비용은 별도) [단위 : 천원] 주택형 타입 층별 타입별 주택가격 계약금 5% 중도금 20% 잔금 융자금 (주택도시기금) 계약시 (’27.08.31) 입주시 046.00000 46A1 3층 기본형 342,1",https://apply.lh.or.kr/lhapply/lhFile.do?fileid=62796612,한국토지주택공사,SRC-F008,title_development_event,0.898,needs_human,
PDF-003-occupancy_planned_block,PDF-003,(251127)남양주왕숙_B-17BL_공공분양_입주자모집공고문.pdf,data/raw/evidence/(251127)남양주왕숙_B-17BL_공공분양_입주자모집공고문.pdf,0f2f8e767b8aaf98df7013e0bdfb1f133a23c7e784c22ac5ab774d071ffa4e37,남양주 왕숙,occupancy_planned_block,2025-11-27,2028,year,,,block,B-17,예정,PDF p.5,"있으며, 향후 지적정리 후 면적은 일부 증감될 수 있습니다. ※ 최고층수는 해당주택형의 최상층 층수이며, 최상층세대는 다락방이 설치되지 않습니다. ※ 난방방식은 지역난방, 구조는 철근콘크리트 벽식구조, 지붕은 철근콘크리트 평지붕으로 시공되며, 지하주차장 슬래브는 무량판 구조로 시공됩니다. ※ 입주 예정 시기는 ‘2028년 12월입니다. 건축공정 등 현장 여건에 따라 변동될 수 있으며, 정확한 입주 시기는 추후 개별 안내할 예정입니다. 3. 공급금액(발코니 확장금액 별도) 및 납부 일정 ■ 사전청약당첨자 대상 분양가격 납부조건 등 안내 [단위 : 천원] ■ 사전청약당첨자 외 당첨자 대상 분양가격 납부조건 등 안내",https://apply.lh.or.kr/lhapply/lhFile.do?fileid=64513024,한국토지주택공사,SRC-U001,sha256,1.0,needs_human,
PDF-004-occupancy_planned_block,PDF-004,(정정)(정정)고양창릉S-3블록입주자모집공고문.pdf,data/raw/evidence/(정정)(정정)고양창릉S-3블록입주자모집공고문.pdf,35fef79a31d18fdeecb52bc6a15e08811e6857245dbd14d220753f3597a10981,고양 창릉,occupancy_planned_block,2027-01-01,2029,year,,,block,S-3,예정;계획,PDF p.41,"유소 등이 위치하고 있음 - 지구 북측과 남측에 유보지가 위치하며, 유보지의 용도는 추후 결정 예정임 - 지구 내 학교 등 각종 교육시설은 개발(실시)계획의 변경, 해당 관청의 학교설립시기 조정 및 설립계획 보류(소)요청 등에 의하여 추후 변경될 수 있으며, 설립계획 및 학생 수용계획은 향후 공동주택 입주시기 및 학생수 등을 감안하여 해당 관청에서 결정하는 사항이므로 변경될 수 있음 - 교육청의 학교설립계획의 변경으로 인하여 당해지구 내 학교부지가 취소 및 위치나 면적이 변경될 수 있으며, 당해 지구 내 계획 중인 신설학교는 교육여건 변화에 따라 변경될 수 있음 - 당해 지구 내 신설학교 배정 및 인근 학교 배치 등 각종 교육시설은 해당 관청(고양교육지원청)에 문의하시기 바람 - 지구 내 학교 등의 용지는 해당 기관의 수요가 없을 경우 타 용도로 변경될 수 있음 - 고양창릉 공공주택지구는 사업기간이 2029년 12월로 계획되어 있으나, 관계기관 협의 등 부득이한 사유에 의하여 연기될 수 있으며, 그에",https://apply.lh.or.kr/lhapply/lhFile.do?fileid=67677223,국토교통부,SRC-E2-A09,title_development_event,0.757,needs_human,
PDF-005-occupancy_planned_block,PDF-005,(정정)(정정)고양창릉S-4블록공공분양입주자모집공고문.pdf,data/raw/evidence/(정정)(정정)고양창릉S-4블록공공분양입주자모집공고문.pdf,25311d447e7f43c48655b96613b1ff2bc56371612a268932071bfb8429e5107d,고양 창릉,occupancy_planned_block,,2029,year,,,block,S-4,예정;계획,PDF p.44,"유소 등이 위치하고 있음 - 지구 북측과 남측에 유보지가 위치하며, 유보지의 용도는 추후 결정 예정임 - 지구 내 학교 등 각종 교육시설은 개발(실시)계획의 변경, 해당 관청의 학교설립시기 조정 및 설립계획 보류(소)요청 등에 의하여 추후 변경될 수 있으며, 설립계획 및 학생 수용계획 은 향후 공동주택 입주시기 및 학생수 등을 감안하여 해당 관청에서 결정하는 사항이므로 변경될 수 있음 - 교육청의 학교설립계획의 변경으로 인하여 당해지구 내 학교부지가 취소 및 위치나 면적이 변경될 수 있으며, 당해 지구 내 계획 중인 신설학교는 교육여건 변화에 따라 변경될 수 있 음 - 당해 지구 내 신설학교 배정 및 인근 학교 배치 등 각종 교육시설은 해당관청(고양교육지원청)에 문의하시기 바람 - 지구 내 학교 등의 용지는 해당 기관의 수요가 없을 경우 타 용도로 변경될 수 있음 - 고양창릉 공공주택지구는 사업기간이 2029년 12월로 계획되어 있으나, 관계기관 협의 등 부득이한 사유에 의하여 연기될 수 있으며, 그에 따",https://apply.lh.or.kr/lhapply/lhFile.do?fileid=67715855,한국토지주택공사,SRC-E2-A09,title_development_event,0.927,needs_human,
PDF-006-occupancy_planned_block,PDF-006,(정정)250424_교산푸르지오더퍼스트_입주자모집공고.pdf,data/raw/evidence/(정정)250424_교산푸르지오더퍼스트_입주자모집공고.pdf,08438e6ac19967e88de5ae5dfe94e8f5bd891efefd0eb07195d96045b0707fa6,하남 교산,occupancy_planned_block,2025-04-24,2029,year,,,block,A-2,예정,PDF p.5,"기 면적이 상이할 수 있습니다. ※ 공급면적 및 대지지분은 공부정리절차 등의 부득이한 경우에 한해 법령이 허용하는 오차 범위 내에서 증감이 있을 수 있습니다. ※ 최고층수는 해당 주택형(타입)의 최상층입니다. ※ 난방방식은 지역난방, 구조는 철근콘크리트 벽식, 지붕은 평지붕으로 시공됩니다. ※ 입주예정 시기는 2029년 6월로 예정되어 있으나, 공정에 따라 변동될 수 있으며, 정확한 입주 시기는 추후 개별 안내할 예정입니다. ※ 본 사업은 「공공주택 특별법」 제4조 제2항 및 ‘민간참여 공공주택사업 시행지침’에 따라 민간참여 공공주택을 시행하는 사업 [사업주체 : 한국토지주택공사[민간참여 공공주택건설사업 민간사업자 ㈜대우건설, 계룡건설산업㈜, 동부건설㈜, 흥한주택종합건설㈜, ㈜파레나] / 시공업체 : ㈜대우건설, 계룡건설산업㈜, 동부건설㈜, 흥한주택종합건설㈜, ㈜파레나]입니다. 금융인증서, 토스인증서, KB국민인증서 중 1개)를 미리 발급 받으시기 바라며, 공급구분별 신청접수일이 다르므로 반드시 해당",https://apply.lh.or.kr/lhapply/lhFile.do?fileid=61520164,한국토지주택공사,SRC-U002,sha256,1.0,needs_human,
PDF-007-occupancy_planned_block,PDF-007,"(정정)고양창릉S-5,S-6블록공공분양주택입주자모집공고문.pdf","data/raw/evidence/(정정)고양창릉S-5,S-6블록공공분양주택입주자모집공고문.pdf",a65a5c4807f9e93fe2cd6c465ccaaccae2657d5b48db24ded879e80b26468319,고양 창릉,occupancy_planned_block,2025-01-30,2029,year,,,block,S-6,예정;계획,PDF p.38,"유소 등이 위치하고 있음 - 지구 북측과 남측에 유보지가 위치하며, 유보지의 용도는 추후 결정 예정임 - 지구 내 학교 등 각종 교육시설은 개발(실시)계획의 변경, 해당 관청의 학교설립시기 조정 및 설립계획 보류(소)요청 등에 의하여 추후 변경될 수 있으며, 설립계획 및 학생 수용계획 은 향후 공동주택 입주시기 및 학생수 등을 감안하여 해당 관청에서 결정하는 사항이므로 변경될 수 있음 - 교육청의 학교설립계획의 변경으로 인하여 당해지구 내 학교부지가 취소 및 위치나 면적이 변경될 수 있으며, 당해 지구 내 계획 중인 신설학교는 교육여건 변화에 따라 변경 될 수 있음 - 당해 지구 내 신설학교 배정 및 인근 학교 배치 등 각종 교육시설은 해당관청(고양교육지원청)에 문의하시기 바람 - 지구 내 학교 등의 용지는 해당 기관의 수요가 없을 경우 타 용도로 변경될 수 있음 - 고양창릉 공공주택지구는 사업기간이 2029년 12월로 계획되어 있으나, 관계기관 협의 등 부득이한 사유에 의하여 연기될 수 있으며, 그에 따",https://apply.lh.or.kr/lhapply/lhFile.do?fileid=60606564,한국토지주택공사,SRC-F020,title_development_event,0.933,needs_human,
PDF-008-occupancy_planned_block,PDF-008,(정정)교산푸르지오더퍼스트_입주자모집공고.pdf,data/raw/evidence/(정정)교산푸르지오더퍼스트_입주자모집공고.pdf,17f890d3468fb4f720c33fa6aefb56dd0eb6cfae7df0b4bd9996a5b6f554de4d,하남 교산,occupancy_planned_block,2025-03-30,2029,year,,,block,A-2,예정,PDF p.5,"기 면적이 상이할 수 있습니다. ※ 공급면적 및 대지지분은 공부정리절차 등의 부득이한 경우에 한해 법령이 허용하는 오차 범위 내에서 증감이 있을 수 있습니다. ※ 최고층수는 해당 주택형(타입)의 최상층입니다. ※ 난방방식은 지역난방, 구조는 철근콘크리트 벽식, 지붕은 평지붕으로 시공됩니다. ※ 입주예정 시기는 2029년 6월로 예정되어 있으나, 공정에 따라 변동될 수 있으며, 정확한 입주 시기는 추후 개별 안내할 예정입니다. ※ 본 사업은 「공공주택 특별법」 제4조 제2항 및 ‘민간참여 공공주택사업 시행지침’에 따라 민간참여 공공주택을 시행하는 사업 [사업주체 : 한국토지주택공사[민간참여 공공주택건설사업 민간사업자 ㈜대우건설, 계룡건설산업㈜, 동부건설㈜, 흥한주택종합건설㈜, ㈜파레나] / 시공업체 : ㈜대우건설, 계룡건설산업㈜, 동부건설㈜, 흥한주택종합건설㈜, ㈜파레나]입니다. 금융인증서, 토스인증서, KB국민인증서 중 1개)를 미리 발급 받으시기 바라며, 공급구분별 신청접수일이 다르므로 반드시 해당",https://apply.lh.or.kr/lhapply/lhFile.do?fileid=61479595,한국토지주택공사,SRC-U002,exact_excerpt,0.98,needs_human,
PDF-009-occupancy_planned_block,PDF-009,(정정공고) 다산신도시 자연앤푸르지오 입주자모집 정정공고(A3).pdf,data/raw/evidence/(정정공고) 다산신도시 자연앤푸르지오 입주자모집 정정공고(A3).pdf,78e1f182e7fd0b7a08ca5d3c27ae6e6d7fda39a6479c6788bce1f18d7d80e999,남양주 다산,occupancy_planned_block,2018-12-19,2021,year,,,block,A-4,예정;계획,PDF p.29,") 1부 4. 기타 계약자 안내 ■ 입주자 사전방문 안내 • 「주택공급에 관한 규칙」 제21조 제3항 제27호에 따라 입주개시 전 약 1~2개월 전에 특정 일자를 통보하여 사전방문을 실시할 예정입니다. • 사전방문 대상 : 도장공사, 도배공사, 가구공사, 타일공사, 주방용구공사 및 위생기구공사 ■ 입주예정일 : 2021년 11월 예정 (향후 일정 등에 따라 다소 변경될 수 있으며, 변경될 경우 추후 개별 통보키로 함) • 실입주일이 입주예정일보다 앞당겨질 경우 미도래 중도금과 잔금을 실입주일에 함께 납부하여야 하며, 이 경우 선납할인은 적용되지 않습니다. • 입주예정일은 공정에 따라 변경될 수 있으며, 공사 중 천재지변, 문화재 발견 등 예기치 못한 사유가 발생할 경우 건축계획 변경에 따른 설계변경 등이 수반 될 수 있으며 이로 인해 예정된 공사일정 및 입주시기 등이 지연될 수 있습니다. • 입주 시 관리운영에 필요한 자금을 미리 확보하기 위하여 일정금액의 관리비예치금을 부과하며, 입주 시 한번",https://www.gh.or.kr/gh/announcement-of-salerental001.do?articleNo=52607&attachNo=57912&mode=download,국토교통부,SRC-H021,sha256,1.0,needs_human,
PDF-010-occupancy_planned_block,PDF-010,(정정공고)인천계양A-2블록공공분양입주자모집공고문.pdf,data/raw/evidence/(정정공고)인천계양A-2블록공공분양입주자모집공고문.pdf,f7202e924988f383730f245784e37a1ec66f0f54d655fb3b8171c45314389195,인천 계양,occupancy_planned_block,2024-09-30,,unknown,,,block,A-2,예정,PDF p.4,"종료일 이후 장기간 소요될 수 있으 며, 향후 지적정리 후 면적은 일부 증감될 수 있습니다. ※ 최고층수는 해당주택형의 최상층 층수이며, 최상층세대는 다락방이 설치되지 않습니다. ※ 난방방식은 지역난방, 구조는 철근콘크리트 벽식, 지붕은 평지붕, 지하주차장 슬래브는 무량판 구조로 시공됩니다. ※ 입주예정 시기는 공정에 따라 변동될 수 있으며, 정확한 입주 시기는 추후 개별 안내할 예정입니다. 3. 공급금액(발코니 확장금액 별도) ■ 사전청약당첨자 대상 분양가격 납부조건 등 안내 [단위 : 천원] 블록 주택형 주택 타입 발코니 유형 세대당 주택면적(㎡) 공유 대지 면적 (㎡) 공급세대수 최고 층수 1층 세대수 입주 예정 시기 공급면적 그 밖의",https://apply.lh.or.kr/lhapply/lhFile.do?fileid=58985631,한국토지주택공사,SRC-E2-A06,sha256,1.0,needs_human,missing_event_date_or_excerpt
PDF-012-occupancy_planned_block,PDF-012,(참고자료)김포양곡_행복주택_사회적기업공간_위치_및_공간현황.pdf,data/raw/evidence/(참고자료)김포양곡_행복주택_사회적기업공간_위치_및_공간현황.pdf,a3c74951c8e5c04931fc3d631c069bf6b22718e2978eb0d577e1941c58393e7f,김포 한강,occupancy_planned_block,2017-03-01,,,,김포도시철도(김포골드라인),block,B-2,,,,https://lh.or.kr/boardDownload.es?bid=0034&list_no=646642&seq=3,국토교통부,SRC-H009,sha256,1.0,needs_human,missing_event_date_or_excerpt
PDF-013-occupancy_planned_block,PDF-013,(참고자료)김포한강_행복주택_사회적기업공간_위치_및_공간_현황.pdf,data/raw/evidence/(참고자료)김포한강_행복주택_사회적기업공간_위치_및_공간_현황.pdf,e1ebc0fea640403e26a71cfea8ebace74b5da734ea1371ad0713ba9974d0da49,김포 한강,occupancy_planned_block,,,,,김포도시철도(김포골드라인),block,,,,,https://lh.or.kr/boardDownload.es?bid=0034&list_no=646666&seq=3,국토교통부,SRC-H010,sha256,1.0,needs_human,missing_event_date_or_excerpt
PDF-014-occupancy_planned_block,PDF-014,(최종)250331_교산푸르지오더퍼스트_입주자모집공고.pdf,data/raw/evidence/(최종)250331_교산푸르지오더퍼스트_입주자모집공고.pdf,b247b3e65cb7029821c352a345952c0fb73323ae3462b90b52f5b653dca1a2f5,하남 교산,occupancy_planned_block,2025-03-31,2029,year,,,block,A-2,예정,PDF p.5,"기 면적이 상이할 수 있습니다. ※ 공급면적 및 대지지분은 공부정리절차 등의 부득이한 경우에 한해 법령이 허용하는 오차 범위 내에서 증감이 있을 수 있습니다. ※ 최고층수는 해당 주택형(타입)의 최상층입니다. ※ 난방방식은 지역난방, 구조는 철근콘크리트 벽식, 지붕은 평지붕으로 시공됩니다. ※ 입주예정 시기는 2029년 6월로 예정되어 있으나, 공정에 따라 변동될 수 있으며, 정확한 입주 시기는 추후 개별 안내할 예정입니다. ※ 본 사업은 「공공주택 특별법」 제4조 제2항 및 ‘민간참여 공공주택사업 시행지침’에 따라 민간참여 공공주택을 시행하는 사업 [사업주체 : 한국토지주택공사[민간참여 공공주택건설사업 민간사업자 ㈜대우건설, 계룡건설산업㈜, 동부건설㈜, 흥한주택종합건설㈜, ㈜파레나] / 시공업체 : ㈜대우건설, 계룡건설산업㈜, 동부건설㈜, 흥한주택종합건설㈜, ㈜파레나]입니다. ※ 단, 부부(예비신혼부부 제외)는 당첨자발표일이 동일한 주택에 대해 각각 청약할 수 있으나, 중복당첨된 경우 「주택공",https://apply.lh.or.kr/lhapply/lhFile.do?fileid=61210841,한국토지주택공사,SRC-U002,exact_excerpt,0.98,needs_human,
PDF-015-occupancy_first_actual,PDF-015,110624(조간)__11년_6~8월_입주예정_아파트_공개(주택정책과).pdf,data/raw/evidence/110624(조간)__11년_6~8월_입주예정_아파트_공개(주택정책과).pdf,dc233154be5b674cb88e215791cc0f37d90bdbe94d06dff17e6fed269a0f7d9f,김포 한강,occupancy_first_actual,2011-06-24,,unknown,,,district,,예정,PDF p.1,"부서 주택정책과 공공주택개발과담 당 자 ∙과장 진현환팀장 최제호사무관 정재원 , , (02)2110-8264, 8265 ☎ ∙과장 이안호사무관 권영원 , (02)2110-6055 ☎ 보 도 일 시 년 월 일금 조간부터 보도하여 주시기 바랍니다 2011 6 24 ( ) . 김포한강신도시 아파트 첫 입주 등 입주물량 증가세 - ’ 년 월 입주예정 아파트 공개 11 6~8 - □국토해양부장관 권도엽 ( : )는 금 6.24( ) 금년 월 입주예정 6 8 ～ 아파트에 대한 세부정보*를 공개하였다. 입주월 지역 단지명 규모별 이하초과 세대수 등 * , , , (85 / ) ㎡ □지역별로는 전국 호 44,903 , 수도권 호 21,003 , 지방 호 23,900 로 나타났으며, ㅇ 월별로는 월 호 6 19,264 , 월 호 7 16,206 , 월 호 8 9,433 가 입주예정인 것으로 집계되었다. 단위 호 ( : ) 구 분 월 3 월 4 월 5 소계",,남양주시,,,0.0,needs_human,missing_event_date_or_excerpt
PDF-016-occupancy_first_actual,PDF-016,140630_LH_미사강변도시_첫_입주_시작.pdf,data/raw/evidence/140630_LH_미사강변도시_첫_입주_시작.pdf,6a368721bcef1b229bfe5bd3bb2d40b5ddf61811dd86483a53841c6ecdfc15a4,하남 미사,occupancy_first_actual,2014-06-30,2014-06-30,day,,,district,,추진,PDF p.1,"보 도 자 료 한국토지주택공사 배포일시 월 2014. 6. 30 ( ) 보도일시 즉시 보도 가능합니다. 담당부서 하남사업본부 사업관리부 담 당 자 김동진 부장 (031-790-7806) 백형주 부장대우(031-790-7860) 미사강변도시 첫 입주 시작 , 월 일 블록 세대를 시작으로 로 월 블록 - 6 30 A15 976 8 A9 세대 월 블록 세대 등 연내 세대 입주 712 , 12 A28 1,541 3.229 수용인구 만천명의 수도권 동남부 핵심 주거 주거벨트 - 9 6 무주택서민의 내집 마련을 위해 추진된 하남미사 공공주택사업옛 보금자 ( 리주택사업이 그 첫 결실을 맺는다 ) . 한국토지주택공사 사장 이재영 ( , ((http://www.lh.or.kr)는 지난 년 시범지구로 지정된 미사강변도시의 입주가 오는 일 블록을 2009 30 A15 시작으로 본격화된다고 밝혔다. 미사강변도시는 위례신도시와 더불어 수도권 동남부 핵심 주거벨트 중 하 나로 손꼽힌다한강변",,한국토지주택공사,SRC-H025,title_development_event,1.0,needs_human,
PDF-017-promise_date,PDF-017,200521(14시이후) 하남교산 신도시_과천지구 광역교통개선대책 확정(공공택지기획과).pdf,data/raw/evidence/200521(14시이후) 하남교산 신도시_과천지구 광역교통개선대책 확정(공공택지기획과).pdf,fb08785a7962ad8088d930c4598ac1d095187eb34f7a52ea2b675bb0f5fc72cc,하남 교산,promise_date,2020-05-21,,unknown,,,district,,추진;확정;계획,PDF p.1,"가능한 교통대책 완비 - , 30 - □국토교통부장관 김현미 ( )는 대도시권광역교통위원회위원장 최기주 ( ) 심의(‘20.5.8)를 거쳐 하남교산 기 신도시 3 만 천호 (3 2 )와 과천지구 천호 (7 ) 광역교통개선대책을 확정하였다. ㅇ 광역교통개선대책은 신도시 조성 및 신규 교통대책 추진에 따른 교통량 변화 등에 대한 교통전문기관 용역, 한국교통연구원(KOTI) 검증, 지방자치단체 협의, 위원회 심의등을 거쳐 확정되었다 . □ 기 신도시 3 광역교통개선대책은잠실강남 등 ․ 서울 도심까지 분내 출퇴 30 근이 가능하도록 지하철 등 대중교통 투자를 확대하고 지구지정 , 부터 대책확정까지 개월 이상 소요되던 기간을 15 대폭 단축 하였다. 사업 추진 과정에서 시행착오를 최소화하기 위해 지방자치단체와 사업 계획을 함께 수립하여 광역교통시설의 적기 준공을 도모하였다. ㅇ 또한지하철 개통 전 , 입주 초기에 입주민들의 교통 불편을 최소화 할 수 있도록 사업시행자가 광역",https://www.molit.go.kr/mta/USR/N0201/m_36770/dtl.jsp?id=95083918&lcmspage=88,국토교통부,SRC-E1-B09,sha256,1.0,needs_human,missing_event_date_or_excerpt
PDF-018-promise_date,PDF-018,200521(14시이후)+하남교산+신도시_과천지구+광역교통개선대책+확정(공공택지기획과).pdf,data/raw/evidence/200521(14시이후)+하남교산+신도시_과천지구+광역교통개선대책+확정(공공택지기획과).pdf,fbe43488370ed17260f5eb6525fcfb25d0453d9a5c2222cb252bf9de41dd62d1,하남 교산,promise_date,2020-05-21,,unknown,,,district,,추진;확정;계획,PDF p.1,"가능한 교통대책 완비 - , 30 - □국토교통부장관 김현미 ( )는 대도시권광역교통위원회위원장 최기주 ( ) 심의(‘20.5.8)를 거쳐 하남교산 기 신도시 3 만 천호 (3 2 )와 과천지구 천호 (7 ) 광역교통개선대책을 확정하였다. ㅇ 광역교통개선대책은 신도시 조성 및 신규 교통대책 추진에 따른 교통량 변화 등에 대한 교통전문기관 용역, 한국교통연구원(KOTI) 검증, 지방자치단체 협의, 위원회 심의등을 거쳐 확정되었다 . □ 기 신도시 3 광역교통개선대책은잠실강남 등 ․ 서울 도심까지 분내 출퇴 30 근이 가능하도록 지하철 등 대중교통 투자를 확대하고 지구지정 , 부터 대책확정까지 개월 이상 소요되던 기간을 15 대폭 단축 하였다. 사업 추진 과정에서 시행착오를 최소화하기 위해 지방자치단체와 사업 계획을 함께 수립하여 광역교통시설의 적기 준공을 도모하였다. ㅇ 또한지하철 개통 전 , 입주 초기에 입주민들의 교통 불편을 최소화 할 수 있도록 사업시행자가 광역",,국토교통부,SRC-E2-B08,title_development_event,0.735,needs_human,missing_event_date_or_excerpt
PDF-019-promise_date,PDF-019,201230(조간)남양주왕숙_고양창릉 신도시 교통대책 확정(공공택지기획과 광역교통정책과).pdf,data/raw/evidence/201230(조간)남양주왕숙_고양창릉 신도시 교통대책 확정(공공택지기획과 광역교통정책과).pdf,ecc470f4fb71a5b29f7499ce815fe4f6605f9de139444664a3134be6e5dcd577,남양주 왕숙;고양 창릉,promise_date,2020-12-30,2020,year,rail,GTX-A 수서~동탄;별내선(8호선 연장);진접선(4호선 연장),district,,추진;확정;계획,PDF p.1,"57 보 도 일 시 2020년 12월 30일(수) 조간부터 보도하여 주시기 바랍니다. ※ 통신‧방송‧인터넷은 12. 29.(화) 11:00 이후 보도 가능 남양주왕숙·고양창릉 신도시 교통대책 확정! - 도시철도, GTX 등으로 서울도심 30분대 접근 가능 - - 3기 신도시 등 수도권 주택공급계획 차질 없이 추진 중 - □국토교통부는대도시권광역교통위원회심의(’20.12.4)를거쳐남양주왕숙 (6만6천호)과고양창릉(3만8천호)의광역교통개선대책을확정하였다. ㅇ광역교통개선대책은신도시조성및신규교통대책추진에따른교통량 변화등에대한교통전문기관용역, 한국교통연구원(KOTI) 검증, 지방자치단체협의, 대광위심의등을거쳐확정되었다. □3기신도시광역교통개선대책은서울도심까지30분대출퇴근이가능 하도록지하철등대중교통투자를확대하고, 사업추진과정에서시행 착오를최소화하기위해지방자치단체와사업계획을함께수립하여 광역교통시설의적기준공을도모하였다. ㅇ5월에광역교통개선대책을확정한하남교산·과천은도로사업실시 설계착수등후속절차를정상진행중으로`21년부터사업별인허가 절차",https://allinpdf.com/Transmit/File_Download?DownloadPath=2026%2f08%2f31%2fbb0746e8-a368-447f-8345-252b4e8a7dd3.hwp-0001.pdf&FileName=201230(%ec%a1%b0%ea%b0%84)%eb%82%a8%ec%96%91%ec%a3%bc%ec%99%95%ec%88%99_%ea%b3%a0%ec%96%91%ec%b0%bd%eb%a6%89+%ec%8b%a0%eb%8f%84%ec%8b%9c+%ea%b5%90%ed%86%b5%eb%8c%80%ec%b1%85+%ed%99%95%ec%a0%95(%ea%b3%b5%ea%b3%b5%ed%83%9d%ec%a7%80%ea%b8%b0%ed%9a%8d%ea%b3%bc+%ea%b4%91%ec%97%ad%ea%b5%90%ed%86%b5%ec%a0%95%ec%b1%85%ea%b3%bc).hwp.pdf,국토교통부,SRC-F021,title_development_event,0.692,needs_human,
PDF-020-occupancy_first_actual,PDF-020,20150123_ 동탄2신도시 첫 입주.pdf,data/raw/evidence/20150123_ 동탄2신도시 첫 입주.pdf,5ec7ad2f8fde7650b4723adcec0d6931c2ecdb8af0bd0ccaab60f6db6b6c63e6,화성 동탄2,occupancy_first_actual,2015-01-23,2015-01-23,day,,,district,,예정;추진,PDF p.1,"보 도 자 료 한국토지주택공사 배포일시 2015. 01. 23 금 ( ) 보도일시 인터넷은 일 부터 지면은 월부터 보도하여 주시기 바랍니다 1.25( ) 11:00 1.26( ) . 담당부서 경기지역본부 동탄사업본부 담 당 자 김현석 부장대우(031-379-6812) 수도권 최대 신도시 동탄 지구첫 입주 시작 (2) , 상반기 천백여 세대하반기까지 총 세대 입주 - 7 7 , 16,535 - 수도권남부지역 전월세난 해소에 크게 기여할 것으로 기대 년 월 주택시장 안정에 기여하고 수도권 남부에 자족적 거점 2007 12 , 도시 조성을 목적으로 택지개발예정지구로 지정되어 추진중인 화성동 탄 신도시가 년여의 사업 끝에 (2) 7 이달 일부터 입주가 시작된다 30 . 동탄 신도시 전체 아파트 세대수는 세대로금번 (2) 95,645 , EG 호 (642 ), GS 호 (559 ), KR 호 (656 ) 금성백조 , 호 (485 ) 모아 , 호 (460 ) 등 개 블록 총 5 2",,국토교통부,,,0.0,needs_human,
PDF-021-promise_date,PDF-021,210125 (조간)3기 신도시_패스트트랙_교통대책 조기 확정 등으로 신속 공급(공공택지기획과).pdf,data/raw/evidence/210125 (조간)3기 신도시_패스트트랙_교통대책 조기 확정 등으로 신속 공급(공공택지기획과).pdf,894b933a4fc5a46612a01bb5806599544d52a78c702fdf34203d30d7240bac5b,화성 동탄2;인천 계양;부천 대장,promise_date,2021-01-25,2021,year,sbrt,GTX-A 수서~동탄;계양~대장 S-BRT,district,,추진;확정;계획,PDF p.1,"057 보 도 일 시 2021년 1월 25일(월) 조간부터 보도하여 주시기 바랍니다. ※ 통신‧방송‧인터넷은 1. 24.(일) 11:00 이후 보도 가능 3기 신도시, 패스트트랙·교통대책 조기 확정 등으로 신속 공급 - 보상 평균 10개월 조기 착수, 교통대책 평균 16개월 조기 확정 - 1. 3기 신도시 추진현황 □3기신도시는지구계획 수립·토지보상 병행 등패스트 트랙 (Fast-Track)을적용하여보상착수기간을기존대비평균10개월 이상단축*하는등신속하게사업을추진하고있다. * 지구지정∼보상착수: (2기신도시) 성남판교24개월, 위례30개월등평균27개월소요, (3기신도시) 하남교산14개월, 인천계양14개월등평균17개월소요 ㅇ남양주왕숙·하남교산·인천계양은보상공고(’20.8)를거쳐보상절차가 진행중이며, 고양창릉·부천대장은상반기에보상공고할계획이다. ㅇ남양주왕숙·하남교산·인천계양은지구계획(안)을마련(’20.10)하여 관계기관협의중이며올해상반기에순차확정할계획이다. ㅇ고양창릉·부천대장은도시·건축·교통등분야별전문가들이참여 하여지구계",https://allinpdf.com/Transmit/File_Download?DownloadPath=2026%2f08%2f31%2f0b34fc1d-dd59-4fee-b1b6-4dec3f09c3d4.hwp-0001.pdf&FileName=210125+(%ec%a1%b0%ea%b0%84)3%ea%b8%b0+%ec%8b%a0%eb%8f%84%ec%8b%9c_%ed%8c%a8%ec%8a%a4%ed%8a%b8%ed%8a%b8%eb%9e%99_%ea%b5%90%ed%86%b5%eb%8c%80%ec%b1%85+%ec%a1%b0%ea%b8%b0+%ed%99%95%ec%a0%95+%eb%93%b1%ec%9c%bc%eb%a1%9c+%ec%8b%a0%ec%86%8d+%ea%b3%b5%ea%b8%89(%ea%b3%b5%ea%b3%b5%ed%83%9d%ec%a7%80%ea%b8%b0%ed%9a%8d%ea%b3%bc).hwp.pdf,,SRC-E2-B06,title_development_event,0.828,needs_human,
PDF-022-promise_date,PDF-022,210629(15시이후)서부권 2기 신도시 (김포한강_인천검단) 교통개선 대책(광역시설운영과).pdf,data/raw/evidence/210629(15시이후)서부권 2기 신도시 (김포한강_인천검단) 교통개선 대책(광역시설운영과).pdf,f54821ed2da56cc09c6281ab080ed96a84252a1fad9af1fff9c07bb78913eb1f,김포 한강,promise_date,2021-06-29,2021,year,rail,GTX-A 수서~동탄;김포도시철도(김포골드라인);하남선(5호선 연장),district,,추진;계획,PDF p.1,"서기관백승록 ∙☎(044) 201-3938, 3940 보 도 일 시 2021년 6월 29일(화) 15:00 이후부터 보도 가능합니다. 서부권 2기 신도시(김포한강, 인천검단) 교통개선 대책 < 교통수단연계성고려한종합대책마련, 철도망계획등반영> - 서부권광역급행장기역∼부천운동장역신설, 여의도․용산등직결운행추진 - 인천2호선통해GTX-A 환승연계, 강남권까지약30∼40분으로단축 - 서울5호선연장추가검토, 광역버스․BTX․광역도로등확충추진 □국토교통부(장관노형욱)는김포골드라인의높은혼잡도및검단 신도시입주(’21.6월~) 등으로교통여건개선에대한요구가높았던 서부권2기신도시(김포한강신도시, 검단신도시) 에대해, ㅇ철도․버스․도로등종합적인교통개선대책을마련하고제4차 국가철도망구축계획및제4차광역교통시행계획등에반영하기 위한관련위원회심의*를추진중이라고밝혔다. *「제4차국가철도망구축계획」은금일‘철도산업위원회’ 심의완료 「제4차광역교통시행계획」은‘대도시권광역교통위원회’ 심의진행중 □서부권2기신도시의교통개선대책은 ➊철도의접근성향상을 우",https://www.molit.go.kr/LCMS/DWN.jsp?fold=koreaNews/mobile/file&fileName=210629%2815%EC%8B%9C%EC%9D%B4%ED%9B%84%29%EC%84%9C%EB%B6%80%EA%B6%8C+2%EA%B8%B0+%EC%8B%A0%EB%8F%84%EC%8B%9C+%28%EA%B9%80%ED%8F%AC%ED%95%9C%EA%B0%95_%EC%9D%B8%EC%B2%9C%EA%B2%80%EB%8B%A8%29+%EA%B5%90%ED%86%B5%EA%B0%9C%EC%84%A0+%EB%8C%80%EC%B1%85%28%EA%B4%91%EC%97%AD%EC%8B%9C%EC%84%A4%EC%9A%B4%EC%98%81%EA%B3%BC%29.pdf,국토교통부,SRC-E1-B03,sha256,1.0,needs_human,
PDF-023-actual_operation,PDF-023,220318(석간)_진접선_개통_남양주의_새로운_길(철도투자개발과).pdf,data/raw/evidence/220318(석간)_진접선_개통_남양주의_새로운_길(철도투자개발과).pdf,5ca5a14c242fdc43aba2946d19a90fd682ecf38054edf2acaaa843cc89f8112b,남양주 왕숙,actual_operation,2022-03-18,,unknown,rail,진접선(4호선 연장),district,,,PDF p.1,"보 도 자 료 ∙ ∙☎ ∙ ∙☎ ∙ ∙☎ 보 도 일 시 년 월 일금 석간부터 보도하여 주시기 바랍니다 2022 3 18 ( ) . 통신방송인터넷은 금 이후 보도 가능 3. 18.( ) 10:00 ※ ‧ ‧ 진접선 개통남양주의 새로운 길이 열립니다 , . - 서울도시철도 호선 진접선 4 당고개진접 ( ~ ) 연장 개역 신설 14.9km 3 … 평일 출퇴근 시간대 분간격 운행 - 10~12 ·진접 서울역 ∼ 분 소요 52",https://www.molit.go.kr/LCMS/DWN.jsp?fold=koreaNews/mobile/file&fileName=220318%28%EC%84%9D%EA%B0%84%29_%EC%A7%84%EC%A0%91%EC%84%A0_%EA%B0%9C%ED%86%B5_%EB%82%A8%EC%96%91%EC%A3%BC%EC%9D%98_%EC%83%88%EB%A1%9C%EC%9A%B4_%EA%B8%B8%28%EC%B2%A0%EB%8F%84%ED%88%AC%EC%9E%90%EA%B0%9C%EB%B0%9C%EA%B3%BC%29.pdf,국토교통부,,,0.0,needs_human,missing_event_date_or_excerpt
PDF-024-promise_date,PDF-024,220617(조간)_호매실_동탄2_광역교통_개선을_위해_주민의견_듣는다(광역교통정책과).pdf,data/raw/evidence/220617(조간)_호매실_동탄2_광역교통_개선을_위해_주민의견_듣는다(광역교통정책과).pdf,ea078d9bb489eb228f003f5675c7825a8b6223f409e3dad8375bcf6a9e780378,화성 동탄2,promise_date,2022-06-17,,unknown,rail,GTX-A 수서~동탄,district,,추진,PDF p.1,"교통특별대책 광역교통개선대책 이행 지연으로 인한 광역교통시설 구축과 * ( ) 입주시기 간의 불일치에 따른 광역교통 불편을 완화하기 위하여 도입 광역교통개선대책 * ( ) 신도시 등 대규모 개발사업면적 만 ( 50 m2 또는 인구 만명 이상에 1 ) 따른 교통문제 완화와 선교통후개발 추진을 위하여 도입 - □ 대광위는 호매실과 동탄 지구에서 추진 중인 광역철도 2 신분당선 호매실 ( 연장 삼성동탄 구간 , GTX-A ~ ) 등 주요 광역교통시설이확충 되는 동안 두 지구에서의 광역교통 불편 완화를 위하여, ㅇ 지자체수원화성시 ( ) ‧ , LH 개발사업시행자 ( ) 한국교통연구원 등과 함께 , 서울 방면 등에 대한 광역버스 증차, 출 ‧ 퇴근 전세버스 도입등의 특별 대책을 마련하고 있다.",https://www.molit.go.kr/LCMS/DWN.jsp?fold=koreaNews/mobile/file&fileName=220617%28%EC%A1%B0%EA%B0%84%29_%ED%98%B8%EB%A7%A4%EC%8B%A4_%EB%8F%99%ED%83%842_%EA%B4%91%EC%97%AD%EA%B5%90%ED%86%B5_%EA%B0%9C%EC%84%A0%EC%9D%84_%EC%9C%84%ED%95%B4_%EC%A3%BC%EB%AF%BC%EC%9D%98%EA%B2%AC_%EB%93%A3%EB%8A%94%EB%8B%A4%28%EA%B4%91%EC%97%AD%EA%B5%90%ED%86%B5%EC%A0%95%EC%B1%85%EA%B3%BC%29.pdf,국토교통부,SRC-E1-B02,sha256,1.0,needs_human,missing_event_date_or_excerpt
PDF-025-promise_date,PDF-025,221026(석간)_수원_호매실_화성_동탄2_광역교통특별대책_발표(광역교통정책과).pdf,data/raw/evidence/221026(석간)_수원_호매실_화성_동탄2_광역교통특별대책_발표(광역교통정책과).pdf,b289b7a3fb07c631744d95e58f66b47e45e0a4347c138c16684c58554010050c,화성 동탄2,promise_date,2022-10-26,2022-10-26,day,rail,GTX-A 수서~동탄,district,,추진,PDF p.5,"도입광역버스정류장 개선 등을 적극 추진한다 2 , . 2-2. 화성 동탄지구 광역교통특별대책에 따라 광역버스 증차출퇴근 2 , 전세버스 추가 투입준공영제 전환시내마을버스 증차신설 , , , ‧ ‧ 수요응답형 교통수단(DRT) 도입 층 전기버스 도입광역버스정류장 , 2 , 개선 등을 적극 추진한다. - 10 - 3. 지자체등은 사업별 세부 추진방안 비용정산 등 광역교통특별대책 , 이행과 관련된 세부사항에 대해 별도 협의하여 추진한다. 4. 지자체등은 특별대책 이행과 관련하여 이견이 발생하는 경우 대광위에 중재를 요청할 수 있으며 이 경우 지자체등은 대광위의 , 이견조정 과정에 적극 협조한다. 5. 대광위 지자체등은 광역교통특별대책 추진현황을 주기적으로 점검 , 하는 등 광역교통 개선을 위해 공동으로 노력한다. 2022. 10. 26. 대도시권광역교통위원회 위원장 수원특례시 시장 화성시 시장 한국토지주택공사 국토도시개발본부장",,국토교통부,SRC-E1-B01,title_development_event,0.816,needs_human,
PDF-026-promise_date,PDF-026,221111(석간)_수도권_서부지역의_광역교통_확충_등_지역현안_해결_추진(공공택지조사과).pdf,data/raw/evidence/221111(석간)_수도권_서부지역의_광역교통_확충_등_지역현안_해결_추진(공공택지조사과).pdf,d7e578abba3c7c6fe3592dbebdaef288ee0ace8aeb5d4a35909946668e2838f1,김포 한강;하남 미사;하남 교산,promise_date,2022-11-11,2022,year,rail,김포도시철도(김포골드라인);하남선(5호선 연장),district,,추진;계획,PDF p.1,- 1 - 보 도 자 료 배포 일시 2022. 11. 11.(금) 담당 부서 공공주택추진단 공공택지조사과 책임자 과 장 박정혁 (044-201-4442) 사무관 권인혁(044-201-4443) 담당자 사무관 김호숙(044-201-4548) <총괄> 대도시권광역교통위원회 광역교통정책과 책임자 과 장 이주열(044-201-5045) 담당자 서기관 정경인(044-201-5046) 보도일시 2022년 11월 11일(금) 석간부터 보도하여 주시기 바랍니다. ※ 통신‧방송‧인터넷은 11. 11.(금) 11:00 이후 보도 가능 수도권 서부지역의 광역교통 확충 등 지역현안 해결 추진 - 서울5호선ᆞGTX 등과 연계한 김포한강2 콤팩트시티 조성 - □국토교통부(장관 원희룡)는 수도권 서부지역의 대표적인 지역현안 사업 으로 꼽혔던 서울5호선 연장 등 광역교통 확충을 본격적으로 추진하여 지역의 심각한 교통난을 근본적으로 해결해나갈 계획이라고 밝혔다. □김포시 등 수도권 서부지역은 그간 서울과 연접한 지리적 이점에도 불구 하고,https://www.molit.go.kr/LCMS/DWN.jsp?fold=koreaNews/mobile/file&fileName=221111%28%EC%84%9D%EA%B0%84%29_%EC%88%98%EB%8F%84%EA%B6%8C_%EC%84%9C%EB%B6%80%EC%A7%80%EC%97%AD%EC%9D%98_%EA%B4%91%EC%97%AD%EA%B5%90%ED%86%B5_%ED%99%95%EC%B6%A9_%EB%93%B1_%EC%A7%80%EC%97%AD%ED%98%84%EC%95%88_%ED%95%B4%EA%B2%B0_%EC%B6%94%EC%A7%84%28%EA%B3%B5%EA%B3%B5%ED%83%9D%EC%A7%80%EC%A1%B0%EC%82%AC%EA%B3%BC%29.pdf,국토교통부,SRC-E1-B04,sha256,1.0,needs_human,
PDF-027-promise_date,PDF-027,221128(석간)_위례신도시_노면전차_사업으로_교통이_편리해진다(광역시설정책과).pdf,data/raw/evidence/221128(석간)_위례신도시_노면전차_사업으로_교통이_편리해진다(광역시설정책과).pdf,da11fbf0ece767ab2872f6f40311e00bf7df9bceafc4f9ce045d9c29bb28ed92,위례,promise_date,2022-11-28,2022-11-25,day,tram,위례선 트램,district,,예정;계획,PDF p.1,"「 」 ㅇ ’ 년 월 도시철도 기본계획 승인 이후 실시설계 등 절차 20 10 *를 거쳐 이번에 사업계획이 승인됨에 따라 사업시행자인 서울특별시에서 ’ 년 22 월 사업 11 을 본격 착공하여 ’25년 월 개통할 예정 9 이다. * 도시철도 건설 절차도시철도망 ( ) 구축계획 승인 기본계획 → 승인 기 → 본 및 실시설 계 → 사업계획 승인 공사 준공개통 ( ) → → □ 위례선트램 ( ) 사업의 열차는 대당 객차가 칸 1 5 모듈 ( )으로 구성되어 있으며, 총 대의 열차가 출 퇴근 시간대에는 분 10 · 5 , 평시간대에는 분 간격 10 지선은 출퇴근시 분 평시 분 ( 10 , 15 )으로 운행될 계획이며, ㅇ 호선 마천역 5 과 호선 복정역 남위례역 8 , 에서 노면전차를 이용하여 위례 신도시로 이동이 가능해져 지역 주민들의 교통불편을 해소하고지역경제 활성화에크게 기여 할 것으로기대 된다. 보 도 자 료 배포 일시 금 2022. 11. 25.",,국토교통부,,,0.0,needs_human,
PDF-027-basic_service,PDF-027,221128(석간)_위례신도시_노면전차_사업으로_교통이_편리해진다(광역시설정책과).pdf,data/raw/evidence/221128(석간)_위례신도시_노면전차_사업으로_교통이_편리해진다(광역시설정책과).pdf,da11fbf0ece767ab2872f6f40311e00bf7df9bceafc4f9ce045d9c29bb28ed92,위례,basic_service,2022-11-28,,,tram,위례선 트램,district,,,,,,국토교통부,,,0.0,needs_human,missing_event_date_or_excerpt
PDF-028-actual_operation,PDF-028,230630(참고)_대곡-소사_복선전철_7월_1일_개통(철도투자개발과).pdf,data/raw/evidence/230630(참고)_대곡-소사_복선전철_7월_1일_개통(철도투자개발과).pdf,808adcd9cfba65450c62f6187416790bf6dcca2d2c50af97e8ecee5c8f9a84fc,고양 창릉;화성 동탄2,actual_operation,2023-06-30,2023-07-01,day,rail,대곡~소사선;GTX-A 수서~동탄,district,,예정,PDF p.1,"- 1 - 보도시점 : 배포 즉시 보도 가능 / 배포 : 2023. 6. 30.(금) 대곡～소사 복선전철 7월 1일 개통 - 경기 서북부지역 종단 전철 연결로 교통 소외 해소 - 고양에서 부천간 이동시간이 67분에서 19분으로 48분 단축, 수도권 30분대 출‧퇴근 교통망 조성 □국토교통부(장관 원희룡)는 6월 30일 고양 어울림누리 별무리경기장에서 대곡~소사 복선전철 개통식을 개최하였다. * 정부, 지자체, 건설공사 관계자 및 지역 주민 약 700여명 참석 ㅇ 대곡~소사 복선전철 사업은 고양시 대곡역을 출발하여 김포공항역을 지나 경기도 부천시 소사역을 잇는 사업으로, 7년간 약 1조 6천억원을 투입 하여 '23년 7월 1일 개통할 예정이다. □ 대곡~소사 복선전철 개통으로 그간 단절되었던 부천시와 고양시가 연결되며, 수도권 서부지역 주민은 김포공항역, 부천종합운동장역 등에서 환승하여 여의도‧서울역 등 서울 도심까지 30분대에 통학‧출퇴근이 가능해진다. ㅇ 향후, ’24년 개통하는 GTX-A 대곡역과",https://www.molit.go.kr/LCMS/DWN.jsp?fold=koreaNews/mobile/file&fileName=230630%28%EC%B0%B8%EA%B3%A0%29_%EB%8C%80%EA%B3%A1-%EC%86%8C%EC%82%AC_%EB%B3%B5%EC%84%A0%EC%A0%84%EC%B2%A0_7%EC%9B%94_1%EC%9D%BC_%EA%B0%9C%ED%86%B5%28%EC%B2%A0%EB%8F%84%ED%88%AC%EC%9E%90%EA%B0%9C%EB%B0%9C%EA%B3%BC%29.pdf,국토교통부,SRC-F024,title_development_event,0.757,needs_human,
PDF-029-actual_operation,PDF-029,240329(참고)_GTX-A_수서~동탄_3월_30일_개통(수도권광역급행철도과).pdf,data/raw/evidence/240329(참고)_GTX-A_수서~동탄_3월_30일_개통(수도권광역급행철도과).pdf,83da19e7f5e189f542899a4ff549fbf2cd6caff6dab96ef41ff11835f4e66734,화성 동탄2,actual_operation,2024-03-29,2024-03-29,day,rail,GTX-A 수서~동탄,district,,,PDF p.1,"- 1 - 보도참고자료 보도시점 배포 즉시 보도 가능 : 배포 금 / : 2024. 3. 29.( ) 수서동탄 월 일 개통 GTX-A ~ 3 30 수도권 출퇴근 분 시대 개막 30 ! 일 수서역에서 개통기념식 일 시 분부터 첫 열차 운행 - 29 30 05 30 … 이동시간 획기적 - 단축 주거공간 인식을 바꾸는 교통 혁명 시작 , ·   수도권광역급행철도(GTX) 노선 A 수서동탄 ~ 구간이 월 일 개통 3 30 한다. ㅇ 국토교통부 장관 박상우 ( )는 월 일 3 29 수서역에서 수서동탄 GTX-A ~ 구간개통기념식 을 개최하고, 월 일 시 분 첫 열차 운행 3 30 05 30 동탄 ( 수서행수서 동탄행은 분 , 05:45 ) → → 을 시작으로 영업 운행을 개시한다. ㅇ 개통기념식에는 정부 지자체공사 관계자 , , 와 함께 수서동탄 GTX-A ~ 노선이 지나가는 서울시경기도 주민 · 들이 참석해 개통을 축하했다. 기념식 직후 참석",https://www.molit.go.kr/LCMS/DWN.jsp?fold=koreaNews/mobile/file&fileName=240329%28%EC%B0%B8%EA%B3%A0%29_GTX-A_%EC%88%98%EC%84%9C%7E%EB%8F%99%ED%83%84_3%EC%9B%94_30%EC%9D%BC_%EA%B0%9C%ED%86%B5%28%EC%88%98%EB%8F%84%EA%B6%8C%EA%B4%91%EC%97%AD%EA%B8%89%ED%96%89%EC%B2%A0%EB%8F%84%EA%B3%BC%29.pdf,국토교통부,SRC-H005,title_development_event,0.682,needs_human,
PDF-030-promise_date,PDF-030,240719(조간)_수도권_동부지역__출퇴근_30분_시대_실현_4.4조원_규모의_철도·도로_사업_본격_추진(광역교통정책과) (1).pdf,data/raw/evidence/240719(조간)_수도권_동부지역__출퇴근_30분_시대_실현_4.4조원_규모의_철도·도로_사업_본격_추진(광역교통정책과) (1).pdf,c9e00558131c031e6df06cef301f3d81f8c0f0fe4f6eab31b670b0512414feab,남양주 다산;하남 미사;하남 교산;남양주 왕숙,promise_date,2024-07-19,2024-07-18,day,rail,별내선(8호선 연장);하남선(5호선 연장);강동하남남양주선;송파하남선,district,,예정;추진,PDF p.1,"- 1 - 보도자료 보도시점 : 2024. 7. 18.(목) 12:00 이후(7. 19.(금) 조간) / 배포 : 2024. 7. 18.(목) 수도권 동부지역, 출퇴근 30분 시대 실현 4.4조원 규모의 철도‧도로 사업 본격 추진 - 별내선 개통(8.10)에 맞춰 버스 18개 노선, 34대 증차 등 촘촘한 연계환승체계 구축 - 수석대교, 송파하남선, 강동하남남양주선, 역사신설 등 갈등 중재, 신속 준공 □국토교통부(장관 박상우) 대도시권광역교통위원회(위원장 강희업, 이하 “대광위”)는 “출퇴근 30분 시대” 실현을 위한 수도권 동부지역 교통편의 제고 방안을 발표했다. ㅇ 이번 방안은 대통령 주재로 열린 「출퇴근 30분 시대, 교통격차 해소를 위한 민생토론회」(1.25)의 후속조치로서 수도권 권역별 맞춤형 교통대책 일환으로 마련했다. * 수도권 교통대책 : 남부지역(5.2), 북부지역(6.4), 동부지역(7.18), 서부지역(8월중 예정) ㅇ수도권 동부지역*은 '10년부터 신도시‧택지 개발사업이 본격",https://download.blog.naver.com/open/76e36ad9c291924e638cedd6ee0b7d0da9fd00e18b/EFsQabdNxbfO_to2E-QRigSVEg-Y6ehyel8RHzlnkwMqH4-2UXok7f3Qa-Ia2WlzxQumVzfBoIEPS0y029wXfoF_BOE/240719%28%EC%A1%B0%EA%B0%84%29_%EC%88%98%EB%8F%84%EA%B6%8C_%EB%8F%99%EB%B6%80%EC%A7%80%EC%97%AD__%EC%B6%9C%ED%87%B4%EA%B7%BC_30%EB%B6%84_%EC%8B%9C%EB%8C%80_%EC%8B%A4%ED%98%84_4.4%EC%A1%B0%EC%9B%90_%EA%B7%9C%EB%AA%A8%EC%9D%98_%EC%B2%A0%EB%8F%84%C2%B7%EB%8F%84%EB%A1%9C_%EC%82%AC%EC%97%85_%EB%B3%B8%EA%B2%A9_%EC%B6%94%EC%A7%84%28%EA%B4%91%EC%97%AD%EA%B5%90%ED%86%B5%EC%A0%95%EC%B1%85%EA%B3%BC%29%20%281%29.pdf,국토교통부,,,0.0,needs_human,
PDF-031-actual_operation,PDF-031,240809(조간)_남양주~잠실_27분__8월_10일_별내선_개통(광역시설정책과).pdf,data/raw/evidence/240809(조간)_남양주~잠실_27분__8월_10일_별내선_개통(광역시설정책과).pdf,e5df2c787de7dcb0a2e0db08463e2f03569396fed88580c86947a2197a284875,남양주 다산,actual_operation,2024-08-09,2024-08-08,day,rail,별내선(8호선 연장),district,,예정;계획,PDF p.1,"- 1 - 보도자료 보도시점 목 이후 금 조간 : 2024. 8. 8.( ) 11:00 (8. 9.( ) ) 배포 목 / : 2024. 8. 8.( ) 남양주잠실 분 월 일 별내선 개통 ' ~ 27 ', 8 10 혼잡관리 위해 예비열차 투입시내마을버스 신설 등 연계교통체계 정비 - , · 천호잠실석촌가락시장별내역 등에 안전관리 인력 배치 - · · · · 국토부경기도서울시개통 하루 앞둔 일 별내선 개통 기념식 - · · , 9 □서울 도시철도 호선 연장선인 별내선 8 이 월 일토 8 10 ( ) 새벽 첫 차 별내 ( → 모란 방향 분암사 별내 방향 분 05:32 , 05:28 ) → 를 시작으로 운행을 개시한다. ㅇ 박상우 국토교통부 장관은 오세훈 서울특별시장 김동연 경기도지사와 , 함께 개통 전일 일 (9 ) 별내역에 방문하여 그간의 사업경과 및 계획을 보고받고, 현장을 점검 하는 등 개통 기념행사를 개최할 예정이다. 별내선 개요 1. 별내선은 □",,국토교통부,SRC-H024,title_development_event,0.8,needs_human,
PDF-031-basic_service,PDF-031,240809(조간)_남양주~잠실_27분__8월_10일_별내선_개통(광역시설정책과).pdf,data/raw/evidence/240809(조간)_남양주~잠실_27분__8월_10일_별내선_개통(광역시설정책과).pdf,e5df2c787de7dcb0a2e0db08463e2f03569396fed88580c86947a2197a284875,남양주 다산,basic_service,2024-08-09,,unknown,rail,별내선(8호선 연장),district,,계획,PDF p.5,"호역잠실역석촌역 구간의 ~ ~ 혼잡도상승에 대비하고 안전관리를 강화하기 위해 , 암사에서 출발하는 열차예비 편성 ( ) 2 을 투입할 계획이다. ㅇ 또한출퇴근 시간에 열차시격을 조정하는 등 출퇴근시간대 , 각 회 5 증회 운행을 통해 열차 수송력을 제고하여 혼잡상황을 방지한다 전체 운행 횟수도 회에서 회로 회 증회 * 292 324 32 아울러별내선 개통 전 , □ 월 (7 ) 서울구간 주요 환승역사*에 교육을 마친 전문인력을 명을 배치 93 하여 안전활동동선분리승하차 통제 등 ( , ) 중이며 , 천호역 잠실역 석촌역 가락시장역 등 개 환승역 * , , , 4 ⑤⑧ ②⑧ ⑧⑨ ③⑧ 천호역 인력배치 < > 案 잠실역 인력배치 < > 案 ㅇ 경기도 에서도 관내 주요 환승역사구리역별내역다산역 ( , , )에 안전관리 인력 명 29 *을 배치하여 승하차 계도 등 · 사고예방에 힘쓴다 . 구리역 명 동구릉역 명 다산역 명 별내역 명",,국토교통부,,,0.0,needs_human,missing_event_date_or_excerpt
PDF-032-actual_operation,PDF-032,241212(조간)_GTX-A_운정중앙~서울역구간__12월_28일_개통(광역급행철도건설과).pdf,data/raw/evidence/241212(조간)_GTX-A_운정중앙~서울역구간__12월_28일_개통(광역급행철도건설과).pdf,d3bdc37aa3e72dd26cd4065e2019ef0154a1f93b16d3f0202d05f03b5fe8c968,화성 동탄2,actual_operation,2024-12-12,2024-12-11,day,rail,GTX-A 수서~동탄,district,,예정,PDF p.1,"- 1 - 보도시점 수 이후 목 조간 : 2024. 12. 11.( ) 11:00 (12.12.( ) ) 배포 수 / : 2024.12.11.( ) 운정중앙서울역 구간 월 일 개통 GTX-A‘ ~ ’ , 12 28 - 일 개통기념식 및 사전시승식 행사 등 개최 27 , □국토교통부장관 박상우 ( )는 지난 월 노선 수서동탄구간에 이어 3 GTX-A ‘ ~ ‘ 월 일 운정중앙서울역구간 12 28 ’ ~ ‘ 도 개통할 예정이라고 밝혔다. ※ 수서동탄구간 최초개통 구성역 추가 개통 GTX-A ‘ ~ ’ (3.30), (6.29) ㅇ 운정중앙서울역 구간이 개통하면 버스지하철 등 대중 GTX-A ‘ ~ ’ · 교통 환승을 통해 최대 분 가량이 소요되는 이동시간이 분으로 대폭 90 22 단축되어 수도권 서북부 지역의 교통편의가 획기적으로 개선될 전망이다. ㅇ 또한금번 개통하는 운정중앙서울역구간은 , ‘ ~ ’ 이용자의 편의성 제고를 위해 출퇴근 시간 때 열차",https://www.molit.go.kr/LCMS/DWN.jsp?fold=koreaNews/mobile/file&fileName=241212%28%EC%A1%B0%EA%B0%84%29_GTX-A_%EC%9A%B4%EC%A0%95%EC%A4%91%EC%95%99%7E%EC%84%9C%EC%9A%B8%EC%97%AD%EA%B5%AC%EA%B0%84__12%EC%9B%94_28%EC%9D%BC_%EA%B0%9C%ED%86%B5%28%EA%B4%91%EC%97%AD%EA%B8%89%ED%96%89%EC%B2%A0%EB%8F%84%EA%B1%B4%EC%84%A4%EA%B3%BC%29.pdf,국토교통부,,,0.0,needs_human,
PDF-032-basic_service,PDF-032,241212(조간)_GTX-A_운정중앙~서울역구간__12월_28일_개통(광역급행철도건설과).pdf,data/raw/evidence/241212(조간)_GTX-A_운정중앙~서울역구간__12월_28일_개통(광역급행철도건설과).pdf,d3bdc37aa3e72dd26cd4065e2019ef0154a1f93b16d3f0202d05f03b5fe8c968,화성 동탄2,basic_service,2024-12-12,,unknown,rail,GTX-A 수서~동탄,district,,예정;계획,PDF p.1,"~ ’ · 교통 환승을 통해 최대 분 가량이 소요되는 이동시간이 분으로 대폭 90 22 단축되어 수도권 서북부 지역의 교통편의가 획기적으로 개선될 전망이다. ㅇ 또한금번 개통하는 운정중앙서울역구간은 , ‘ ~ ’ 이용자의 편의성 제고를 위해 출퇴근 시간 때 열차를 집중 투입 · 짧은 배차간격 , 분 초 (6 15 )으로 열차를 운행할 예정이다. * 수서동탄구간도 월 일부터 열차운행횟수 확대예정 회일 회일 ‘ ~ ’ 12 28 (52 / 60 / ) → □ 운정중앙서울역 구간 개통 GTX-A ‘ ~ ’ (12.28)을 기념하여 지역주민 등과 개통성과를 공유소통 · 하는 행사와 이벤트도 실시한다. ㅇ 월 일에는 노선의 출발역과 종착역인 운정중앙역 12 27 GTX-A 파주시 ( 동패동 일원)에서 개통기념식행사를 개최하고행사 직후에는 운정중앙역 , 에서 서울역 구간까지 사전 시승식 GTX-A 행사를 실시할 계획이다. ㅇ 개통식 GTX-A 및사전",https://www.molit.go.kr/LCMS/DWN.jsp?fold=koreaNews/mobile/file&fileName=241212%28%EC%A1%B0%EA%B0%84%29_GTX-A_%EC%9A%B4%EC%A0%95%EC%A4%91%EC%95%99%7E%EC%84%9C%EC%9A%B8%EC%97%AD%EA%B5%AC%EA%B0%84__12%EC%9B%94_28%EC%9D%BC_%EA%B0%9C%ED%86%B5%28%EA%B4%91%EC%97%AD%EA%B8%89%ED%96%89%EC%B2%A0%EB%8F%84%EA%B1%B4%EC%84%A4%EA%B3%BC%29.pdf,국토교통부,,,0.0,needs_human,missing_event_date_or_excerpt
PDF-033-occupancy_planned_block,PDF-033,250724(석간) 3기 신도시 남양주왕숙 첫 공급 개시(공공택지관리과).pdf,data/raw/evidence/250724(석간) 3기 신도시 남양주왕숙 첫 공급 개시(공공택지관리과).pdf,75b73130d02612d7c1c05f64b5a800a662554d854abc4445e565e0caf2439cb6,남양주 왕숙,occupancy_planned_block,2025-07-24,2028-08,month,,강동하남남양주선,block,A-2,예정;확정,PDF p.1,", A-2블록 공급 물량은 총 1,030호이며, 전용면적 46㎡, 55㎡, 59㎡의 실수요자 선호도가 높은 소형 평형 위주로 구성되어 실질적인 주거 안정을 도모할 수 있을 것으로 기대된다. < 남양주왕숙 A-1, A-2 블록 주택형별 공급대상 > 구분 주택형별 세대수 구분 주택형별 세대수 입주예정시기 계 1,030 A-2 46㎡ 57 ’28.8월 (예정) A-1 59㎡ 629 55㎡ 344 * 위 공급호수는 입주자 모집 시 최종 확정됨 ㅇ 해당 블록은 왕숙천 수변공원과 선형공원 등과 인접해 쾌적한 환경을 갖추고 있으며, 다함께 돌봄센터 등 다양한 아이돌봄시설이 배치돼 ‘아이 키우기 좋은 단지’로 주목받고 있다. ㅇ 블록 인근에 있는 풍양역(진접2지구내)으로 4호선‧9호선 연장선이 개통될 예정으로, 교통여건도 뛰어난 편이다. □ 남양주왕숙 지구는 GTX-B노선, 강동하남남양주선(지하철 9호선 연장선), 경춘선의 3개 철도노선이 연결되는 ‘트리플 역세권(왕숙역, 가칭)’이 형성",https://www.molit.go.kr/LCMS/DWN.jsp?fold=koreaNews/mobile/file&fileName=250724%28%EC%84%9D%EA%B0%84%29+3%EA%B8%B0+%EC%8B%A0%EB%8F%84%EC%8B%9C+%EB%82%A8%EC%96%91%EC%A3%BC%EC%99%95%EC%88%99+%EC%B2%AB+%EA%B3%B5%EA%B8%89+%EA%B0%9C%EC%8B%9C%28%EA%B3%B5%EA%B3%B5%ED%83%9D%EC%A7%80%EA%B4%80%EB%A6%AC%EA%B3%BC%29.pdf,국토교통부,,,0.0,needs_human,
PDF-034-promise_date,PDF-034,260226(동정) 김용석 대광위원장 위례신도시 광역교통개선대책 점검(광역교통정책과).pdf,data/raw/evidence/260226(동정) 김용석 대광위원장 위례신도시 광역교통개선대책 점검(광역교통정책과).pdf,dbf2922f167bc6ed4a6e634ca45cd33925611b91d3696fffa35e4263bd88d3ad,위례,promise_date,2026-02-26,2026-02-26,day,tram,위례선 트램,district,,추진,PDF p.1,"동정자료 보도시점 배포 즉시 보도 가능 : 배포 목 / : 2026. 2. 26.( ) 김용석 대광위원장위례신도시 광역교통개선대책 점검 , 입주민 교통편의 제고 위해 위례선 트램위례신사선 등 - , 교통대책 신속추진 강조 □ 국토교통부장관 김윤덕 ( ) 대도시권 광역교통위원회이하 대광위 ( ) 김용석 위원장은 월 일목 오후 2 26 ( ) 위례신도시를 방문하여광역교통개선대책 추진상황을 점검하였다. ㅇ 위례신도시는 서울시 송파구 경기도 성남시 하남시에 걸쳐 ・ ・ 약 만 675 ㎡ 여의도 배 ( 2.3 )에 달하는 대규모 공공주택지구로, 약 만호의 주택이 4.4 공급된 수도권 핵심 주거지역이다. □ 김 위원장은 위례선 트램과 위례신사선 등 위례신도시 광역교통개선대책의 추진현황을 면밀히 점검하고위례선 트램 사업현장도 직접 방문하였다 , . ㅇ 위례선은 국내 최초로 도입되는 무가선 트램으로 차량기지 및 궤도 , 등 기반시설 설치를 완료한 후 본선 시운전을 통해",https://www.molit.go.kr/portal/common/download/DownloadMltm2.jsp?FilePath=/upload/portal/DextUpload/202602/20260226_170340_608.hwpx&FileName=260226(%EB%8F%99%EC%A0%95)%20%EA%B9%80%EC%9A%A9%EC%84%9D%20%EB%8C%80%EA%B4%91%EC%9C%84%EC%9B%90%EC%9E%A5%20%EC%9C%84%EB%A1%80%EC%8B%A0%EB%8F%84%EC%8B%9C%20%EA%B4%91%EC%97%AD%EA%B5%90%ED%86%B5%EA%B0%9C%EC%84%A0%EB%8C%80%EC%B1%85%20%EC%A0%90%EA%B2%80(%EA%B4%91%EC%97%AD%EA%B5%90%ED%86%B5%EC%A0%95%EC%B1%85%EA%B3%BC).hwpx,국토교통부,SRC-E1-C06,source_url,0.99,needs_human,
PDF-035-basic_service,PDF-035,"8849번(하남-미사-김포,인천공항) - 하남시청.pdf","data/raw/evidence/8849번(하남-미사-김포,인천공항) - 하남시청.pdf",7ffd1f81084ea1df1f970a4b81c950d8c381769be3c0f1ef2ab578354b184249,하남 미사,basic_service,2026-04-11,,,,,district,,,,,https://www.hanam.go.kr/www/contents.do?key=3262,하남시,SRC-E1-C03,source_url,0.99,needs_human,missing_event_date_or_excerpt
PDF-036-occupancy_planned_block,PDF-036,[공고문]부천대장_A5블록_신혼희망타운_행복주택_입주자모집(`26.07.23.).pdf,data/raw/evidence/[공고문]부천대장_A5블록_신혼희망타운_행복주택_입주자모집(`26.07.23.).pdf,6cdd357410777803b9423465738698e06c86d90f2770b19fe8e598acca238bb1,부천 대장,occupancy_planned_block,2026-07-23,2027,year,,,block,A-5,예정,PDF p.2,"결과 최종 적격자는 전부 당첨자 및 예비입주자로 선정할 예정입니다. 예비입주자는 당첨자의 계약포기 또는 해약 등으로 잔여세대 발생 시 예비순번에 따라 차례대로 계약체결을 진행하며, 순번 도래시 별도로 안내드릴 예정입니다. (예비입주자의 계약체결까지는 상당한 기간이 소요될 수 있습니다.) • 이 주택의 입주예정일은 2027년 11월이나 사정에 따라 변경될 수 있으며 정확한 입주시기는 추후 개별 통보합니다. • 동호 배정은 동별·층별·향별·타입별 구분 없이 우리 공사의 전산 프로그램을 통한 추첨에 의해 결정됩니다. • 우선공급이 미달된 경우 남은 우선공급물량은 해당 공급대상자의 일반 공급물량으로 전환하여 공급합니다. • 55형 중 일부 세대는 가정어린이집 설치·운영을 위한 공간으로 임시 배정되었습니다. 관계기관과의 협의 결과 및 현장여건 등에 따라 가정어린이집 설치·운영 여부 및 수량은 변경될 수 있으며, 이에 따라 금회 공급호수 또한 다소 변경될 수 있습니다. • 주거약자용 주택(55AS타입)은 안전하고 편리",https://apply.lh.or.kr/lhapply/lhFile.do?fileid=67822421,한국토지주택공사,SRC-F025,title_development_event,0.642,needs_human,
PDF-037-occupancy_planned_block,PDF-037,[공고문]부천대장_A6블록_신혼희망타운_행복주택_입주자모집(`26.07.23.).pdf,data/raw/evidence/[공고문]부천대장_A6블록_신혼희망타운_행복주택_입주자모집(`26.07.23.).pdf,4c96f574d6f235f71d79e3e067d5d2f666e5895a0c0db9ae0b862e31aa96c14d,부천 대장,occupancy_planned_block,2026-07-23,2027,year,,,block,A-6,예정,PDF p.2,"결과 최종 적격자는 전부 당첨자 및 예비입주자로 선정할 예정입니다. 예비입주자는 당첨자의 계약포기 또는 해약 등으로 잔여세대 발생 시 예비순번에 따라 차례대로 계약체결을 진행하며, 순번 도래시 별도로 안내드릴 예정입니다. (예비입주자의 계약체결까지는 상당한 기간이 소요될 수 있습니다.) • 이 주택의 입주예정일은 2027년 11월이나 사정에 따라 변경될 수 있으며 정확한 입주시기는 추후 개별 통보합니다. • 동호 배정은 동별·층별·향별·타입별 구분 없이 우리 공사의 전산 프로그램을 통한 추첨에 의해 결정됩니다. • 우선공급이 미달된 경우 남은 우선공급물량은 해당 공급대상자의 일반 공급물량으로 전환하여 공급합니다. • 55형 중 일부 세대는 가정어린이집 설치·운영을 위한 공간으로 임시 배정되었습니다. 관계기관과의 협의 결과 및 현장여건 등에 따라 가정어린이집 설치·운영 여부 및 수량은 변경될 수 있으며, 이에 따라 금회 공급호수 또한 다소 변경될 수 있습니다. • 주거약자용 주택(55AS타입)은 안전하고 편리",https://apply.lh.or.kr/lhapply/lhFile.do?fileid=67822428,한국토지주택공사,SRC-F025,title_development_event,0.642,needs_human,
PDF-038-promise_date,PDF-038,bodo_2.pdf,data/raw/evidence/bodo_2.pdf,90f107e315964eadde4d306bc9bd50f6b4883562335c9cbb3a6a6c4b486b8c77,화성 동탄2;김포 한강;하남 미사;하남 교산;고양 창릉;남양주 왕숙;인천 계양;부천 대장,promise_date,2024-01-25,2024-03,month,sbrt,GTX-A 수서~동탄;김포도시철도(김포골드라인);하남선(5호선 연장);고양은평선;강동하남남양주선;송파하남선;계양~대장 S-BRT,district,,추진;계획,PDF p.1,"□ 이번 민생 토론회에는 출퇴근 직장인, 지자체 공무원 및 지역 주민, 도시·교통 분야 전문가 등 각계각층의 국민이 참여하여 ‘국민이 바라는 교통상’에 대한 다양한 의견을 제시한다. □ 정부는 국민의 목소리를 경청하고, 출퇴근 30분 시대 실현과 교통격차 해소를 위해 다음 교통 분야 3대 혁신 전략을 추진해나갈 계획이다. ❶ 속도 혁신 : 전국 GTX 시대를 통한 초연결 광역경제생활권 실현 ㅇ GTX 사업 최초로 A노선 수서~동탄 구간을 ‘24.3월 개통하고, 운정~ 서울역 구간을 연내 개통하는 등 ‘28년까지 순차 개통을 완료한다. - 또한, B·C노선도 연초부터 즉시 착공하고 적기 개통(B노선 ’30년, C노선 ’28년)을 위해 공정을 차질없이 관리하는 등 1기 GTX 성과를 가시화 하여 본격적으로 수도권 GTX 시대를 연다.",https://www.molit.go.kr/2024plan_traffic/news/bodo_2.pdf,국토교통부,SRC-F010,sha256,1.0,needs_human,
PDF-039-promise_date,PDF-039,BRT _ 대도시권광역교통위원회.pdf,data/raw/evidence/BRT _ 대도시권광역교통위원회.pdf,7714332a5b225299facb069431a9cd3ca9d7535e10986b2ec3dc5b3a7fc359a5,인천 계양;부천 대장,promise_date,,2024-03,month,sbrt,계양~대장 S-BRT,district,,추진;계획,PDF p.1,"여건 변화(3기 신도시, GTX 등)를 반영하기 위해 수정계획 마련 '23. 06 : 간선급행버스체계 우선신호 가이드라인 배포 * 간선급행버스체계의 정시성·신속성 등을 유지하기 위해 우선신호 기술을 개발하고 이를 구현하는 지자체 등이 참고할 수 있도록 가이드라인 BRT 노선 현황(총괄) 구분 합계 운영 단계 추진 단계 노선수(개소) 연장(Km) 노선수(개소) 연장(Km) 노선수(개소) 연장(Km) 합계 80 1,035.9 27 321.9 5 67.3 4 광역BRT* 28 534.8 4* 114.5 2 28.7 2 도시BRT** 52 501.1 23 207.4 3 38.6 2 정책마당 광역교통 계획 광역교통 주요사업 정책성과 법령정보 국제세미나 간선급행버스체계(BRT, Bus Rapid Transit)* 구축 추진배경 추진경위 간선급행버스체계(BRT) 구축현황(‘24.3월 기준) 뉴스·소식 민원·신고 정책마당 광역교통통계 정보공개",https://www.molit.go.kr/mta/USR/WPGE0201/m_36794/DTL.jsp,국토교통부,SRC-F004,source_url,0.99,needs_human,
PDF-040-occupancy_first_planned,PDF-040,buy.gh.or.kr_land_svc_announce_land_announce_html.jsp_strFile=00586_201802271541281.jsp.pdf,data/raw/evidence/buy.gh.or.kr_land_svc_announce_land_announce_html.jsp_strFile=00586_201802271541281.jsp.pdf,7139dab4d1a5071c526396881c1e3160f3ab1957c9f42437a0cf9a3c533885ab,남양주 다산,occupancy_first_planned,2018-03-14,,,,별내선(8호선 연장),district,,,,,https://buy.gh.or.kr/land/svc/announce/land_announce_html.jsp?strFile=00586_201802271541281.jsp,경기주택도시공사,SRC-H022,source_url,0.99,needs_human,missing_event_date_or_excerpt
PDF-044-promise_date,PDF-044,2021-06-29__참고__서부권_2기_신도시_김포한강__인천검단__교통개선_대책.pdf,data/raw/evidence/documents/김포 한강/2021-06-29__참고__서부권_2기_신도시_김포한강__인천검단__교통개선_대책.pdf,f73aeb4a71997f5df77ed1b4d5cd616609805096dc5b3333ed61b3dba5b62051,김포 한강,promise_date,2021-06-29,2021-06-29,day,sbrt,GTX-A 수서~동탄;김포도시철도(김포골드라인);하남선(5호선 연장);계양~대장 S-BRT,district,,추진,PDF p.3,"번, 3번 환승한다면 이동시 간이 단축될까요? 한번환승시 최소 10분은 걸립니다. 그리고 김포시민전부가 장기역에 거주하나요? 장기역까지 가서 환승 하고 부천가서 또환승하고 여의도가서 또환승하고 강남가면 시간이 얼마 걸릴까요? 저도 이런생각을 하는데 보도자료의 개 선대책은 사업비 낭비로 밖에 안보입니다. 그냥 추진하지마시 고 교통분담금 1200만원 환급해주세요. 댓글삭제 • 장* 진 2021-06-29 김포검단 위한답시고 말은 번지르르하게 했는데 핵심만 요약 하면 김부선에서 바뀐건 GTX-B 사업자와 *협의*해서 용산 직 결) -> GTX-B 사업자와 협의 안되면 나가리 5호선 연장 추가* 검토* -> 검토를 한다는거지 한다는 말은 아님 ""생각은 해볼 께. 근데 상황이 여의치않으면 불가능해"" 이거랑 다른게 뭐야? 국토부가 나서서 이 안건에 대해선 국토부가 총대를 메고 진행 한다고 하던가 결국엔 그냥 말장난인거잖아? 댓글삭제 • 오* 연 2021-06-29 노형욱 국토부장관은 김포골드라인 체험 약속도 안지키고 탁 상행",,국토교통부,SRC-E1-B03,title_development_event,1.0,needs_human,
PDF-045-promise_date,PDF-045,2022-11-11_수도권_서부지역의_광역교통_확충_등_지역현안_해결_추진.pdf,data/raw/evidence/documents/김포 한강/2022-11-11_수도권_서부지역의_광역교통_확충_등_지역현안_해결_추진.pdf,1bb829548e89c9bc87d68f9d08d8950cbcd1c4a2598056dd77d8bd5a723bab5e,김포 한강;하남 미사;하남 교산,promise_date,2022-11-11,2022-11-11,day,rail,김포도시철도(김포골드라인);하남선(5호선 연장),district,,추진,PDF p.2,"항공 ○ 모빌리티자동차 ○ 도로철도 ○ 일반 • 참고 · 설명자료 • 디지털자료 • 공지사항 • 인사발령 • 일자리정보 • 자격시험안내 • 입찰안내 • 사전규격공고 • 정부포상 • Home • 뉴스·소식 • 보도자료 보도자료 프린트 수도권 서부지역의 광역교통 확충 등 지역현안 해결 추진 • 서울5호선ㆍGTX 등과 연계한 김포한강2 콤팩트시티 조성 • 담당부서공공택지조사과,광역교통정책과,부동산거래분석기획 단 • 등록일2022-11-11 11:00 • 조회수37802 • 첨부파일 [image]221111(석간)_수도권_서부지역의_광역교통_ 확충_등_지역현안_해결_추진(공공택지조사과).hwpx (10030Kbyte) 바로보기 [image] 221111(석간)_수도권_서부지 역의_광역교통_확충_등_지역현안_해결_추진(공공택지조사 과).pdf (1125Kbyte) 바로보기 목록 • 국토교통부의 최신 보도자료를 제공해드립니다.",,국토교통부,SRC-E1-B04,title_development_event,1.0,needs_human,
PDF-049-promise_date,PDF-049,2020-05-21_하남교산_신도시__과천지구_광역교통개선대책_확정.pdf,data/raw/evidence/documents/하남 미사/2020-05-21_하남교산_신도시__과천지구_광역교통개선대책_확정.pdf,5c8bd8f5fb2ae4023300d399bf8deb93f05dd5dff08af27165cd6c6a2201d89c,하남 교산,promise_date,2020-05-21,2020-05-21,day,,,district,,확정,PDF p.2,"○ 항공 ○ 모빌리티자동차 ○ 도로철도 ○ 일반 • 참고 · 설명자료 • 디지털자료 • 공지사항 • 인사발령 • 일자리정보 • 자격시험안내 • 입찰안내 • 사전규격공고 • 정부포상 • Home • 뉴스·소식 • 보도자료 보도자료 프린트 하남교산 신도시, 과천지구 광역교통개선대책 확정 • 지하철, 환승센터 등을 통해 서울 도심 30분대 접근 가능한 교 통대책 완비 • 담당부서공공택지기획과,광역교통정책과 • 등록일2020-05-21 14:00 • 조회수32577 • 첨부파일 [image]200521(14시이후) 하남교산 신도시_과천지 구 광역교통개선대책 확정(공공택지기획과).hwp (1072Kbyte) 바로보기 [image] 200521(14시이후) 하남교산 신도시_과천지 구 광역교통개선대책 확정(공공택지기획과).pdf (387Kbyte) 바로보기 목록 • 국토교통부의 최신 보도자료를 제공해드립니다.",,국토교통부,SRC-E2-B08,title_development_event,0.923,needs_human,
PDF-050-promise_date,PDF-050,2022-06-16_수원_호매실_17일__화성_동탄2지구_21일__광역교통_주민간담회_개최.pdf,data/raw/evidence/documents/화성 동탄2/2022-06-16_수원_호매실_17일__화성_동탄2지구_21일__광역교통_주민간담회_개최.pdf,a27d8c520db11a7da4c8dc60168a373f40ed7f87cbee81d6da883b550f43e871,화성 동탄2,promise_date,2022-06-16,,,,,district,,,,,,국토교통부,SRC-E1-B02,title_development_event,1.0,needs_human,missing_event_date_or_excerpt
PDF-051-promise_date,PDF-051,2022-10-26__수원호매실_화성동탄2_광역교통_특별대책__발표.pdf,data/raw/evidence/documents/화성 동탄2/2022-10-26__수원호매실_화성동탄2_광역교통_특별대책__발표.pdf,0a6095cb415fbeedd0727303ba11c005733bf4f2d7721122b6d577220077c258,화성 동탄2,promise_date,2022-10-26,,,,,district,,,,,,국토교통부,SRC-E1-B01,title_development_event,1.0,needs_human,missing_event_date_or_excerpt
PDF-052-occupancy_planned_block,PDF-052,＇25년 상반기 경기행복주택 예비입주자 추가모집 공고.pdf,data/raw/evidence/imported/SRC-E1-A08/＇25년 상반기 경기행복주택 예비입주자 추가모집 공고.pdf,17e730dc3c2b81cfa2c2e820f79ca45e50b657236b8cb5870235dfbf463083b2,화성 동탄2;남양주 다산,occupancy_planned_block,2025-04-24,,unknown,,,block,,예정,PDF p.34,"판명되는 때에는 공급이 취소됩니다. • 입주 시 잔금 및 관리비예치금의 납부, 이삿짐의 도착, 입주자가 계약자 본인임을 확인한 후 열쇠를 드리며 입주지정기간 종료일 이후에 입주하는 경우에는 거주여부에 관계없이 입주지정기간 종료일 다음날부터 임대료, 관리비 및 잔금연체료가 부과됩니다. • 실 입주일이 입주예정일보다 앞당겨질 경우, 납기가 도래하지 않은 잔금은 입주 전에 함께 납부 하여야 합니다. • 임차인은 입주와 동시에 「주민등록법」에 따른 전입신고를 하여야 합니다. • 전세자금대출은 주택도시기금 취급은행(우리은행, KB국민은행, 하나은행, 농협은행, 신한은행, BNK부산은행, DGB대구은행) 에서 받으실 수 있으며 계약자의 신용상태 및 대출한도를 은행 과 미리 상담하시기 바랍니다. • 세대모형, 팸플릿 등 각종 인쇄물에 삽입된 조감도, 투시도, 이미지컷 등은 입주자의 이해를 돕기 위한 것이므로 실제와 다르거나 차이가 있을 수 있습니다. • 팸플릿에 기재된 제품은 자재의 품절, 품귀, 제조회사의",https://www.nyj.go.kr/www/downloadBbsFile.do?bbsNo=62&nttNo=494806&atchmnflNo=1504230,국토교통부,SRC-E1-A08,sha256,1.0,needs_human,missing_event_date_or_excerpt
PDF-069-occupancy_planned_block,PDF-069,★(정정)남양주왕숙A-1BL공공분양입주자모집공고문.pdf,data/raw/evidence/★(정정)남양주왕숙A-1BL공공분양입주자모집공고문.pdf,9f8e43212a22fdd573254ea59bd1cd1ba3f8d1ac7a1494b97682b50c65adc95b,남양주 왕숙,occupancy_planned_block,2025-07-23,2028,year,,,block,A-1,예정;추진;계획,PDF p.40,"지구계획 상 부지 명칭) 학교명(가칭) 개교시기(예정) 비고 관할 교육지원청 유치원 유1 왕숙1유 2028년 3월 - 경기도구리남양주교육지원청 초등학교 초1 왕숙1초 - 중학교 중2 왕숙2중 기존 중학구(진건중학구)에서 왕숙2중 설립 시 배정 중학군 조정예정 - 학교 개교 시기 및 학생 배치계획은 공동주택 입주시기 및 학생 수 등을 감안하여 관할 교육지원청에서 결정하는 사항이며, 본 지구의 초등학교 등 교육시설 신설사업 추진 과정에서 지구계획(개발 및 실시계획)의 인·허가 변경, 학교설립관련 법령·지침 변경, 블록별 입주시기, 공동주택 세대수, 학생 수용여건, 학생수용계획 등에 따라 학교 설립(개교) 시기는 조정될 수 있음 - 학교설립계획의 변경으로 인하여 지구 내 학교부지가 취소 및 위치나 면적이 변경될 수 있으며 신설학교 배정 및 인근 학교 배치 등 각종 교육시설 관련사항은 관할 교육지원청 에 문의하시기 바람 - 남양주시는 고등학교 비평준화 지역으로 지역 내 모든 고등학교(일반계)에 진학 가능함 ■ 일반 사",https://apply.lh.or.kr/lhapply/lhFile.do?fileid=62861708,한국토지주택공사,SRC-F007,title_development_event,0.837,needs_human,
PDF-070-occupancy_planned_block,PDF-070,★하남시지역국민임대주택예비입주자모집공고(20250314)_최종.pdf,data/raw/evidence/★하남시지역국민임대주택예비입주자모집공고(20250314)_최종.pdf,2759529f5e28ddedc459b8499ccd88c52df2a3be5388dd8afaab954540cad938,하남 미사,occupancy_planned_block,2025-03-14,,,,,block,,,,,https://apply.lh.or.kr/lhapply/lhFile.do?fileid=61085498,국토교통부,,,0.0,needs_human,missing_event_date_or_excerpt
PDF-071-occupancy_planned_block,PDF-071,★화성동탄2C-27블록공공분양주택입주자모집공고문.pdf,data/raw/evidence/★화성동탄2C-27블록공공분양주택입주자모집공고문.pdf,7566afe81be70a79ee692a52f0438da0bfc935eb971e853654613533d09d55c7,화성 동탄2,occupancy_planned_block,,,unknown,,,block,C-27,예정,PDF p.4,"증감될 수 있습니다. ※ 최고층수는 해당 주택형의 최상층 층수이며, 최상층세대는 다락방이 설치되지 않습니다. ※ 84T 주택타입의 경우, 전세대 5층 미만으로 최하층 우선 배정 대상에 해당되지 않습니다. ※ 난방방식은 지역난방, 구조는 철근콘크리트 벽식구조, 지붕은 평지붕으로 시공됩니다. ※ 입주예정 시기는 ‘29년 6월입니다. 건축공정 등 현장여건에 따라 변동될 수 있으며, 정확한 입주 시기는 추후 개별 안내할 예정입니다. 블록 주택형 주택 타입 세대당 주택면적(㎡) 공유 대지 면적 (㎡) 공급세대수 최고 층수 1층 세대수 입주 예정 시기 공급면적 그 밖의 공용면적 계약 면적 (계) 계 특별공급 일반 공급 주거 전용 주거 공용 기타 공용 지 하 주차장 다자녀 가구 신혼 부부 생애 최초 노부모 부양 신생아 기관추천 등 국가 유공자 기타 특별 C-27 합 계 473 47 47 71 24 95 23 47 119 - - ’29.06. (예정) 084.9700A 84A 84.97 27.2332 7.9007",https://apply.lh.or.kr/lhapply/lhFile.do?fileid=67060609,한국토지주택공사,SRC-E1-A01,title_development_event,0.979,needs_human,missing_event_date_or_excerpt
PDF-072-actual_operation,PDF-072,"경기도, 별내선 개통. 남양주 별내에서 잠실까지 27분이면 간다. 김동연, “구리, 남양주. 경기동북부 주민들 교통 숨통 확 트일 것”.pdf","data/raw/evidence/경기도, 별내선 개통. 남양주 별내에서 잠실까지 27분이면 간다. 김동연, “구리, 남양주. 경기동북부 주민들 교통 숨통 확 트일 것”.pdf",6725ccec06129673dcd030a56859bb9c08dc0d33fa297914ba75e9197c95f38b,남양주 다산;하남 미사;하남 교산;남양주 왕숙,actual_operation,2024-08-09,2024-08-10,day,rail,별내선(8호선 연장);하남선(5호선 연장);강동하남남양주선,district,,,PDF p.1,"경기도, 별내선 개통. 남양주 별내에서 잠실까지 27분이면 간다. 김동연, “구리, 남양주. 경기동북부 주민들 교통 숨통 확 트일 것” ○ 경기도, 지하철 8호선 연장 별내선 8월 9일 별내역에서 개통식 개최 - 김동연 경기도지사, 박상우 국토부장관, 오세훈 서울시장과 일반 시민들 참석한 가운데 개통식, 시승식 행사 - 김동연, “경기북부 대개발 비전 발표 후 1년 안돼 도로 2개, 철도 1개 개통. 별내선이 경기북부 대개발에 좋은 모멘텀 될 것” 강조 ○ 8월 10일 토요일 5:32분 첫차부터 운행 시작 ○ 4.5분~8분 간격운행, 별내~잠실 27분 소요로 경기 동북부 지역 교통여건 개선 ○ 경기도가 직접 건설하고 시행한 경기북부 최초의 지하철 의미 남양주시 별내역과 서울 암사역을 잇는 지하철 8호선 연장 별내선(암사~별내)이 공식 운행을 앞두고 9일 개통식과 시승식을 가졌다. 별내선은 별내역에서 10일 오전 5시 32분 첫차부터 운행을 시작한다. 남양주 별내에서 잠실까지 이동 시간을 기존 45분에서 27분으로 줄여",https://gnews.gg.go.kr/briefing/brief_gongbo_view.do?BS_CODE=s017&number=62697&subject_Code=BO01,국토교통부,SRC-F012,source_url,0.99,needs_human,
PDF-072-basic_service,PDF-072,"경기도, 별내선 개통. 남양주 별내에서 잠실까지 27분이면 간다. 김동연, “구리, 남양주. 경기동북부 주민들 교통 숨통 확 트일 것”.pdf","data/raw/evidence/경기도, 별내선 개통. 남양주 별내에서 잠실까지 27분이면 간다. 김동연, “구리, 남양주. 경기동북부 주민들 교통 숨통 확 트일 것”.pdf",6725ccec06129673dcd030a56859bb9c08dc0d33fa297914ba75e9197c95f38b,남양주 다산;하남 미사;하남 교산;남양주 왕숙,basic_service,2024-08-09,2024-08-10,day,rail,별내선(8호선 연장);하남선(5호선 연장);강동하남남양주선,district,,,PDF p.1,"일 별내역에서 개통식 개최 - 김동연 경기도지사, 박상우 국토부장관, 오세훈 서울시장과 일반 시민들 참석한 가운데 개통식, 시승식 행사 - 김동연, “경기북부 대개발 비전 발표 후 1년 안돼 도로 2개, 철도 1개 개통. 별내선이 경기북부 대개발에 좋은 모멘텀 될 것” 강조 ○ 8월 10일 토요일 5:32분 첫차부터 운행 시작 ○ 4.5분~8분 간격운행, 별내~잠실 27분 소요로 경기 동북부 지역 교통여건 개선 ○ 경기도가 직접 건설하고 시행한 경기북부 최초의 지하철 의미 남양주시 별내역과 서울 암사역을 잇는 지하철 8호선 연장 별내선(암사~별내)이 공식 운행을 앞두고 9일 개통식과 시승식을 가졌다. 별내선은 별내역에서 10일 오전 5시 32분 첫차부터 운행을 시작한다. 남양주 별내에서 잠실까지 이동 시간을 기존 45분에서 27분으로 줄여 경기 동북부 주민들의 교통 여건이 대폭 개선될 전망이다. 9일 오후 2시 별내역에서 열린 개통식에는 김동연 경기도지사, 박상우 국토교통부장관, 오세훈 서울시장, 지역 국회의원,",https://gnews.gg.go.kr/briefing/brief_gongbo_view.do?BS_CODE=s017&number=62697&subject_Code=BO01,국토교통부,SRC-F012,source_url,0.99,needs_human,
PDF-073-occupancy_planned_block,PDF-073,고양창릉S-4블록공공분양입주자모집공고문(안).pdf,data/raw/evidence/고양창릉S-4블록공공분양입주자모집공고문(안).pdf,565721aa8e656d20e2b2edb9c8db64b0ffdab8bfd02ea4e2ad8119bc9b76e5d9,고양 창릉,occupancy_planned_block,,2029,year,,,block,S-4,예정;계획,PDF p.44,"유소 등이 위치하고 있음 - 지구 북측과 남측에 유보지가 위치하며, 유보지의 용도는 추후 결정 예정임 - 지구 내 학교 등 각종 교육시설은 개발(실시)계획의 변경, 해당 관청의 학교설립시기 조정 및 설립계획 보류(소)요청 등에 의하여 추후 변경될 수 있으며, 설립계획 및 학생 수용계획 은 향후 공동주택 입주시기 및 학생수 등을 감안하여 해당 관청에서 결정하는 사항이므로 변경될 수 있음 - 교육청의 학교설립계획의 변경으로 인하여 당해지구 내 학교부지가 취소 및 위치나 면적이 변경될 수 있으며, 당해 지구 내 계획 중인 신설학교는 교육여건 변화에 따라 변경될 수 있 음 - 당해 지구 내 신설학교 배정 및 인근 학교 배치 등 각종 교육시설은 해당관청(고양교육지원청)에 문의하시기 바람 - 지구 내 학교 등의 용지는 해당 기관의 수요가 없을 경우 타 용도로 변경될 수 있음 - 고양창릉 공공주택지구는 사업기간이 2029년 12월로 계획되어 있으나, 관계기관 협의 등 부득이한 사유에 의하여 연기될 수 있으며, 그에 따",https://apply.lh.or.kr/lhapply/lhFile.do?fileid=67498801,한국토지주택공사,SRC-E2-A09,title_development_event,0.905,needs_human,
PDF-074-actual_operation,PDF-074,"김상호 하남시장, “5호선 개통은 마을, 도시, 일자리 잇는 촉진제”.pdf","data/raw/evidence/김상호 하남시장, “5호선 개통은 마을, 도시, 일자리 잇는 촉진제”.pdf",a462e80e674ef097b025a5d6a1fd147bba70fc5ecd04a37c12c03435d394b18d,하남 미사;하남 교산,actual_operation,2020-08-07,2020-08-07,day,rail,하남선(5호선 연장),district,,,PDF p.1,"보도일시 금 2020. 8. 7.( ) 매 수 매 2 담당부서 도시개발과 참고자료 없음 배포일시 금 2020. 8. 7.( ) 사 진 매 10 담당자 도시개발과장 오세인 ( 031-790-6090) ☎ 지하철팀장 지종운 ( 031-790-5061) ☎ 김상호 하남시장 호선 개통은 마을도시일자리 잇는 촉진제 , “5 , , ” 김상호 시장 하남 호선 개통은 서울과 경기 원도심과 신도시 사람과 “ 5 , , ○ 일자리를 잇는 발판 될 것” ○ 일 미사역 대합실에서 이재명 도지사김상호 시장시민 등 여명 참석한 7 , , 120 가운데 하남시 지하철 시대 개막 축하 개통식 열어 ‘ ’ 김상호 하남시장은 하남 호선 개통은 서울과 경기 원도심과 신도시 “ 5 , , 사람과 일자리를 잇는 하남시의 꿈에 한걸음 다가서는 계기가 될 것” 이라며 지하철개통이 갖는 의미를 강조했다 . 하남시는 개통을 하루 앞둔 일 경기도와 시 주관으로 지하철 시대의 7 , 개막을 축하",,하남시,,,0.0,needs_human,
PDF-075-occupancy_planned_block,PDF-075,김포한강Ac-01a블록(데세리브)10년공공임대주택리츠예비입주자모집공고문(26.06.19).pdf,data/raw/evidence/김포한강Ac-01a블록(데세리브)10년공공임대주택리츠예비입주자모집공고문(26.06.19).pdf,5fae342e3aebe93b2118cd32e37d603c71670b7b78aad88b4b859e882a73ee3c,김포 한강,occupancy_planned_block,,2030,year,,,block,AC-01a,예정,PDF p.4,"있을 수 있습니다. ※ 최고층수는 해당주택형의 최상층 층수이며, 최상층 세대는 다락방이 설치되지 않습니다. ※ 난방방식은 지역난방, 구조는 철근콘크리트 벽식, 지붕은 평지붕입니다. ※ 청약신청은 주택 타입별로 공급물량이 있는 유형에 한하여 신청가능하며 추후 다른 주택타입으로 변경 불가함 ※ 공가발생에 따라 입주시기가 다르며 정확한 입주 시기는 추후 계약체결시 안내할 예정입니다. 임대기간 및 임대조건 ■ 임대기간 • 이 주택의 임대기간은 최초 입주지정기간 종료일(2020.8.28)로부터 10년이며, 임대기간 종료 후 분양 전환되는 주택입니다. (만기분양전환 개시 예정월 : 2030년9월) • 이 주택의 임대차계약기간은 2년이며, 계속 거주를 희망하는 경우에는「공공주택 특별법」등 관계법령에서 정한 입주자요건을 충족하는 분에 한하여 2년 단위로 임대차계약을 갱신할 수 있으며, 만기분양전환 시까지 잔여기간이 2년 미만인 경우 그 잔여기간을 임대차계약기간으로 합니다. ■ 임대조건(임대보증금 및 월 임대료)",https://apply.lh.or.kr/lhapply/lhFile.do?fileid=67332353,한국토지주택공사,SRC-E1-A03,title_development_event,0.817,needs_human,
PDF-076-occupancy_planned_block,PDF-076,김포한강Ac-05블록(센트럴블루힐)10년공공임대주택리츠예비입주자모집공고문(26.08.25).pdf,data/raw/evidence/김포한강Ac-05블록(센트럴블루힐)10년공공임대주택리츠예비입주자모집공고문(26.08.25).pdf,bff83f4d343364fcf84955d49a59748b9f82b4116f02cfbfb70ca9e5c3ba6b9d,김포 한강,occupancy_planned_block,,2027,year,,,block,AC-05,예정,PDF p.4,"이 설치되지 않습니다. ※ 난방방식은 지역난방, 구조는 철근콘크리트 벽식, 지붕은 평지붕입니다. ※ 공가세대수에는 하자보수 진행 등으로 즉시 공급이 어려운 세대가 포함되어 있습니다. ※ 청약신청은 주택 타입별로 공급물량이 있는 유형에 한하여 신청가능하며 추후 다른 주택타입으로 변경 불가함 ※ 공가발생에 따라 입주시기가 다르며 정확한 입주 시기는 추후 계약체결시 안내할 예정입니다. 임대기간 및 임대조건 ■ 임대기간 • 이 주택의 임대기간은 최초 입주지정기간 종료일(2017.10.31)로부터 10년이며, 임대기간 종료 후 분양 전환되는 주택입니다. (만기분양전환 개시 예정월 : 2027년11월) • 이 주택의 임대차계약기간은 2년이며, 계속 거주를 희망하는 경우에는「공공주택 특별법」등 관계법령에서 정한 입주자요건을 충족하는 분에 한하여 2년 단위로 임대차계약을 갱신할 수 있으며, 만기분양전환 시까지 잔여기간이 2년 미만인 경우 그 잔여기간을 임대차계약기간으로 합니다.",https://apply.lh.or.kr/lhapply/lhFile.do?fileid=68207078,한국토지주택공사,SRC-E1-A04,title_development_event,0.822,needs_human,
PDF-077-occupancy_planned_block,PDF-077,김포한강센트럴블루힐10년공공임대주택리츠예비입주자모집공고(25.10.28).pdf,data/raw/evidence/김포한강센트럴블루힐10년공공임대주택리츠예비입주자모집공고(25.10.28).pdf,b0c5c614416bcefdea6f27d7eb88f9a6be6c9a728f9a8bc0380f9356db04e18d,김포 한강,occupancy_planned_block,,2017-10-31,day,,,block,AC-05,예정,PDF p.4,"동의 공용부분 실제 면적과 일치하는 것은 아니며 동일한 주택형의 경우라도 해당 세대 주거공용부분은 동·호별로 형태 및 면적 등이 다소 차이가 있을 수 있습니다. ※ 최상층세대에 다락방이 설치되지 않습니다. ※ 난방방식은 지역난방, 구조는 철근콘크리트 벽식, 지붕은 평지붕으로 시공됩니다. ※ 공가발생에 따라 입주시기가 다르며 정확한 입주 시기는 추후 계약체결시 안내할 예정입니다. 임대기간 및 임대조건 ■ 임대기간 • 이 주택의 임대기간은 최초 입주지정기간 종료일(2017.10.31.)로부터 10년이며, 임대기간 종료 후 분양 전환되는 주택입니다. • 이 주택의 임대차계약기간은 2년이며, 계속 거주를 희망하는 경우에는「공공주택 특별법」등 관계법령에서 정한 입주자 요건을 충족하는 분에 한하여 2년 단위로 임대차계약을 갱신할 수 있습니다. (단, 분양전환 시까지 잔여기간이 2년 미만인 경우 그 잔여기간을 임대차계약기간으로 함) ■ 임대조건(임대보증금 및 월 임대료) (",https://apply.lh.or.kr/lhapply/lhFile.do?fileid=64029507,한국토지주택공사,SRC-E1-A04,title_development_event,0.758,needs_human,
PDF-078-basic_service,PDF-078,"남양주시, 땡큐버스 등 6개 노선 개편으로 시민 불편 해소.pdf","data/raw/evidence/남양주시, 땡큐버스 등 6개 노선 개편으로 시민 불편 해소.pdf",70e61cf108214fb5b0a5bb9c687aa196fbffbb203a42f2b527b9f9a14f88e4a7,,basic_service,2023-02-28,,,,,district,,,,,,남양주시,,,0.0,needs_human,missing_event_date_or_excerpt
PDF-079-occupancy_planned_block,PDF-079,남양주왕숙A-1BL공공분양입주자모집공고문(250724).pdf,data/raw/evidence/남양주왕숙A-1BL공공분양입주자모집공고문(250724).pdf,1dac689d7133335f0bd75cc2a88000f862410209efa5bcfc9ea429ca4dc19515,남양주 왕숙,occupancy_planned_block,2025-07-24,2028,year,,,block,A-1,예정;추진;계획,PDF p.40,"지구계획 상 부지 명칭) 학교명(가칭) 개교시기(예정) 비고 관할 교육지원청 유치원 유1 왕숙1유 2028년 3월 - 경기도구리남양주교육지원청 초등학교 초1 왕숙1초 - 중학교 중2 왕숙2중 기존 중학구(진건중학구)에서 왕숙2중 설립 시 배정 중학군 조정예정 - 학교 개교 시기 및 학생 배치계획은 공동주택 입주시기 및 학생 수 등을 감안하여 관할 교육지원청에서 결정하는 사항이며, 본 지구의 초등학교 등 교육시설 신설사업 추진 과정에서 지구계획(개발 및 실시계획)의 인·허가 변경, 학교설립관련 법령·지침 변경, 블록별 입주시기, 공동주택 세대수, 학생 수용여건, 학생수용계획 등에 따라 학교 설립(개교) 시기는 조정될 수 있음 - 학교설립계획의 변경으로 인하여 지구 내 학교부지가 취소 및 위치나 면적이 변경될 수 있으며 신설학교 배정 및 인근 학교 배치 등 각종 교육시설 관련사항은 관할 교육지원청 에 문의하시기 바람 - 남양주시는 고등학교 비평준화 지역으로 지역 내 모든 고등학교(일반계)에 진학 가능함 ■ 일반 사",https://apply.lh.or.kr/lhapply/lhFile.do?fileid=62796608,한국토지주택공사,SRC-E2-A07,title_development_event,0.735,needs_human,
PDF-080-promise_date,PDF-080,"내년 개통 앞둔 위례선 트램, 실제 차량 대공개! 승하차 태그는 어떻게_ _ 서울시 - 내 손안에 서울.pdf","data/raw/evidence/내년 개통 앞둔 위례선 트램, 실제 차량 대공개! 승하차 태그는 어떻게_ _ 서울시 - 내 손안에 서울.pdf",720b75ef0bff8893c739dde9a900298f9a9b9f95ec74db696ec8841b828d5850,위례,promise_date,2013-12-01,2013,year,tram,위례선 트램,district,,목표;추진;계획,PDF p.1,"서울시 남동쪽에 지어진 대규모 주거단지다. 인접한 성남 분당이 90년대 지어진 1기 신도시였는 데, 위례는 판교 등과 함께 21세기 들어 지어진 2기 신도시다. 첫 입주는 2013년 12월에 시작되었다. 위례신도시는 총 면적이 6.8km2이며(여의도 면적의 2.3배), 4.3만 세대에 10.7만 명 수용을 목표로 추진되었다. 목표 인구밀도는 158인/ha이다. 이는 작년 말 기준, 마포구나 은평구와 비슷한 수준이다. 위례신도시는 대규모 단지임에도 불구하고 도시 내부를 관통하는 철도가 없는 게 문제로 지적되어 왔다. 8호선 이 있긴 한데 외곽 가장자리로 지나가는 게 아쉽다. 원래 위례신도시에는 위례선과 위례신사선 2개의 철도 계획 이 있었으나, 여러 사정으로 첫 입주 10년이 넘은 지금까지도 개통되지 못하고 있다. ☞ [관련 기사] 지지부진했던 위례신사선, 이번엔 속도 낸다! 도시철도망 계획에 긴급 포함",https://mediahub.seoul.go.kr/news/article/newsArticlePrintPopup.do?articleNo=2015024,서울특별시,,,0.0,needs_human,
PDF-082-occupancy_planned_block,PDF-082,다산지금A1블록 국민임대주택 입주자모집공고문(200827).pdf,data/raw/evidence/다산지금A1블록 국민임대주택 입주자모집공고문(200827).pdf,b742188f7e7a4d25e76a9e308fece038462ad1460e35f54b631a7ac587408d8d,남양주 다산,occupancy_planned_block,2020-08-27,,unknown,,,block,A-1,예정,PDF p.3,"임대료 전환은 임차인의 선택사항으로서 100만원 단위로 전환가능합니다. • 위 최대전환시 임대조건은 월임대료의 임대보증금으로 전환시 이율 6%, 임대보증금의 월임대료로 전환시 이율 3%를 적용하여 산정한 것으로서, 향후 전환이율이 변경되는 때에는 변경된 이율을 적용하여 다시 산정하게 됩니다. • 이 주택의 입주예정월은 사정에 따라 변경될 수 있으며 정확한 입주 시기는 추후 개별 통보합니다.",https://www.myhome.go.kr/hws/com/fms/cvplFileDownload.do,경기주택도시공사,SRC-E1-A07,title_development_event,0.778,needs_human,missing_event_date_or_excerpt
PDF-084-occupancy_planned_block,PDF-084,미사강변도시 A24블록 10년 공공임대주택리츠 입주자 모집.pdf,data/raw/evidence/미사강변도시 A24블록 10년 공공임대주택리츠 입주자 모집.pdf,fe6a75eea6be0515dd7aae147197495ec4ecbc0e96e953f867d6a3d269c7dcbd,하남 미사,occupancy_planned_block,2018-11-01,,,,,block,A-24,,,,,한국토지주택공사,SRC-E1-A10,title_development_event,0.947,needs_human,missing_event_date_or_excerpt
PDF-085-occupancy_planned_block,PDF-085,미사강변도시 A25블록 10년 공공임대주택리츠 입주자 모집.pdf,data/raw/evidence/미사강변도시 A25블록 10년 공공임대주택리츠 입주자 모집.pdf,90fcc484062c53afba4d33beaa9b5e0e5027ca7eea745254829727621b4dea52,하남 미사,occupancy_planned_block,2018-10-01,,,,,block,A-25,,,,,한국토지주택공사,SRC-E1-A10,title_development_event,0.947,needs_human,missing_event_date_or_excerpt
PDF-086-promise_date,PDF-086,민생토론회(교통) _ 국토교통부.pdf,data/raw/evidence/민생토론회(교통) _ 국토교통부.pdf,8f0fe3faf922f11b696f2037df4e39f81f0469ee14c22ff396095a3bede4965c,화성 동탄2;김포 한강,promise_date,,,unknown,rail,GTX-A 수서~동탄;김포도시철도(김포골드라인),district,,추진,PDF p.1,속도 혁신 전국 GTX 시대 주거 환경 혁신 신도시 광역교통 개선 공간 혁신 철도·도로 지하화 수도권 GTX 시대 개막 2기 GTX 본격 추진 지방권 광역급행철도 도입 지방 광역·도시철도망 확충 교통 불편지역 맞춤형 대책 광역버스 이용 편의 제고 광역 이동수단 선택권 확대 궝역별 광역교통 집중 투자 갈등 사업 관리 강화 속도감 있는 철도 지하화 사업 추진 철도 지하화 추진체계 강화 지하 고속도로 사업 본격 착수 지하 교속도로 사업 기반 마련 민생토론회 SNS 보러가기 민생토론회 영상 보러가기 Home 보도자료 전문보기 민생토론회(교통),https://www.molit.go.kr/2024plan_traffic/main.jsp,국토교통부,SRC-F016,source_url,0.99,needs_human,missing_event_date_or_excerpt
PDF-087-basic_service,PDF-087,변경 노선도（다산역）-홈페이지 게시용.pdf,data/raw/evidence/변경 노선도（다산역）-홈페이지 게시용.pdf,672466fe557eca52389b61cf8eb9697e0f4110033cbb0418bbe8d3193d9dc68c,남양주 다산,basic_service,,,,,,district,,,,,https://www.nyj.go.kr/www/downloadBbsFile.do?bbsNo=62&nttNo=482937&atchmnflNo=1493102,남양주시,,,0.0,needs_human,missing_event_date_or_excerpt
PDF-088-actual_operation,PDF-088,보도자료 - 김포시뉴스포털.pdf,data/raw/evidence/보도자료 - 김포시뉴스포털.pdf,dbf7426f5af96c441bb07cbbd80a31ca690cde79a1dc426fac9700ba227bf998,김포 한강,actual_operation,2019-09-26,2012,year,rail,김포도시철도(김포골드라인),district,,예정;확정;계획,PDF p.2,"% 담당 전망 국내 최초 기초정부가 건설한 도시철도로 기록 빚 내지 않고 완공…서울 5‧9호선 등 환승 편리 김포공항 32분, 서울 중심까지 1시간 이내 도달 기본요금 1,250원, 청소년 720원, 어린이 450원 수도권환승할인제 적용…어르신, 장애인 등 무료 2024년 9월까지 김포골드라인운영㈜에서 운영 개통식 없이 안전기원하고 첫 탑승객 맞을 예정 정하영 김포시장 “개통 초기 운행안정화에 최선” 김포시(시장 정하영)는 김포도시철도 골드라인이 28일 토요일 새벽 5시 30분 구래역과 김포공항역에서 첫 출발하며 역사적인 개통을 알린다고 김포도시철도 건설 사업은 2009년 7월 국토교통부의 도시철도건설 기본계획 승인 뒤 2012년 3월 현재의 사업으로 변경 확정됐다.",https://gimpo.go.kr/news/selectBbsNttView.do?bbsNo=466&key=9377&nttNo=94282&pageIndex=124&pageUnit=10&searchCnd=all&searchKrwd=%EC%96%B4%EB%A6%B0%EC%9D%B4,국토교통부,SRC-H011,source_url,0.99,needs_human,
PDF-088-basic_service,PDF-088,보도자료 - 김포시뉴스포털.pdf,data/raw/evidence/보도자료 - 김포시뉴스포털.pdf,dbf7426f5af96c441bb07cbbd80a31ca690cde79a1dc426fac9700ba227bf998,김포 한강,basic_service,2019-09-26,2024,year,rail,김포도시철도(김포골드라인),district,,예정,PDF p.3,"마다 배치된다. 운영은 서울교통공사의 자회사인 김포골드라인운영주식회사(고객안내센터 031-8048-1500)가 2024년 9월까지 맡는다. 개통식은 따로 없으며 정하영 김포시장과 국회의원, 도‧시의원, 철도사업단장, 골드라인 대표이사, 철도과 직원 등이 개통 당일 구래역에서 고 첫 탑승객을 맞을 예정이다. 첫차는 김포공항 방면 양촌역 5시 27분, 구래역 5시 30분, 마산역 5시 33분, 장기역 5시 37분, 운양역 5시 39분, 걸포북변역 5시 43분, 사우(김 분, 풍무역 5시 49분, 고촌역 5시 53분이다. 구래 방면은 공항역 5시 30분, 고촌역 5시 36분, 풍무역 5시 40분, 사우(김포시청)역 5시 43분, 걸포북변역 5시 46분, 운양역 5시 50분, 장기역 5시 56분, 구래역 6시다. 정하영 김포시장은 “개통을 위해 노력해주신 또, 기다려주신 모든 분들과 시민 여러분께 진심으로 감사드린다”면서 “첫째도, 둘째도 안전이다 정화에 최선을 다한 뒤 운행수지 개선과 시너지 효과가 곳곳으로 퍼지도록 노력",https://gimpo.go.kr/news/selectBbsNttView.do?bbsNo=466&key=9377&nttNo=94282&pageIndex=124&pageUnit=10&searchCnd=all&searchKrwd=%EC%96%B4%EB%A6%B0%EC%9D%B4,국토교통부,SRC-H011,source_url,0.99,needs_human,
PDF-089-occupancy_first_actual,PDF-089,보도자료 다산신도시 입주지원 특별대책반 가동.pdf,data/raw/evidence/보도자료 다산신도시 입주지원 특별대책반 가동.pdf,548a8ff7ef6d0fd6ce3db6989f1392e926873d063fe4344760061cb9d3637fea,남양주 다산,occupancy_first_actual,2018-02-12,2018-02-12,day,,별내선(8호선 연장),district,,,PDF p.1,"○ - 과장 : 김남근 (031-8030-4140) 팀장 : 고강수 (031-8030-4161) 담당 : 홍재석 (031-8030-4162) 보도일시 : 2018. 2. 12.(월) 배포즉시 경기도, 다산신도시 성공 입주 도울 ‘특별대책반’ 본격 가동 <주요 내용> ○ 경기도, 남양주 다산신도시 입주지원 특별대책반 구성 - 사업시행자(경기도시공사), 유관기관 등 대거 참여해 협력체계 구축 ○ 남양주 다산신도시 조기 정착 및 입주 초기 입주민 불편사항 점검 - 교통, 공사, 기반·공공시설분야 등 불편사항 점검 및 지원 올해부터 본격적인 입주가 시작되는 ‘남양주 다산신도시’의 조기 정착과 입 주 초기 입주민의 불편사항 해소를 위해 경기도가 나섰다. 경기도는 올해 2월부터 유관기관들이 대거 참여할 입주지원 협력 거버넌스 ‘다산신도시 입주지원 특별대책반’을 구성, 본격 운영에 들어간다고 12일 밝 혔다. 이번 ‘특별대책반’은 남양주시, 교육청, 경찰서, 소방서 등 공공행정기관과 사업시행자인 경기",https://allinpdf.com/Transmit/File_Download?DownloadPath=2026%2f08%2f31%2f639e0bfd-8a7c-45ac-a6ee-cad773e402ab.hwp-0001.pdf&FileName=%eb%b3%b4%eb%8f%84%ec%9e%90%eb%a3%8c+%eb%8b%a4%ec%82%b0%ec%8b%a0%eb%8f%84%ec%8b%9c+%ec%9e%85%ec%a3%bc%ec%a7%80%ec%9b%90+%ed%8a%b9%eb%b3%84%eb%8c%80%ec%b1%85%eb%b0%98+%ea%b0%80%eb%8f%99.hwp.pdf,남양주시,SRC-H020,title_development_event,0.842,needs_human,
PDF-090-occupancy_first_planned,PDF-090,보도자료_final_동탄2신도시_070601.pdf,data/raw/evidence/보도자료_final_동탄2신도시_070601.pdf,14d43f72c1bb4607b6cff9727d014a71548ad15d99861b90d0da6b55c76c35d8,화성 동탄2,occupancy_first_planned,2007-06-01,2010-02,month,,,district,,예정;추진;계획,PDF p.22,"09.5) 등의 절차를 거쳐 ‘ 년 월경 10 2 , 첫 입주는 년 월이전 ‘12 9 으로 예상 동탄 지구 신도시 추진절차 < 2 > 예정지구 지정 개발계획 포함 ( ) ⇒ 보상 착수 ⇒ 실시계획 승인 택지공급 포함 ( ) ⇒ 월 2008. 2 월 2008. 5 월 2009. 5 최초 분양 ⇒ 최초 입주 월 2010. 2 월 이전 2012. 9",,경기도,,,0.0,needs_human,
PDF-091-occupancy_planned_block,PDF-091,부천대장A7블록공공분양주택입주자모집공고문_최종.pdf,data/raw/evidence/부천대장A7블록공공분양주택입주자모집공고문_최종.pdf,1fb52b9e26ce23b6131d05e4dcf6b2e8c294a5b4aafe585c9b8b4313d706d3f6,부천 대장,occupancy_planned_block,2025-04-29,,unknown,,,block,A-7,예정,PDF p.4,"장기간 소요될 수 있으며, 향후 지적정리 후 면적은 일부 증감될 수 있습니다. ※ 최고층수는 해당주택형의 최상층 층수이며, 최상층세대는 다락방이 설치되지 않습니다. ※ 난방방식은 지역난방, 구조는 철근콘크리트 벽식, 지붕은 평지붕으로 시공되며, 지하주차장 슬래브는 무량판 구조로 시공됩니다. ※ 입주예정 시기는 ‘28년 01월입니다. 건축공정 등 현장여건에 따라 변동될 수 있으며, 정확한 입주 시기는 추후 개별 안내할 예정입니다. 블록 주택형 주택 타입 세대당 주택면적(㎡) 발코니 공유 대지 면적 (㎡) 공급세대수 최고 층수 1층 세대수 입주 예정 시기 공급면적 그 밖의 공용면적 계약 면적 (계) 확장 여부 면적 (㎡) 계 사전 청약 당첨자 특별공급 일반 공급 주거 전용 주거 공용 기타 공용 지 하 주차장 다자녀 가구 신혼 부부 생애 최초 노부모 부양 신생아 국가 유공자 기타 특별 A7 합 계 473 369 10 10 16 5 21 5 10 27 ’28.01 (예정) 59.0000O 59A 59.89 2",https://apply.lh.or.kr/lhapply/lhFile.do?fileid=61605284,한국토지주택공사,SRC-E2-A10,title_development_event,0.933,needs_human,missing_event_date_or_excerpt
PDF-092-occupancy_planned_block,PDF-092,부천대장A8블록공공분양주택입주자모집공고문.pdf,data/raw/evidence/부천대장A8블록공공분양주택입주자모집공고문.pdf,d225b71e078de3e7903d26ef108379f624797a80735d28f23efba6334c373912,부천 대장,occupancy_planned_block,2025-04-29,,unknown,,,block,A-8,예정,PDF p.4,"장기간 소요될 수 있으며, 향후 지적정리 후 면적은 일부 증감될 수 있습니다. ※ 최고층수는 해당주택형의 최상층 층수이며, 최상층세대는 다락방이 설치되지 않습니다. ※ 난방방식은 지역난방, 구조는 철근콘크리트 벽식, 지붕은 평지붕으로 시공되며, 지하주차장 슬래브는 무량판 구조로 시공됩니다. ※ 입주예정 시기는 ‘28년 01월입니다. 건축공정 등 현장여건에 따라 변동될 수 있으며, 정확한 입주 시기는 추후 개별 안내할 예정입니다. 블록 주택형 주택 타입 세대당 주택면적(㎡) 발코니 공유 대지 면적 (㎡) 공급세대수 최고 층수 1층 세대수 입주 예정 시기 공급면적 그 밖의 공용면적 계약 면적 (계) 확장 여부 면적 (㎡) 계 사전 청약 당첨자 특별공급 일반 공급 주거 전용 주거 공용 기타 공용 지 하 주차장 다자녀 가구 신혼 부부 생애 최초 노부모 부양 신생아 국가 유공자 기타 특별 A8 합 계 392 304 9 9 13 4 18 4 9 22 ’28.01 (예정) 59.0000O 59A 59.53 22.5",https://apply.lh.or.kr/lhapply/lhFile.do?fileid=61606103,한국토지주택공사,SRC-F026,title_development_event,0.977,needs_human,missing_event_date_or_excerpt
PDF-093-promise_date,PDF-093,송파구청 - 분야별정보 - 주택_도시 - 교통대책 - 위례신도시 광역교통 개선대책.pdf,data/raw/evidence/송파구청 - 분야별정보 - 주택_도시 - 교통대책 - 위례신도시 광역교통 개선대책.pdf,7e77caac8ab8aadaad63f26fe2d9c7bb2754b437be598bcb82795b95a75c5d21,위례,promise_date,2014-05-01,2020,year,,,district,,확정;계획,PDF p.1,"위례신도시 광역교통 개선대책 분야별정보 > 주택/도시 > 교통대책 > 위례신도시 광역교통 개선대책 사업개요 서울시 송파구 거여·장지동, 경기 성남시 창곡·복정동, 하남시 학암·감이동 일원 위 치 6,774천㎡(2,052천평) 사업면적 42,897세대(107,275인) 주택계획 '08. 8. 5 ~ '20. 12. 31 사업기간 위례신도시 광역교통개선대책 총 21개 광역교통개선사업, 3조7,648억원 투입 ('14.5.12 광역교통개선대책 변경 확정) 향후 송파지역은 위례신도시 건설로 인한 발생교통량 12만대와 주변 개발로 인한 22만대를 포함해 총34만 대가 순증가되어 전체교통량의 약24%가 늘어나는 등 심각한 교통난을 예고하고 있다. 특히 송파대로의 경우 외곽순환고속도로와 동부간선도로, 성남대로 등에서 유입되는 수도권동남부의 남북 축 교통량이 이미 포화상태다. 더구나 위례신도시 등 대규모 교통유발사업들이 완료되는 2020년경에는 송파대로와 올림픽로의 교통체증 이 더욱 심화될 것이다. 이에 따라 구는 국토교통부",https://www.songpa.go.kr/www/contents.do?key=3343&,국토교통부,SRC-E1-B06,source_url,0.99,needs_human,
PDF-094-occupancy_planned_block,PDF-094,"예비입주자모집공고문(미사12,16)(2).pdf","data/raw/evidence/예비입주자모집공고문(미사12,16)(2).pdf",5f78b95ae640847279af2e71ce967b3b8f2160776ac08cf24f46e5d731c0aca5,하남 미사,occupancy_planned_block,2023-09-22,,,,,block,,,,,https://apply.lh.or.kr/lhapply/lhFile.do?fileid=54496971,국토교통부,,,0.0,needs_human,missing_event_date_or_excerpt
PDF-095-promise_date,PDF-095,"오 시장, 12월 개통 '위례선 트램' 현장점검… _교통체계 혁신, 지역상권 활성화_ _ 시정뉴스 _ 소통공간 _ 서울특별시장.pdf","data/raw/evidence/오 시장, 12월 개통 '위례선 트램' 현장점검… _교통체계 혁신, 지역상권 활성화_ _ 시정뉴스 _ 소통공간 _ 서울특별시장.pdf",91764a04183cf52a403ab40f3f4eb7de4a23120b84df4d271aa7ae5fcc0d0b83,위례,promise_date,2026-03-04,2026-03-04,day,tram,위례선 트램,district,,계획,PDF p.1,"오 시장, 12월 개통 '위례선 트램' 현장점검… ""교통체계 혁신, 지역상권 활성화"" 서울소식 응답소 정보공개 분야별정보 서울시장 오세훈 동행·매력 특별시 소통공간 참여공간 취임사 프로필 일정 정책 특별시 서울비전 2030 공약실천계획 시정뉴스 브리핑 포토갤러리 영상 시민참여 시장에게 바란다 HOME 소통공간 시정뉴스 시정뉴스 시정뉴스 소통공간 소통공간 2026-03-04 조회2509 페이스북 트위터 카카오톡 블로그 KOR",https://mayor.seoul.go.kr/oh/seoul/newsView.do?curPage=4&photoGallerySn=4287,서울특별시,SRC-H016,source_url,0.99,needs_human,
PDF-096-occupancy_planned_block,PDF-096,"위례신도시 1,676세대 공공분양…분양가·청약조건은_ _ 서울시 - 내 손안에 서울.pdf","data/raw/evidence/위례신도시 1,676세대 공공분양…분양가·청약조건은_ _ 서울시 - 내 손안에 서울.pdf",1c78338e3624cbdc6b2e58a875448c9fb1f5e6cecb6fba1b8bb7317940bd0094,위례,occupancy_planned_block,,,,tram,위례선 트램,block,,,,,https://mediahub.seoul.go.kr/news/article/newsArticlePrintPopup.do?articleNo=1302679,서울특별시,,,0.0,needs_human,missing_event_date_or_excerpt
PDF-097-basic_service,PDF-097,인쇄하기 - 하남시청.pdf,data/raw/evidence/인쇄하기 - 하남시청.pdf,ade438681fd2b080ed26cbafd823416f4d95a0df7fed95a67f508db4ccb0ac7c,위례;하남 미사,basic_service,2015-07-27,,,,,district,,,,,https://www.hanam.go.kr/common/print.jsp?siteId=sosik&title=%EB%B3%B4%EB%8F%84%EC%9E%90%EB%A3%8C,하남시,,,0.0,needs_human,missing_event_date_or_excerpt
PDF-098-actual_operation,PDF-098,"인천시, 6월 27일 검단연장선 개통 기념행사 개최 … 28일 첫 운행.pdf","data/raw/evidence/인천시, 6월 27일 검단연장선 개통 기념행사 개최 … 28일 첫 운행.pdf",dfdccd29d1cffe983af2ea5d909ff6fc9c5ea5aabe1a4167e04d8ce4029f36c4,인천 계양,actual_operation,2025-06-18,2025-06-27,day,rail,인천도시철도 1호선 검단연장선,district,,계획,PDF p.1,"Home > 인천소식 > 보도/해명 > 보도자료 보도자료 인천시, 6월 27일 검단연장선 개통 기념행사 개최 … 28일 첫 운행 -신검단중앙역에서 시민과 함께하는 행사로 열려 개통 의미를 더할 계획- 담당부서총무부 / 박근수 (032-451-2741) 제공일시2025-06-18 조회수4700 이 누리집은 대한민국 공식 전자정부 누리집입니다.",https://www.incheon.go.kr/IC010205/view?curPage=276&repSeq=DOM_0000000012563847,인천광역시,SRC-F006,source_url,0.99,needs_human,
PDF-099-occupancy_first_planned,PDF-099,정책브리핑 _ 기사인쇄하기.pdf,data/raw/evidence/정책브리핑 _ 기사인쇄하기.pdf,543077ecbacfb56aba75f592cde54280c508f1c5653cf9a25b3196a9c060df3d,위례,occupancy_first_planned,2011-11-29,,,,,district,,,,,https://www.korea.kr/common/searchPrint.do,,,,0.0,needs_human,missing_event_date_or_excerpt
PDF-102-actual_operation,PDF-102,지하철 8호선 남위례역 18일 개통…잠실까지 15분 _ 서울시 - 내 손안에 서울.pdf,data/raw/evidence/지하철 8호선 남위례역 18일 개통…잠실까지 15분 _ 서울시 - 내 손안에 서울.pdf,c527d0ab39cb4e427fa62ce8c97d7f7b5074d06dcf2ac3af96ae616ddf7fdcc9,위례,actual_operation,,2020-초,year,tram,위례선 트램,district,,,PDF p.1,"지하철 8호선 남위례역 18일 개통…잠실까지 15분 8호선 남위례역이 18일 문 연다. 8호선 남위례역이 18일부터 새롭게 문을 연다. 남위례역 개통으로 위례신도시를 포함해 송파구·성남시 및 하남 시 거주민들의 교통 편의가 크게 향상될 것으로 보인다. 남위례역은 4만 가구 이상의 대규모 인원이 밀집한 위례신도시의 광역교통개선대책 중 하나로 지어진 역이 다. 위례신도시 택지개발사업자인 한국주택토지공사(LH)가 비용을 부담하고, 운영사인 공사가 건설 사업을 시 행해 2020년 초 착공한 후 올해 말 준공했다. 서울교통공사는 오는 18일 첫차부터 서울 지하철 8호선 남위례역 운영을 개시한다. 남위례역은 기존 복정역 과 산성역 사이에 위치하였으며, 지상 3층 규모로 지어진 8호선의 유일한 지상역이다. 복선이자 상대식 승강 장 구조다.",https://mediahub.seoul.go.kr/news/article/newsArticlePrintPopup.do?articleNo=2003528,국토교통부,SRC-H017,title_development_event,0.652,needs_human,
PDF-102-basic_service,PDF-102,지하철 8호선 남위례역 18일 개통…잠실까지 15분 _ 서울시 - 내 손안에 서울.pdf,data/raw/evidence/지하철 8호선 남위례역 18일 개통…잠실까지 15분 _ 서울시 - 내 손안에 서울.pdf,c527d0ab39cb4e427fa62ce8c97d7f7b5074d06dcf2ac3af96ae616ddf7fdcc9,위례,basic_service,,2020-초,year,tram,위례선 트램,district,,,PDF p.1,"것으로 보인다. 남위례역은 4만 가구 이상의 대규모 인원이 밀집한 위례신도시의 광역교통개선대책 중 하나로 지어진 역이 다. 위례신도시 택지개발사업자인 한국주택토지공사(LH)가 비용을 부담하고, 운영사인 공사가 건설 사업을 시 행해 2020년 초 착공한 후 올해 말 준공했다. 서울교통공사는 오는 18일 첫차부터 서울 지하철 8호선 남위례역 운영을 개시한다. 남위례역은 기존 복정역 과 산성역 사이에 위치하였으며, 지상 3층 규모로 지어진 8호선의 유일한 지상역이다. 복선이자 상대식 승강 장 구조다.",https://mediahub.seoul.go.kr/news/article/newsArticlePrintPopup.do?articleNo=2003528,국토교통부,,,0.0,needs_human,
PDF-103-actual_operation,PDF-103,지하철 하남선 개통에 대하여.pdf,data/raw/evidence/지하철 하남선 개통에 대하여.pdf,64d6f55fad58be64ef283ac365cab3c13752d7b05688569522b570c1f4438157,하남 미사;하남 교산,actual_operation,2020-02-28,2020-02-28,day,rail,하남선(5호선 연장),district,,목표;추진,PDF p.1,"하남뉴스HOME 하남소식 하남뉴스 지하철 하남선 개통에 대하여 존경하는 시민 여러분, 얼마 전 하남선과 관련해 『하남시 코로나19로 영업시운전이 잠정연기 됨에 따라 개 통 지연이 우려 된다』는 내용의 언론보도를 접하고 하남선 개통에 대한 걱정이 크시다는 점 잘 알고 있습니 다. 여러분들께서 공통적으로 궁금해 하실 내용을 다음과 같이 알려드립니다. Q1) 지하철 5호선 하남선 추진상황은? ○ 지하철 하남선은 상일역 ~ 하남검단산역까지 총 7.7km(하남 구간 6.6km/ 5개역(하남 4개역) 구간입니 다. 하남구간의 건설은 경기도가 맡고 있으며, 개통 이후 서울교통공사에 위탁하여 운영하게 됩니다. [지하철 5호선 추진사항▶▶자세히보기] ○ 현재 하남선 1단계 개통 구간(미사역, 하남풍산역)은 지난해 4월까지 종합시험운행에 필요한 공정을 마 친 상태이며, 2단계 개통구간(하남시청(덕풍·풍산)역, 하남검단산역)은 94.92%(2020.2.28 기준)의 공정 률로 연내 개통을 목표로 하고 있습니다. ○ 하남시는 하남선의 연내",https://www.hanam.go.kr/www/selectBbsNttView.do?bbsNo=944&key=3760&nttNo=115091,하남시,SRC-H028,source_url,0.99,needs_human,
PDF-105-promise_date,PDF-105,친환경 트램 '위례선' 시범운행 시작…내년 하반기 개통 _ 서울시 - 내 손안에 서울.pdf,data/raw/evidence/친환경 트램 '위례선' 시범운행 시작…내년 하반기 개통 _ 서울시 - 내 손안에 서울.pdf,a9beb607d64a9ebdabe680bf68c20f0f2cfd347c8d24d9a0a3d82b30fa1094bc,위례,promise_date,,2026,year,tram,위례선 트램,district,,목표,PDF p.1,"친환경 트램 '위례선' 시범운행 시작…내년 하반기 개통 9월부터 약 한 달간 차량 성능, 안전성 검증…2026년 하반기 정식 개통 목표 트램 위례선 차량 모습 58년 만에 트램(노면전차)이 서울을 다시 달리게 된다. 서울시가 내년 하반기 개통을 목표로 9월 초부터 약 한 달 간 한국철도기술연구원 오송시험선 구간에서 위례선(트램)에 대한 ‘예비주행시험’에 들어간다. 트램은 서울에 1899년 최초로 도입돼 1968년까지 약 70년간 운행됐다. 2026년 위례선이 개통하면 58년 만에 서 울에서 트램이 부활하는 셈이다. 위례선 트램은 전국 최초 ‘무가선 노면전차’로, 마천역(5호선)에서 출발해 복정역(8호선·수인분당선)과 남위례 역(8호선)을 연결한다. 총 연장 5.4㎞로 정거장 12개소, 차량기지 1개를 만들고 전동차 10편성을 투입한다. 무가선 노면전차란, 전기를 공급하는 전차선이 없는 노면전차를 말한다. 도시 미관을 저해하지 않고 건설비용을",https://mediahub.seoul.go.kr/news/article/newsArticlePrintPopup.do?articleNo=2015526,서울특별시,,,0.0,needs_human,
PDF-106-promise_date,PDF-106,"하남미사지구 광역교통개선대책 변경, 확정된 바 없어.pdf","data/raw/evidence/하남미사지구 광역교통개선대책 변경, 확정된 바 없어.pdf",8c8756bf0041e944a8ce2c1e3d1d8e3aa16e34722cd7c5643a68f09fb3e5a5d9,하남 미사,promise_date,2014-03-19,2014-03-19,day,,,district,,확정;계획,PDF p.1,"기사인쇄하기 하남미사지구 광역교통개선대책 변경, 확정된 바 없어 콘텐츠 내용 국토교통부는 하남미사지구 광역교통개선대책 변경은 현재까지 방침이 확정된 바 없으며 전문가의 충분한 검토를 거쳐 결정할 계획이라고 밝혔다. 국토부는 18일 연합뉴스가 보도한 “국토부, 천호대로 지하차도 취소 방침…경기도 반발” 제하 기사 에 대해 이 같이 해명했다. 기사는 서울시 요구대로 계획이 변경되면 하남미사지구 주민의 심각한 교통불편이 우려된다고 보도 했다. 문의: 국토교통부 공공주택개발과 044-201-4540 인쇄하기 닫기 2014.03.19",https://www.korea.kr/common/searchPrint.do,국토교통부,SRC-E1-B10,title_development_event,1.0,needs_human,
PDF-107-basic_service,PDF-107,하남시 시내버스 - 하남시청.pdf,data/raw/evidence/하남시 시내버스 - 하남시청.pdf,8ac431b91d3d060832a9e275cef5f02f8f259cf1b8a41b8716d2cd3bc3ab32d2,위례;하남 미사,basic_service,,,unknown,,,district,,,PDF p.1,"관내 버스 노선 안내 하남시 시내버스 하남시에서 운행되고 있는 시내버스 노선 정보입니다. 하남시 시내버스 노선 막차시간은 교통상황 및 수요에 따라 조정될 수 있습니다. 문 의 처 : BRT환승센터 031-8027-3911 / 상산곡동 공영차고지 031-794- 1507 노 선 번 호 기 점 주요경유지 종 점 배차간격 버스회 평 일 주 말 30 상산곡동 공영차고지 (첫차 04:00 / 막차 21:40) 산곡초교, 창우초교, 하남시청, 황산, 상일동, 천호역, 방이동, 방이사거리, 송파사거리, 모란 성남시 은행동 (첫차 04:40 / 막차 23:20) 30~40분 60~70분 (주)경기 30-3 상산곡동 공영차고지 (첫차 04:05 / 막차 23:10) 천현동, 신안아파트, 하남시청, 길동, 현대백화점, 영파여고 서울특별시 잠실역 (첫차 04:45 / 막차 23:45) 11~13분 20~30분 하남시 시내버스 하남시 마을버스 하남시 경유버스 실시간 버스 위치 찾기 이 누리집은 대한민국 공식 전자정부 누리집입니다. 검색어를",https://www.hanam.go.kr/www/contents.do?key=5540,서울특별시,SRC-E1-C09,source_url,0.99,needs_human,missing_event_date_or_excerpt
PDF-108-actual_operation,PDF-108,"하남시, 2021년 ‘빛나는 하남’ 10대 뉴스 선정.pdf","data/raw/evidence/하남시, 2021년 ‘빛나는 하남’ 10대 뉴스 선정.pdf",ec903ff08af3f81b601966e19ded4bbc7ec874605458f51aa9d213ffc322d3aa,하남 미사;하남 교산;남양주 왕숙,actual_operation,2021-12-29,,unknown,rail,하남선(5호선 연장);강동하남남양주선;송파하남선,district,,추진;확정,PDF p.1,"진 매 11 담당자 도시브랜드담당관 정지은 ( 031-790-6940) ☎ 공보팀장 김지훈 ( 031-790-5117) ☎ 주무관 박창희 ( 031-790-5415) ☎ 하남시 년 빛나는 하남 대 뉴스 선정 , 2021 ‘ ’ 10 지하철 호선 전 구간 개통 지하철 호선 연장 확정 하남시 인구 5 3·9 ▲ ▲ ▲ 만 돌파 새로운 경기 정책공모 최우수 년 연속수상 일가도서관기념관 30 ‘3 ’ ( ) ▲ ▲ · 위례도서관 개관 신장도서관 리모델링 착공 국공립어린이집 개소로 늘어 , 54 ▲ 아시아태평양학습도시연맹 명예의 전당 헌정도시 선정 도시재생 산업 ‘ ’ ▲ ▲ 박람회 대상 탄소중립 실천 환경교육도시 선포 가칭하남감일 ‘2050 , ’ ( ) ▲ ▲ 백제박물관 설립타당성 평가 최종 통과 년 한 해 시민들의 이목을 끌고 하남시를 2021 , 핫하게빛낸 대 뉴스는 10 무엇일까? 하남시시장 김상호는 올해 추진한 주요",,국토교통부,,,0.0,needs_human,missing_event_date_or_excerpt
PDF-108-promise_date,PDF-108,"하남시, 2021년 ‘빛나는 하남’ 10대 뉴스 선정.pdf","data/raw/evidence/하남시, 2021년 ‘빛나는 하남’ 10대 뉴스 선정.pdf",ec903ff08af3f81b601966e19ded4bbc7ec874605458f51aa9d213ffc322d3aa,하남 미사;하남 교산;남양주 왕숙,promise_date,2021-12-29,2018,year,rail,하남선(5호선 연장);강동하남남양주선;송파하남선,district,,목표,PDF p.3,"남시에 개 공공도서관이 새로 . 2 생기 고최장수 도서관 곳이 리모델링 공사를 시작했다 , 1 . 아이키우기 좋은 도시국공립어린이집 개소로 크게 늘어 ‘ ’ 54 ⑥ 아이키우기 좋은 도시로 하남시가 급부상하고 있다 ‘ ’ . 시는 공보육 강화를 위해 신규 국공립어린이집 확충에 집중한 결과 당초 목표보다 배 2 이상 초 과 달성했다고 밝혔다 년 월 현재 하남시 소재 국공립어린이집 수 . 2021 12 는 개소다시는 공보육 강화와 보육서비스 품질개선을 위해 54 . 년부터 2018 년까지 국공립어린이집 추가 설립에 집중해 왔다그 결과 2021 . 하남시 국공 립어린이집 수가 년 개소에서 년 월 현재 개소로 2018 9 2021 12 54 크게 늘었 다 이에 따라 하남시 국공립어린이집 설치비율은 경기도 전체 평균인 . 보다 포인트 높은 에 달한다 12% 9.5% 21.5% . 아시아태평양학습도시연맹 명예의 전당 헌정도시선정 ‘ ’ ⑦ 아시아태평양학습도시연맹이하 으로부터",,국토교통부,SRC-H027,title_development_event,0.727,needs_human,
PDF-109-actual_operation,PDF-109,"하남시, 미사순환 마을버스 노선 개통.pdf","data/raw/evidence/하남시, 미사순환 마을버스 노선 개통.pdf",35c0ffd16b7581c3888e2559c2e9d9d71dc598c9243d1ff23162619533ae7729,위례;하남 미사,actual_operation,2023-08-25,2023-08-15,day,,,district,,,PDF p.1,"작성자 총괄관리자 작성일 2023-08-25 조회수 1,312 첨부파일 경기도교통정보센터 교통소식 [하남시청] 하남시, 위례복정역·미사순환 마을버스 신규 개통… 마을버스 준공영제 노선 첫 시동 하남시, 위례복정역·미사순환 마을버스 신규 개통… 마을버스 준공영제 노선 첫 시동 ○ 위례-01번, 위례신도시와 8호선·수인분당선 환승역인 복정역을 연계 하는 노선 ○ 미사-01번, 미사강변도시 공동주택과 미사역·황산사거리 등 거점 연계 순환노선 등록일 : 2023-08-15 하남시(시장 이현재)가 위례복정역 마을버스와 미사순환 마을버스 개 통식을 차례로 열며 대중교통 편의성을 한층 더 강화했다. 24일 하남시에 따르면 시는 지난 22일과 23일, 지역주민들이 참석한 가운데 마을버스 준공영제 노선인 위례복정역(위례-01번) 마을버스와 미사순환(미사-01번) 마을버스 개통식을 진행했다. 먼저 22일 진행된 위례복정역 마을버스 개통식에는 하남시의회 의원 홈  참여마당  교통소식 교통정보 버스정보 교통DB 참여마당 센터소",,하남시,SRC-E1-C09,title_development_event,1.0,needs_human,
PDF-111-actual_operation,PDF-111,화성 동탄신도시∼김포공항 버스 노선 내달 1일부터 운행 _ 연합뉴스.pdf,data/raw/evidence/화성 동탄신도시∼김포공항 버스 노선 내달 1일부터 운행 _ 연합뉴스.pdf,e8f57f80285b5bdd4a7c065b26e86816a49adf47b0621eb892b91b0ed574c58a,화성 동탄2,actual_operation,2023-01-31,2023-01-31,day,,,district,,,PDF p.1,항 버스 노선 내달 1일부터 운행 송고2023-01-31 14:31 (화성=연합뉴스) 최해민 기자 = 경기 화성 동탄신도시에서 김포공항을 연결하는 8840번 공항버스가 내달 1일 운행을 시작한다. 화성시는 31일 동탄1 버스 공영차고지에서 정명근 시장과 이원욱 국회의원 등 10여명이 참석한 가운데 공항 버스 개통 행사를 열었다. 이 김포공항 버스 노선 신설은 지난달 22일 김동연 경기지사가 화성에서 개최한 '맞손토크'에서 정 시장이 건의한 사안이다. 김포공항 버스 노선 개통식 [화성시 제공. 재판매 및 DB 금지] 26. 9. 2. 오후 12:38 화성 동탄신도시∼김포공항 버스 노선 내달 1일부터 운행 | 연합뉴스 https://www.yna.co.kr/view/AKR20230131105400061?section=popup/print 1/2,화성시 공지 URL 필요,연합뉴스,SRC-E1-C01,source_url,0.99,needs_human,
PDF-111-basic_service,PDF-111,화성 동탄신도시∼김포공항 버스 노선 내달 1일부터 운행 _ 연합뉴스.pdf,data/raw/evidence/화성 동탄신도시∼김포공항 버스 노선 내달 1일부터 운행 _ 연합뉴스.pdf,e8f57f80285b5bdd4a7c065b26e86816a49adf47b0621eb892b91b0ed574c58a,화성 동탄2,basic_service,2023-01-31,2023-01-31,day,,,district,,,PDF p.2,"거쳐 동탄1신도시를 경유하는 노선만 운행돼 빈 좌석이 없으면 화성시민은 승차할 수 없어 불편을 겪어왔다. 이번에 신설 공항버스 노선은 동탄2 호수공원에서 출발해 동탄역을 거쳐 동탄1 라마다호텔, 다은마을, 예당 마을을 거쳐 김포공항까지 1일 6회 운행한다. 요금은 성인 기준 1만1천400원으로, 김포공항행 첫차는 오전 5시, 막차는 오후 6시 10분, 동탄행 첫차는 오 전 7시 10분, 막차는 오후 8시 20분이다. 정 시장은 ""김포공항을 직접 오가는 공항버스 노선 신설로 동탄권 주민들의 교통편의가 크게 개선될 것""이라 며 ""병점과 봉담권역 등에도 김포공항 노선이 신설될 수 있도록 노력하겠다""고 말했다. goals@yna.co.kr 제보는 카카오톡 okjebo <저작권자(c) 연합뉴스, 무단 전재-재배포, AI 학습 및 활용 금지> 2023/01/31 14:31 송고 본 기사는 연합뉴스와의 계약없이 전문 또는 일부의 전재를 금합니다 Copyright (C) Yonhapnews. All rights reserved.",화성시 공지 URL 필요,연합뉴스,SRC-E1-C01,source_url,0.99,needs_human,
