cluster_id,complex_name,addr_legal,addr_query,addr_variant_used,type,status,lat,lon,crs,refined_text,level1,level2,level3,level4L,level5,representative_method,parcel_count,centroid_spread_m,coord_source,coord_fetched_at,coord_license_note,qa_flag,error_code,needs_review
A10022364,다산유보라마크뷰,경기도 남양주시 다산동 4438- 다산유보라마크뷰,경기도 남양주시 다산동 4438,full,PARCEL,OK,37.605445293877196,127.15415038050315,EPSG:4326,경기도 남양주시 다산동 4438,경기도,남양주시,,다산동,4438,single_parcel,1,0,vworld_geocoder_2.0,2026-09-03T00:12:15.317097+00:00,VWORLD TERMS: DO NOT STORE OR REDISTRIBUTE RAW,,,False
A10022611,제일풍경채 퍼스티어,경기도 화성동탄구 신동 157 제일풍경채 퍼스티어,신동 157,fallback,PARCEL,OK,36.098090857571975,128.46769042709724,EPSG:4326,경상북도 구미시 신동 157-1,경상북도,구미시,,신동,157-1,single_parcel,1,0,vworld_geocoder_2.0,2026-09-03T00:12:16.301255+00:00,VWORLD TERMS: DO NOT STORE OR REDISTRIBUTE RAW,sido_mismatch|sigungu_mismatch,,True
A10022615,다산역자연앤푸르지오,경기도 남양주시 다산동 6084 다산역자연앤푸르지오,경기도 남양주시 다산동 6084,full,PARCEL,OK,37.62200950358852,127.15062717835593,EPSG:4326,경기도 남양주시 다산동 6084,경기도,남양주시,,다산동,6084,single_parcel,1,0,vworld_geocoder_2.0,2026-09-03T00:12:16.936265+00:00,VWORLD TERMS: DO NOT STORE OR REDISTRIBUTE RAW,,,False
A10022646,e편한세상 동탄호수,경기도 화성동탄구 장지동 970 e편한세상 동탄호수,경기도 화성동탄구 장지동 970,full,PARCEL,OK,37.16271891708641,127.11263655507378,EPSG:4326,경기도 화성시 동탄구 장지동 970,경기도,화성시 동탄구,,장지동,970,single_parcel,1,0,vworld_geocoder_2.0,2026-09-03T00:12:17.415920+00:00,VWORLD TERMS: DO NOT STORE OR REDISTRIBUTE RAW,sigungu_mismatch,,True
A10022882,동탄(2) 38단지 행복주택,경기도 화성동탄구 신동 111-1 동탄(2) 38단지 행복주택,신동 111-1,fallback,PARCEL,OK,35.96579930024099,126.9628304814726,EPSG:4326,전북특별자치도 익산시 신동 111-1,전북특별자치도,익산시,,신동,111-1,single_parcel,1,0,vworld_geocoder_2.0,2026-09-03T00:12:19.477753+00:00,VWORLD TERMS: DO NOT STORE OR REDISTRIBUTE RAW,sido_mismatch|sigungu_mismatch,,True
A10022971,다산 포레스트 2단지,경기도 남양주시 다산동 6013 다산 포레스트 2단지,경기도 남양주시 다산동 6013,full,PARCEL,OK,37.629187626033826,127.15704868892027,EPSG:4326,경기도 남양주시 다산동 6013,경기도,남양주시,,다산동,6013,single_parcel,1,0,vworld_geocoder_2.0,2026-09-03T00:12:19.974038+00:00,VWORLD TERMS: DO NOT STORE OR REDISTRIBUTE RAW,,,False
A10023370,중흥s클래스 더테라스 리버파크3차(7블럭),경기도 화성동탄구 여울동 1012 중흥s클래스 더테라스 리버파크3차(7블럭),경기도 화성동탄구 여울동 1012,full,PARCEL,OK,37.18462352083779,127.08535578866795,EPSG:4326,경기도 화성시 동탄구 여울동 1012,경기도,화성시 동탄구,,여울동,1012,single_parcel,1,0,vworld_geocoder_2.0,2026-09-03T00:12:20.570131+00:00,VWORLD TERMS: DO NOT STORE OR REDISTRIBUTE RAW,sigungu_mismatch,,True
A10023459,호반써밋 동탄 아파트,경기도 화성동탄구 신동  호반써밋 동탄 아파트,신동 0,fallback,PARCEL,OK,37.26908717402604,128.66918461586357,EPSG:4326,강원특별자치도 정선군 신동읍 가사리-1,강원특별자치도,정선군,,신동읍,0-1,single_parcel,1,0,vworld_geocoder_2.0,2026-09-03T00:12:21.571527+00:00,VWORLD TERMS: DO NOT STORE OR REDISTRIBUTE RAW,sido_mismatch|sigungu_mismatch,,True
A10023573,동탄역삼정그린코아더베스트,경기도 화성동탄구 여울동 975 동탄역삼정그린코아더베스트,경기도 화성동탄구 여울동 975,full,PARCEL,OK,37.201014621054156,127.0889388253045,EPSG:4326,경기도 화성시 동탄구 여울동 975,경기도,화성시 동탄구,,여울동,975,single_parcel,1,0,vworld_geocoder_2.0,2026-09-03T00:12:22.102424+00:00,VWORLD TERMS: DO NOT STORE OR REDISTRIBUTE RAW,sigungu_mismatch,,True
A10023642,다산지금데시앙,경기도 남양주시 다산동 6109 다산지금데시앙,경기도 남양주시 다산동 6109,full,PARCEL,OK,37.62079103016306,127.1662819032249,EPSG:4326,경기도 남양주시 다산동 6109,경기도,남양주시,,다산동,6109,single_parcel,1,0,vworld_geocoder_2.0,2026-09-03T00:12:22.628907+00:00,VWORLD TERMS: DO NOT STORE OR REDISTRIBUTE RAW,,,False
A10023643,다산진건데시앙,경기도 남양주시 다산동 6026 다산진건데시앙,경기도 남양주시 다산동 6026,full,PARCEL,OK,37.627381623649555,127.1486895321033,EPSG:4326,경기도 남양주시 다산동 6026,경기도,남양주시,,다산동,6026,single_parcel,1,0,vworld_geocoder_2.0,2026-09-03T00:12:23.204588+00:00,VWORLD TERMS: DO NOT STORE OR REDISTRIBUTE RAW,,,False
A10023650,동탄2 디에트르 포레,경기도 화성동탄구 신동 185-1 동탄2 디에트르 포레,신동 185-1,fallback,PARCEL,OK,36.096279710046005,128.47248867098875,EPSG:4326,경상북도 구미시 신동 185-1,경상북도,구미시,,신동,185-1,single_parcel,1,0,vworld_geocoder_2.0,2026-09-03T00:12:24.512339+00:00,VWORLD TERMS: DO NOT STORE OR REDISTRIBUTE RAW,sido_mismatch|sigungu_mismatch,,True
A10023757,동탄2 LH40단지,경기도 화성동탄구 신동 818 동탄2 LH40단지,경기도 화성동탄구 신동 818,full,PARCEL,OK,37.17575386161132,127.1422132791599,EPSG:4326,경기도 화성시 동탄구 신동 818,경기도,화성시 동탄구,,신동,818,single_parcel,1,0,vworld_geocoder_2.0,2026-09-03T00:12:25.026959+00:00,VWORLD TERMS: DO NOT STORE OR REDISTRIBUTE RAW,sigungu_mismatch,,True
A10023863,다산지금 경기행복주택,경기도 남양주시 다산동 6110 다산지금 경기행복주택,경기도 남양주시 다산동 6110,full,PARCEL,OK,37.61834311280528,127.16606816378376,EPSG:4326,경기도 남양주시 다산동 6110,경기도,남양주시,,다산동,6110,single_parcel,1,0,vworld_geocoder_2.0,2026-09-03T00:12:25.500041+00:00,VWORLD TERMS: DO NOT STORE OR REDISTRIBUTE RAW,,,False
A10023897,위례중앙푸르지오아파트,"서울특별시 송파구 장지동 897,서울특별시 송파구 장지동 896 위례중앙푸르지오아파트",서울특별시 송파구 장지동 897,full,PARCEL,OK,37.47460605186445,127.14154472632109,EPSG:4326,서울특별시 송파구 장지동 897,서울특별시,송파구,,장지동,897,single_parcel,1,0,vworld_geocoder_2.0,2026-09-03T00:12:25.958606+00:00,VWORLD TERMS: DO NOT STORE OR REDISTRIBUTE RAW,,,False
A10024060,다산 메트로 3단지,경기도 남양주시 다산동 6076 다산 메트로 3단지,경기도 남양주시 다산동 6076,full,PARCEL,OK,37.62245457894289,127.14817934172284,EPSG:4326,경기도 남양주시 다산동 6076,경기도,남양주시,,다산동,6076,single_parcel,1,0,vworld_geocoder_2.0,2026-09-03T00:12:26.461911+00:00,VWORLD TERMS: DO NOT STORE OR REDISTRIBUTE RAW,,,False
A10024076,동탄역유림노르웨이숲아파트,경기도 화성동탄구 여울동 978 동탄역유림노르웨이숲아파트,경기도 화성동탄구 여울동 978,full,PARCEL,OK,37.1989861462607,127.08893645154913,EPSG:4326,경기도 화성시 동탄구 여울동 978,경기도,화성시 동탄구,,여울동,978,single_parcel,1,0,vworld_geocoder_2.0,2026-09-03T00:12:26.913679+00:00,VWORLD TERMS: DO NOT STORE OR REDISTRIBUTE RAW,sigungu_mismatch,,True
A10024091,동탄호수하우스디아파트,경기도 화성동탄구 장지동 917 동탄호수하우스디아파트,경기도 화성동탄구 장지동 917,full,PARCEL,OK,37.16205766234876,127.09725560953822,EPSG:4326,경기도 화성시 동탄구 장지동 917,경기도,화성시 동탄구,,장지동,917,single_parcel,1,0,vworld_geocoder_2.0,2026-09-03T00:12:27.375251+00:00,VWORLD TERMS: DO NOT STORE OR REDISTRIBUTE RAW,sigungu_mismatch,,True
A10024093,다산 푸르지오,경기도 남양주시 다산동 6163 다산 푸르지오,경기도 남양주시 다산동 6163,full,PARCEL,OK,37.614929704074896,127.1644220947527,EPSG:4326,경기도 남양주시 다산동 6163,경기도,남양주시,,다산동,6163,single_parcel,1,0,vworld_geocoder_2.0,2026-09-03T00:12:27.851219+00:00,VWORLD TERMS: DO NOT STORE OR REDISTRIBUTE RAW,,,False
A10024111,동탄호수공원리슈빌아파트,경기도 화성동탄구 장지동 924 동탄호수공원리슈빌아파트,경기도 화성동탄구 장지동 924,full,PARCEL,OK,37.164294179589206,127.10502190385458,EPSG:4326,경기도 화성시 동탄구 장지동 924,경기도,화성시 동탄구,,장지동,924,single_parcel,1,0,vworld_geocoder_2.0,2026-09-03T00:12:28.316264+00:00,VWORLD TERMS: DO NOT STORE OR REDISTRIBUTE RAW,sigungu_mismatch,,True
A10024177,동탄호수우남더테라스,경기도 화성동탄구 장지동 964 동탄호수우남더테라스,경기도 화성동탄구 장지동 964,full,PARCEL,OK,37.16164570044217,127.10765143582776,EPSG:4326,경기도 화성시 동탄구 장지동 964,경기도,화성시 동탄구,,장지동,964,single_parcel,1,0,vworld_geocoder_2.0,2026-09-03T00:12:28.842174+00:00,VWORLD TERMS: DO NOT STORE OR REDISTRIBUTE RAW,sigungu_mismatch,,True
A10024195,다산센트럴파크,경기도 남양주시 다산동 6107 다산센트럴파크,경기도 남양주시 다산동 6107,full,PARCEL,OK,37.62205674592245,127.16359750349855,EPSG:4326,경기도 남양주시 다산동 6107,경기도,남양주시,,다산동,6107,single_parcel,1,0,vworld_geocoder_2.0,2026-09-03T00:12:29.387107+00:00,VWORLD TERMS: DO NOT STORE OR REDISTRIBUTE RAW,,,False
A10024211,미사역파라곤아파트,경기도 하남시 망월동 1125 미사역파라곤아파트,경기도 하남시 망월동 1125,full,PARCEL,OK,37.56435243417841,127.19381596021486,EPSG:4326,경기도 하남시 망월동 1125,경기도,하남시,,망월동,1125,single_parcel,1,0,vworld_geocoder_2.0,2026-09-03T00:12:29.927379+00:00,VWORLD TERMS: DO NOT STORE OR REDISTRIBUTE RAW,,,False
A10024290,동탄역파라곤 아파트,경기도 화성동탄구 여울동 985 동탄역파라곤 아파트,경기도 화성동탄구 여울동 985,full,PARCEL,OK,37.19637712295767,127.09074878293066,EPSG:4326,경기도 화성시 동탄구 여울동 985,경기도,화성시 동탄구,,여울동,985,single_parcel,1,0,vworld_geocoder_2.0,2026-09-03T00:12:31.720789+00:00,VWORLD TERMS: DO NOT STORE OR REDISTRIBUTE RAW,sigungu_mismatch,,True
A10024368,동탄역 대방디엠시티 더 센텀 아파트,경기도 화성동탄구 영천동 3-3 동탄역 대방디엠시티 더 센텀 아파트,영천동 3-3,fallback,PARCEL,OK,37.5897637213483,127.16031227944642,EPSG:4326,경기도 구리시 토평동 3-3,경기도,구리시,,토평동,3-3,single_parcel,1,0,vworld_geocoder_2.0,2026-09-03T00:12:32.965586+00:00,VWORLD TERMS: DO NOT STORE OR REDISTRIBUTE RAW,sigungu_mismatch,,True
A10024415,다산해모로아파트,경기도 남양주시 다산동 6297 다산해모로아파트,경기도 남양주시 다산동 6297,full,PARCEL,OK,37.60571068410859,127.15197664069214,EPSG:4326,경기도 남양주시 다산동 6297,경기도,남양주시,,다산동,6297,single_parcel,1,0,vworld_geocoder_2.0,2026-09-03T00:12:33.448570+00:00,VWORLD TERMS: DO NOT STORE OR REDISTRIBUTE RAW,,,False
A10024467,힐스테이트동탄역,경기도 화성동탄구 영천동 833 힐스테이트동탄역,경기도 화성동탄구 영천동 833,full,PARCEL,OK,37.21292377235398,127.09268814158123,EPSG:4326,경기도 화성시 동탄구 영천동 833,경기도,화성시 동탄구,,영천동,833,single_parcel,1,0,vworld_geocoder_2.0,2026-09-03T00:12:33.942988+00:00,VWORLD TERMS: DO NOT STORE OR REDISTRIBUTE RAW,sigungu_mismatch,,True
A10024480,다산자이아이비플레이스 아파트,경기도 남양주시 다산동 6028 다산자이아이비플레이스 아파트,경기도 남양주시 다산동 6028,full,PARCEL,OK,37.626989934143964,127.15110858396568,EPSG:4326,경기도 남양주시 다산동 6028,경기도,남양주시,,다산동,6028,single_parcel,1,0,vworld_geocoder_2.0,2026-09-03T00:12:34.430879+00:00,VWORLD TERMS: DO NOT STORE OR REDISTRIBUTE RAW,,,False
A10024492,위례포레샤인13단지아파트,서울특별시 송파구 거여동 599 위례포레샤인13단지아파트,서울특별시 송파구 거여동 599,full,PARCEL,OK,37.48237579250612,127.13807879555196,EPSG:4326,서울특별시 송파구 거여동 599,서울특별시,송파구,,거여동,599,single_parcel,1,0,vworld_geocoder_2.0,2026-09-03T00:12:34.954226+00:00,VWORLD TERMS: DO NOT STORE OR REDISTRIBUTE RAW,,,False
A10024496,동탄호수공원 경기행복주택,경기도 화성동탄구 산척동 750 동탄호수공원 경기행복주택,경기도 화성동탄구 산척동 750,full,PARCEL,OK,37.1667613947564,127.11913346676944,EPSG:4326,경기도 화성시 동탄구 산척동 750,경기도,화성시 동탄구,,산척동,750,single_parcel,1,0,vworld_geocoder_2.0,2026-09-03T00:12:35.532116+00:00,VWORLD TERMS: DO NOT STORE OR REDISTRIBUTE RAW,sigungu_mismatch,,True
A10024525,한화포레나동탄호수,경기도 화성동탄구 장지동 921 한화포레나동탄호수,경기도 화성동탄구 장지동 921,full,PARCEL,OK,37.16375962277561,127.09851546220162,EPSG:4326,경기도 화성시 동탄구 장지동 921,경기도,화성시 동탄구,,장지동,921,single_parcel,1,0,vworld_geocoder_2.0,2026-09-03T00:12:36.056542+00:00,VWORLD TERMS: DO NOT STORE OR REDISTRIBUTE RAW,sigungu_mismatch,,True
A10024577,위례포레샤인18단지,서울특별시 송파구 거여동 648 위례포레샤인18단지,서울특별시 송파구 거여동 648,full,PARCEL,OK,37.48767809637313,127.15217823829013,EPSG:4326,서울특별시 송파구 거여동 648,서울특별시,송파구,,거여동,648,single_parcel,1,0,vworld_geocoder_2.0,2026-09-03T00:12:37.517060+00:00,VWORLD TERMS: DO NOT STORE OR REDISTRIBUTE RAW,,,False
A10024592,동탄2LH35단지,경기도 화성동탄구 산척동 748 동탄2LH35단지,경기도 화성동탄구 산척동 748,full,PARCEL,OK,37.164252708089094,127.12125544386959,EPSG:4326,경기도 화성시 동탄구 산척동 748,경기도,화성시 동탄구,,산척동,748,single_parcel,1,0,vworld_geocoder_2.0,2026-09-03T00:12:38.004008+00:00,VWORLD TERMS: DO NOT STORE OR REDISTRIBUTE RAW,sigungu_mismatch,,True
A10024637,김포장기 LH11단지,경기도 김포시 장기동 1696 김포장기 LH11단지,경기도 김포시 장기동 1696,full,PARCEL,OK,37.63687805678984,126.66421064607691,EPSG:4326,경기도 김포시 장기동 1696,경기도,김포시,,장기동,1696,single_parcel,1,0,vworld_geocoder_2.0,2026-09-03T00:12:38.591790+00:00,VWORLD TERMS: DO NOT STORE OR REDISTRIBUTE RAW,,,False
A10024732,동탄2 하우스디 NHF아파트,경기도 화성동탄구 산척동 743 동탄2 하우스디 NHF아파트,경기도 화성동탄구 산척동 743,full,PARCEL,OK,37.16885710805286,127.12647916822917,EPSG:4326,경기도 화성시 동탄구 산척동 743,경기도,화성시 동탄구,,산척동,743,single_parcel,1,0,vworld_geocoder_2.0,2026-09-03T00:12:40.424991+00:00,VWORLD TERMS: DO NOT STORE OR REDISTRIBUTE RAW,sigungu_mismatch,,True
A10024817,"위례역푸르지오4,5,6단지","경기도 성남수정구 창곡동 565-,경기도 성남수정구 창곡동 564-,경기도 성남수정구 창곡동 563-,경기도 성남수정구 창곡동 563,경기도 성남수정구 창곡동 565,경기도 성남수정구 창곡동 564 위례역푸르지오4,5,6단지",창곡동 565,fallback,PARCEL,OK,37.467878890057584,127.14112954230487,EPSG:4326,경기도 성남시 수정구 창곡동 565,경기도,성남시 수정구,,창곡동,565,single_parcel,1,0,vworld_geocoder_2.0,2026-09-03T00:12:42.498117+00:00,VWORLD TERMS: DO NOT STORE OR REDISTRIBUTE RAW,sigungu_mismatch,,True
A10024841,동탄2LH행복주택35단지,경기도 화성동탄구 산척동 747 동탄2LH행복주택35단지,경기도 화성동탄구 산척동 747,full,PARCEL,OK,37.16633576560656,127.12176333733291,EPSG:4326,경기도 화성시 동탄구 산척동 747,경기도,화성시 동탄구,,산척동,747,single_parcel,1,0,vworld_geocoder_2.0,2026-09-03T00:12:43.059966+00:00,VWORLD TERMS: DO NOT STORE OR REDISTRIBUTE RAW,sigungu_mismatch,,True
A10024843,중흥S-클래스 더 테라스 리버파크 2차,경기도 화성동탄구 여울동 993 중흥S-클래스 더 테라스 리버파크 2차,경기도 화성동탄구 여울동 993,full,PARCEL,OK,37.18892665935972,127.08546277118657,EPSG:4326,경기도 화성시 동탄구 여울동 993,경기도,화성시 동탄구,,여울동,993,single_parcel,1,0,vworld_geocoder_2.0,2026-09-03T00:12:43.563548+00:00,VWORLD TERMS: DO NOT STORE OR REDISTRIBUTE RAW,sigungu_mismatch,,True
A10024890,미사힐즈파크푸르지오,경기도 하남시 풍산동 630 미사힐즈파크푸르지오,경기도 하남시 풍산동 630,full,PARCEL,OK,37.54381801338101,127.1932511869667,EPSG:4326,경기도 하남시 풍산동 630,경기도,하남시,,풍산동,630,single_parcel,1,0,vworld_geocoder_2.0,2026-09-03T00:12:44.064012+00:00,VWORLD TERMS: DO NOT STORE OR REDISTRIBUTE RAW,,,False
A10025005,동탄역 동원로얄듀크비스타3차,경기도 화성동탄구 여울동 984 동탄역 동원로얄듀크비스타3차,경기도 화성동탄구 여울동 984,full,PARCEL,OK,37.19640594051853,127.0889598797079,EPSG:4326,경기도 화성시 동탄구 여울동 984,경기도,화성시 동탄구,,여울동,984,single_parcel,1,0,vworld_geocoder_2.0,2026-09-03T00:12:44.582024+00:00,VWORLD TERMS: DO NOT STORE OR REDISTRIBUTE RAW,sigungu_mismatch,,True
A10025020,동탄레이크자연앤푸르지오아파트,경기도 화성동탄구 장지동 922 동탄레이크자연앤푸르지오아파트,경기도 화성동탄구 장지동 922,full,PARCEL,OK,37.16406446842065,127.10251833775692,EPSG:4326,경기도 화성시 동탄구 장지동 922,경기도,화성시 동탄구,,장지동,922,single_parcel,1,0,vworld_geocoder_2.0,2026-09-03T00:12:45.074115+00:00,VWORLD TERMS: DO NOT STORE OR REDISTRIBUTE RAW,sigungu_mismatch,,True
A10025059,김포한강 호반베르디움 더 퍼스트,경기도 김포시 장기동 1865-4 김포한강 호반베르디움 더 퍼스트,경기도 김포시 장기동 1865-4,full,PARCEL,OK,37.652510947688484,126.67026921430815,EPSG:4326,경기도 김포시 장기동 1865-4,경기도,김포시,,장기동,1865-4,single_parcel,1,0,vworld_geocoder_2.0,2026-09-03T00:12:45.649372+00:00,VWORLD TERMS: DO NOT STORE OR REDISTRIBUTE RAW,,,False
A10025066,다산 신안인스빌퍼스트포레,경기도 남양주시 다산동 6213 다산 신안인스빌퍼스트포레,경기도 남양주시 다산동 6213,full,PARCEL,OK,37.60288751833256,127.17632756712734,EPSG:4326,경기도 남양주시 다산동 6213,경기도,남양주시,,다산동,6213,single_parcel,1,0,vworld_geocoder_2.0,2026-09-03T00:12:46.310640+00:00,VWORLD TERMS: DO NOT STORE OR REDISTRIBUTE RAW,,,False
A10025093,동탄린스트라우스더레이크,경기도 화성동탄구 송동 694 동탄린스트라우스더레이크,경기도 화성동탄구 송동 694,full,PARCEL,OK,37.17142053338455,127.10482395084055,EPSG:4326,경기도 화성시 동탄구 송동 694,경기도,화성시 동탄구,,송동,694,single_parcel,1,0,vworld_geocoder_2.0,2026-09-03T00:12:46.892055+00:00,VWORLD TERMS: DO NOT STORE OR REDISTRIBUTE RAW,sigungu_mismatch,,True
A10025276,동탄중흥에스클래스파크더테라스,경기도 화성동탄구 영천동 6-2 동탄중흥에스클래스파크더테라스,영천동 6-2,fallback,PARCEL,OK,33.28630153755921,126.5948255282094,EPSG:4326,제주특별자치도 서귀포시 토평동 6-2,제주특별자치도,서귀포시,,토평동,6-2,single_parcel,1,0,vworld_geocoder_2.0,2026-09-03T00:12:49.268464+00:00,VWORLD TERMS: DO NOT STORE OR REDISTRIBUTE RAW,sido_mismatch|sigungu_mismatch,,True
A10025306,다산역 경기행복주택아파트,경기도 남양주시 다산동 6027 다산역 경기행복주택아파트,경기도 남양주시 다산동 6027,full,PARCEL,OK,37.625905435559304,127.14851828281238,EPSG:4326,경기도 남양주시 다산동 6027,경기도,남양주시,,다산동,6027,single_parcel,1,0,vworld_geocoder_2.0,2026-09-03T00:12:49.827402+00:00,VWORLD TERMS: DO NOT STORE OR REDISTRIBUTE RAW,,,False
A10025312,동탄호수공원아이파크 아파트,경기도 화성동탄구 장지동 968 동탄호수공원아이파크 아파트,경기도 화성동탄구 장지동 968,full,PARCEL,OK,37.164613548217545,127.10871218576347,EPSG:4326,경기도 화성시 동탄구 장지동 968,경기도,화성시 동탄구,,장지동,968,single_parcel,1,0,vworld_geocoder_2.0,2026-09-03T00:12:50.300223+00:00,VWORLD TERMS: DO NOT STORE OR REDISTRIBUTE RAW,sigungu_mismatch,,True
A10025316,운양역 라피아노,"경기도 김포시 운양동 1341-45,경기도 김포시 운양동 1341-43,경기도 김포시 운양동 1341-44,경기도 김포시 운양동 1341-41,경기도 김포시 운양동 1341-42 운양역 라피아노",경기도 김포시 운양동 1341-45,full,PARCEL,OK,37.65032637566131,126.68607255548866,EPSG:4326,경기도 김포시 운양동 1341-45,경기도,김포시,,운양동,1341-45,single_parcel,1,0,vworld_geocoder_2.0,2026-09-03T00:12:50.835056+00:00,VWORLD TERMS: DO NOT STORE OR REDISTRIBUTE RAW,,,False
A10025331,다산자연&e편한세상 3차아파트,경기도 남양주시 다산동 6132 다산자연&e편한세상 3차아파트,경기도 남양주시 다산동 6132,full,PARCEL,OK,37.619550515469996,127.15620342490753,EPSG:4326,경기도 남양주시 다산동 6132,경기도,남양주시,,다산동,6132,single_parcel,1,0,vworld_geocoder_2.0,2026-09-03T00:12:51.379990+00:00,VWORLD TERMS: DO NOT STORE OR REDISTRIBUTE RAW,,,False
A10025393,다산e편한세상더퍼스트,경기도 남양주시 다산동 6151 다산e편한세상더퍼스트,경기도 남양주시 다산동 6151,full,PARCEL,OK,37.61618655978718,127.1559961152712,EPSG:4326,경기도 남양주시 다산동 6151,경기도,남양주시,,다산동,6151,single_parcel,1,0,vworld_geocoder_2.0,2026-09-03T00:12:54.055355+00:00,VWORLD TERMS: DO NOT STORE OR REDISTRIBUTE RAW,,,False
A10025435,다산신안인스빌퍼스트리버,경기도 남양주시 다산동 540 다산신안인스빌퍼스트리버,다산동 540,fallback,PARCEL,OK,37.75194165983448,126.71390544227873,EPSG:4326,경기도 파주시 연다산동 540,경기도,파주시,,연다산동,540,single_parcel,1,0,vworld_geocoder_2.0,2026-09-03T00:12:55.018458+00:00,VWORLD TERMS: DO NOT STORE OR REDISTRIBUTE RAW,sigungu_mismatch,,True
A10025469,미사역 호반 써밋 아파트,경기도 하남시 망월동 1127 미사역 호반 써밋 아파트,경기도 하남시 망월동 1127,full,PARCEL,OK,37.564904650288305,127.1961794253583,EPSG:4326,경기도 하남시 망월동 1127,경기도,하남시,,망월동,1127,single_parcel,1,0,vworld_geocoder_2.0,2026-09-03T00:12:55.527414+00:00,VWORLD TERMS: DO NOT STORE OR REDISTRIBUTE RAW,,,False
A10025534,덕풍역파크어울림아파트,경기도 하남시 덕풍동 947 덕풍역파크어울림아파트,경기도 하남시 덕풍동 947,full,PARCEL,OK,37.53877261570802,127.19714428341226,EPSG:4326,경기도 하남시 덕풍동 947,경기도,하남시,,덕풍동,947,single_parcel,1,0,vworld_geocoder_2.0,2026-09-03T00:12:59.134574+00:00,VWORLD TERMS: DO NOT STORE OR REDISTRIBUTE RAW,,,False
A10025552,동탄금호어울림레이크2차,경기도 화성동탄구 장지동 923 동탄금호어울림레이크2차,경기도 화성동탄구 장지동 923,full,PARCEL,OK,37.1617449591229,127.10172651481847,EPSG:4326,경기도 화성시 동탄구 장지동 923,경기도,화성시 동탄구,,장지동,923,single_parcel,1,0,vworld_geocoder_2.0,2026-09-03T00:12:59.650373+00:00,VWORLD TERMS: DO NOT STORE OR REDISTRIBUTE RAW,sigungu_mismatch,,True
A10025561,다산센트럴에일린의뜰아파트,경기도 남양주시 다산동 6208 다산센트럴에일린의뜰아파트,경기도 남양주시 다산동 6208,full,PARCEL,OK,37.60703952090712,127.17153503963311,EPSG:4326,경기도 남양주시 다산동 6208,경기도,남양주시,,다산동,6208,single_parcel,1,0,vworld_geocoder_2.0,2026-09-03T00:13:00.187632+00:00,VWORLD TERMS: DO NOT STORE OR REDISTRIBUTE RAW,,,False
A10025583,동탄2 아이파크A100BL,경기도 화성동탄구 장지동 623 동탄2 아이파크A100BL,경기도 화성동탄구 장지동 623,full,PARCEL,OK,37.16076159649593,127.12278167555559,EPSG:4326,경기도 화성시 동탄구 장지동 623-3,경기도,화성시 동탄구,,장지동,623-3,single_parcel,1,0,vworld_geocoder_2.0,2026-09-03T00:13:00.685581+00:00,VWORLD TERMS: DO NOT STORE OR REDISTRIBUTE RAW,sigungu_mismatch,,True
A10025589,위례포레스트사랑으로부영,경기도 성남수정구 창곡동 597 위례포레스트사랑으로부영,창곡동 597,fallback,PARCEL,OK,37.46173368551034,127.14551108641882,EPSG:4326,경기도 성남시 수정구 창곡동 597,경기도,성남시 수정구,,창곡동,597,single_parcel,1,0,vworld_geocoder_2.0,2026-09-03T00:13:01.782470+00:00,VWORLD TERMS: DO NOT STORE OR REDISTRIBUTE RAW,sigungu_mismatch,,True
A10025590,동탄2 IPARK 1단지 아파트,경기도 화성동탄구 장지동 24 동탄2 IPARK 1단지 아파트,장지동 24,fallback,PARCEL,OK,37.39720754203399,127.24221120512043,EPSG:4326,경기도 광주시 장지동 24-1,경기도,광주시,,장지동,24-1,single_parcel,1,0,vworld_geocoder_2.0,2026-09-03T00:13:02.832674+00:00,VWORLD TERMS: DO NOT STORE OR REDISTRIBUTE RAW,sigungu_mismatch,,True
A10025596,다산한강 반도유보라아파트 입주자대표회의,경기도 남양주시 다산동 6234 다산한강 반도유보라아파트 입주자대표회의,경기도 남양주시 다산동 6234,full,PARCEL,OK,37.59845879248668,127.16906185088584,EPSG:4326,경기도 남양주시 다산동 6234,경기도,남양주시,,다산동,6234,single_parcel,1,0,vworld_geocoder_2.0,2026-09-03T00:13:03.405010+00:00,VWORLD TERMS: DO NOT STORE OR REDISTRIBUTE RAW,,,False
A10025603,힐스테이트동탄,경기도 화성동탄구 목동  힐스테이트동탄,목동 0,fallback,PARCEL,OK,37.321756600497054,126.97192898777169,EPSG:4326,경기도 수원시 장안구 이목동-1,경기도,수원시 장안구,,이목동,0-1,single_parcel,1,0,vworld_geocoder_2.0,2026-09-03T00:13:04.689050+00:00,VWORLD TERMS: DO NOT STORE OR REDISTRIBUTE RAW,sigungu_mismatch,,True
A10025667,미사강변센트럴풍경채아파트,경기도 하남시 풍산동 471 미사강변센트럴풍경채아파트,경기도 하남시 풍산동 471,full,PARCEL,OK,37.55660265550903,127.1831583098215,EPSG:4326,경기도 하남시 풍산동 471,경기도,하남시,,풍산동,471,single_parcel,1,0,vworld_geocoder_2.0,2026-09-03T00:13:05.204158+00:00,VWORLD TERMS: DO NOT STORE OR REDISTRIBUTE RAW,,,False
A10025680,동탄 더샵 레이크에듀타운아파트,경기도 화성동탄구 산척동 699 동탄 더샵 레이크에듀타운아파트,경기도 화성동탄구 산척동 699,full,PARCEL,OK,37.17411667390134,127.10864346680341,EPSG:4326,경기도 화성시 동탄구 산척동 699,경기도,화성시 동탄구,,산척동,699,single_parcel,1,0,vworld_geocoder_2.0,2026-09-03T00:13:05.956570+00:00,VWORLD TERMS: DO NOT STORE OR REDISTRIBUTE RAW,sigungu_mismatch,,True
A10025739,미사강변신안인스빌아파트,경기도 하남시 풍산동 573 미사강변신안인스빌아파트,경기도 하남시 풍산동 573,full,PARCEL,OK,37.55666618251439,127.19549131699554,EPSG:4326,경기도 하남시 풍산동 573,경기도,하남시,,풍산동,573,single_parcel,1,0,vworld_geocoder_2.0,2026-09-03T00:13:06.434297+00:00,VWORLD TERMS: DO NOT STORE OR REDISTRIBUTE RAW,,,False
A10025771,동탄역 반도유보라 아이비파크7.0 아파트,경기도 화성동탄구 여울동 971 동탄역 반도유보라 아이비파크7.0 아파트,경기도 화성동탄구 여울동 971,full,PARCEL,OK,37.2027643087964,127.0890671421408,EPSG:4326,경기도 화성시 동탄구 여울동 971,경기도,화성시 동탄구,,여울동,971,single_parcel,1,0,vworld_geocoder_2.0,2026-09-03T00:13:06.907348+00:00,VWORLD TERMS: DO NOT STORE OR REDISTRIBUTE RAW,sigungu_mismatch,,True
A10025865,한강롯데캐슬22단지,경기도 김포시 운양동 1441 한강롯데캐슬22단지,경기도 김포시 운양동 1441,full,PARCEL,OK,37.64425072952105,126.68416731410866,EPSG:4326,경기도 김포시 운양동 1441,경기도,김포시,,운양동,1441,single_parcel,1,0,vworld_geocoder_2.0,2026-09-03T00:13:10.571596+00:00,VWORLD TERMS: DO NOT STORE OR REDISTRIBUTE RAW,,,False
A10025866,호반베르디움 더 레이크 3차 아파트,경기도 김포시 구래동 6887-3 호반베르디움 더 레이크 3차 아파트,경기도 김포시 구래동 6887-3,full,PARCEL,OK,37.64555211899961,126.63256283775456,EPSG:4326,경기도 김포시 구래동 6887-3,경기도,김포시,,구래동,6887-3,single_parcel,1,0,vworld_geocoder_2.0,2026-09-03T00:13:11.390899+00:00,VWORLD TERMS: DO NOT STORE OR REDISTRIBUTE RAW,,,False
A10025868,더레이크 에듀파크 아파트 입주자대표회의,경기도 화성동탄구 산척동 721 더레이크 에듀파크 아파트 입주자대표회의,경기도 화성동탄구 산척동 721,full,PARCEL,OK,37.171099440874585,127.11524990225686,EPSG:4326,경기도 화성시 동탄구 산척동 721,경기도,화성시 동탄구,,산척동,721,single_parcel,1,0,vworld_geocoder_2.0,2026-09-03T00:13:11.910796+00:00,VWORLD TERMS: DO NOT STORE OR REDISTRIBUTE RAW,sigungu_mismatch,,True
A10025880,동탄 2 NHF 경남 아너스빌 아파트,"경기도 화성동탄구 목동 25-1,경기도 화성동탄구 목동  동탄 2 NHF 경남 아너스빌 아파트",목동 25-1,fallback,PARCEL,OK,35.294918251026004,127.35030679543488,EPSG:4326,전남광주통합특별시 곡성군 고달면 목동리 산 25-1,전남광주통합특별시,곡성군,,고달면,25-1,single_parcel,1,0,vworld_geocoder_2.0,2026-09-03T00:13:12.901092+00:00,VWORLD TERMS: DO NOT STORE OR REDISTRIBUTE RAW,sido_mismatch|sigungu_mismatch,,True
A10025885,더레이크파크뷰아파트,경기도 화성동탄구 산척동 722 더레이크파크뷰아파트,경기도 화성동탄구 산척동 722,full,PARCEL,OK,37.17040223697896,127.11716514768575,EPSG:4326,경기도 화성시 동탄구 산척동 722,경기도,화성시 동탄구,,산척동,722,single_parcel,1,0,vworld_geocoder_2.0,2026-09-03T00:13:13.365435+00:00,VWORLD TERMS: DO NOT STORE OR REDISTRIBUTE RAW,sigungu_mismatch,,True
A10025900,동탄호수공원역 레이크시티 아파트,경기도 화성동탄구 산척동 733 동탄호수공원역 레이크시티 아파트,경기도 화성동탄구 산척동 733,full,PARCEL,OK,37.16766501083276,127.11568899989022,EPSG:4326,경기도 화성시 동탄구 산척동 733,경기도,화성시 동탄구,,산척동,733,single_parcel,1,0,vworld_geocoder_2.0,2026-09-03T00:13:13.876287+00:00,VWORLD TERMS: DO NOT STORE OR REDISTRIBUTE RAW,sigungu_mismatch,,True
A10025919,김포한강예미지 아파트,경기도 김포시 구래동 6893-2 김포한강예미지 아파트,경기도 김포시 구래동 6893-2,full,PARCEL,OK,37.6383581672961,126.62394354105523,EPSG:4326,경기도 김포시 구래동 6893-2,경기도,김포시,,구래동,6893-2,single_parcel,1,0,vworld_geocoder_2.0,2026-09-03T00:13:15.553589+00:00,VWORLD TERMS: DO NOT STORE OR REDISTRIBUTE RAW,,,False
A10025936,호반베르디움 더 레이크 2차,경기도 김포시 구래동 6887-1 호반베르디움 더 레이크 2차,경기도 김포시 구래동 6887-1,full,PARCEL,OK,37.6468814062107,126.632533432906,EPSG:4326,경기도 김포시 구래동 6887-1,경기도,김포시,,구래동,6887-1,single_parcel,1,0,vworld_geocoder_2.0,2026-09-03T00:13:16.031741+00:00,VWORLD TERMS: DO NOT STORE OR REDISTRIBUTE RAW,,,False
A10025941,미사강변도시 C3단지,경기도 하남시 망월동 1140 미사강변도시 C3단지,경기도 하남시 망월동 1140,full,PARCEL,OK,37.56338157428624,127.19679657014272,EPSG:4326,경기도 하남시 망월동 1140,경기도,하남시,,망월동,1140,single_parcel,1,0,vworld_geocoder_2.0,2026-09-03T00:13:16.551935+00:00,VWORLD TERMS: DO NOT STORE OR REDISTRIBUTE RAW,,,False
A10025947,미사강변 브라운스톤,경기도 하남시 풍산동 559 미사강변 브라운스톤,경기도 하남시 풍산동 559,full,PARCEL,OK,37.559546505641094,127.19277716304617,EPSG:4326,경기도 하남시 풍산동 559,경기도,하남시,,풍산동,559,single_parcel,1,0,vworld_geocoder_2.0,2026-09-03T00:13:17.051167+00:00,VWORLD TERMS: DO NOT STORE OR REDISTRIBUTE RAW,,,False
A10025953,미사 힐즈파크 푸르지오3단지,경기도 하남시 풍산동 627 미사 힐즈파크 푸르지오3단지,경기도 하남시 풍산동 627,full,PARCEL,OK,37.5421336862706,127.19519779278133,EPSG:4326,경기도 하남시 풍산동 627,경기도,하남시,,풍산동,627,single_parcel,1,0,vworld_geocoder_2.0,2026-09-03T00:13:17.592632+00:00,VWORLD TERMS: DO NOT STORE OR REDISTRIBUTE RAW,,,False
A10025962,동탄역 반도유보라 아이비파크 8차아파트,경기도 화성동탄구 여울동 973 동탄역 반도유보라 아이비파크 8차아파트,경기도 화성동탄구 여울동 973,full,PARCEL,OK,37.20234812467123,127.09075564283441,EPSG:4326,경기도 화성시 동탄구 여울동 973,경기도,화성시 동탄구,,여울동,973,single_parcel,1,0,vworld_geocoder_2.0,2026-09-03T00:13:18.091408+00:00,VWORLD TERMS: DO NOT STORE OR REDISTRIBUTE RAW,sigungu_mismatch,,True
A10025966,미사강변아란티움(25단지)아파트,경기도 하남시 풍산동 565 미사강변아란티움(25단지)아파트,경기도 하남시 풍산동 565,full,PARCEL,OK,37.557692543051026,127.19259322130281,EPSG:4326,경기도 하남시 풍산동 565,경기도,하남시,,풍산동,565,single_parcel,1,0,vworld_geocoder_2.0,2026-09-03T00:13:18.582719+00:00,VWORLD TERMS: DO NOT STORE OR REDISTRIBUTE RAW,,,False
A10025968,동탄2신도시 베라체아파트,"경기도 화성동탄구 목동 119,경기도 화성동탄구 목동  동탄2신도시 베라체아파트",목동 119,fallback,PARCEL,OK,37.382455134862454,127.20923163998005,EPSG:4326,경기도 광주시 목동 119-1,경기도,광주시,,목동,119-1,single_parcel,1,0,vworld_geocoder_2.0,2026-09-03T00:13:19.829577+00:00,VWORLD TERMS: DO NOT STORE OR REDISTRIBUTE RAW,sigungu_mismatch,,True
A10025991,하남 힐즈파크 푸르지오 2단지,경기도 하남시 풍산동 626 하남 힐즈파크 푸르지오 2단지,경기도 하남시 풍산동 626,full,PARCEL,OK,37.543659600965945,127.19503015720947,EPSG:4326,경기도 하남시 풍산동 626,경기도,하남시,,풍산동,626,single_parcel,1,0,vworld_geocoder_2.0,2026-09-03T00:13:20.422254+00:00,VWORLD TERMS: DO NOT STORE OR REDISTRIBUTE RAW,,,False
A10026008,동탄역 린스트라우스,경기도 화성동탄구 여울동 1020 동탄역 린스트라우스,경기도 화성동탄구 여울동 1020,full,PARCEL,OK,37.19624736898522,127.0973834767101,EPSG:4326,경기도 화성시 동탄구 여울동 1020,경기도,화성시 동탄구,,여울동,1020,single_parcel,1,0,vworld_geocoder_2.0,2026-09-03T00:13:20.912841+00:00,VWORLD TERMS: DO NOT STORE OR REDISTRIBUTE RAW,sigungu_mismatch,,True
A10026029,동원로얄듀크1차아파트,경기도 화성동탄구 영천동  동원로얄듀크1차아파트,영천동 1,fallback,PARCEL,OK,37.56928459082309,126.95512768643101,EPSG:4326,서울특별시 서대문구 영천동 산 1-39,서울특별시,서대문구,,영천동,1-39,single_parcel,1,0,vworld_geocoder_2.0,2026-09-03T00:13:21.887949+00:00,VWORLD TERMS: DO NOT STORE OR REDISTRIBUTE RAW,sido_mismatch|sigungu_mismatch,,True
A10026040,리버스위트칸타빌아파트,경기도 하남시 선동 441 리버스위트칸타빌아파트,경기도 하남시 선동 441,full,PARCEL,OK,37.574648873437134,127.17973718278472,EPSG:4326,경기도 하남시 선동 441,경기도,하남시,,선동,441,single_parcel,1,0,vworld_geocoder_2.0,2026-09-03T00:13:22.364870+00:00,VWORLD TERMS: DO NOT STORE OR REDISTRIBUTE RAW,,,False
A10026066,호반베르디움 더 레이크5차,경기도 김포시 구래동 6877-2 호반베르디움 더 레이크5차,경기도 김포시 구래동 6877-2,full,PARCEL,OK,37.64942057634129,126.63571984911314,EPSG:4326,경기도 김포시 구래동 6877-2,경기도,김포시,,구래동,6877-2,single_parcel,1,0,vworld_geocoder_2.0,2026-09-03T00:13:22.877263+00:00,VWORLD TERMS: DO NOT STORE OR REDISTRIBUTE RAW,,,False
A10026067,동탄2제일풍경채아파트,"경기도 화성동탄구 장지동 ,경기도 화성동탄구 장지동 19-3 동탄2제일풍경채아파트",장지동 19-3,fallback,PARCEL,OK,37.39768116941725,127.24212087092855,EPSG:4326,경기도 광주시 장지동 19-3,경기도,광주시,,장지동,19-3,single_parcel,1,0,vworld_geocoder_2.0,2026-09-03T00:13:23.847243+00:00,VWORLD TERMS: DO NOT STORE OR REDISTRIBUTE RAW,sigungu_mismatch,,True
A10026087,한신더휴아파트,"경기도 화성동탄구 목동 188-1,경기도 화성동탄구 목동  한신더휴아파트",목동 188-1,fallback,PARCEL,OK,37.388350497235464,127.20424398493934,EPSG:4326,경기도 광주시 목동 188-1,경기도,광주시,,목동,188-1,single_parcel,1,0,vworld_geocoder_2.0,2026-09-03T00:13:25.833684+00:00,VWORLD TERMS: DO NOT STORE OR REDISTRIBUTE RAW,sigungu_mismatch,,True
A10026098,e편한세상한강신도시2차,경기도 김포시 마산동 672-3 e편한세상한강신도시2차,경기도 김포시 마산동 672-3,full,PARCEL,OK,37.63634870660054,126.63905618971017,EPSG:4326,경기도 김포시 마산동 672-3,경기도,김포시,,마산동,672-3,single_parcel,1,0,vworld_geocoder_2.0,2026-09-03T00:13:26.342532+00:00,VWORLD TERMS: DO NOT STORE OR REDISTRIBUTE RAW,,,False
A10026103,금호어울림레이크아파트,경기도 화성동탄구 장지동 966 금호어울림레이크아파트,경기도 화성동탄구 장지동 966,full,PARCEL,OK,37.16275615752339,127.10856557640437,EPSG:4326,경기도 화성시 동탄구 장지동 966,경기도,화성시 동탄구,,장지동,966,single_parcel,1,0,vworld_geocoder_2.0,2026-09-03T00:13:26.896565+00:00,VWORLD TERMS: DO NOT STORE OR REDISTRIBUTE RAW,sigungu_mismatch,,True
A10026105,미사강변14단지,경기도 하남시 망월동 907 미사강변14단지,경기도 하남시 망월동 907,full,PARCEL,OK,37.57137483222178,127.19067534684888,EPSG:4326,경기도 하남시 망월동 907,경기도,하남시,,망월동,907,single_parcel,1,0,vworld_geocoder_2.0,2026-09-03T00:13:27.459238+00:00,VWORLD TERMS: DO NOT STORE OR REDISTRIBUTE RAW,,,False
A10026126,동탄호반베르디움6차아파트,"경기도 화성동탄구 장지동 ,경기도 화성동탄구 장지동 98 동탄호반베르디움6차아파트",경기도 화성동탄구 장지동 98,full,PARCEL,OK,37.145558526267195,127.10434376429248,EPSG:4326,경기도 화성시 동탄구 장지동 산 98,경기도,화성시 동탄구,,장지동,98,single_parcel,1,0,vworld_geocoder_2.0,2026-09-03T00:13:28.065685+00:00,VWORLD TERMS: DO NOT STORE OR REDISTRIBUTE RAW,sigungu_mismatch,,True
A10026127,반도유보라아이비파크 10.0 1단지,경기도 화성동탄구 산척동 744 반도유보라아이비파크 10.0 1단지,경기도 화성동탄구 산척동 744,full,PARCEL,OK,37.16694443371655,127.12958312206788,EPSG:4326,경기도 화성시 동탄구 산척동 744,경기도,화성시 동탄구,,산척동,744,single_parcel,1,0,vworld_geocoder_2.0,2026-09-03T00:13:28.566472+00:00,VWORLD TERMS: DO NOT STORE OR REDISTRIBUTE RAW,sigungu_mismatch,,True
A10026131,e-편한세상 미사 아파트,경기도 하남시 풍산동 568 e-편한세상 미사 아파트,경기도 하남시 풍산동 568,full,PARCEL,OK,37.55491209982345,127.1939030231072,EPSG:4326,경기도 하남시 풍산동 568,경기도,하남시,,풍산동,568,single_parcel,1,0,vworld_geocoder_2.0,2026-09-03T00:13:29.085347+00:00,VWORLD TERMS: DO NOT STORE OR REDISTRIBUTE RAW,,,False
A10026155,김포한강한가람LH2단지,경기도 김포시 구래동 6872-2 김포한강한가람LH2단지,경기도 김포시 구래동 6872-2,full,PARCEL,OK,37.64656743073042,126.62099219069381,EPSG:4326,경기도 김포시 구래동 6872-2,경기도,김포시,,구래동,6872-2,single_parcel,1,0,vworld_geocoder_2.0,2026-09-03T00:13:31.733865+00:00,VWORLD TERMS: DO NOT STORE OR REDISTRIBUTE RAW,,,False
A10026206,동탄2 롯데캐슬,경기도 화성동탄구 장지동 95 동탄2 롯데캐슬,경기도 화성동탄구 장지동 95,full,PARCEL,OK,37.14315285697999,127.10458924388107,EPSG:4326,경기도 화성시 동탄구 장지동 산 95,경기도,화성시 동탄구,,장지동,95,single_parcel,1,0,vworld_geocoder_2.0,2026-09-03T00:13:34.449194+00:00,VWORLD TERMS: DO NOT STORE OR REDISTRIBUTE RAW,sigungu_mismatch,,True
A10026216,한강신도시2차 KCC 스위첸 아파트,경기도 김포시 운양동 1331-1 한강신도시2차 KCC 스위첸 아파트,경기도 김포시 운양동 1331-1,full,PARCEL,OK,37.64386311251096,126.69086362745865,EPSG:4326,경기도 김포시 운양동 1331-1,경기도,김포시,,운양동,1331-1,single_parcel,1,0,vworld_geocoder_2.0,2026-09-03T00:13:35.076598+00:00,VWORLD TERMS: DO NOT STORE OR REDISTRIBUTE RAW,,,False
A10026292,다산유승한내들센트럴아파트,경기도 남양주시 다산동 6090 다산유승한내들센트럴아파트,경기도 남양주시 다산동 6090,full,PARCEL,OK,37.62162983109714,127.153020117114,EPSG:4326,경기도 남양주시 다산동 6090,경기도,남양주시,,다산동,6090,single_parcel,1,0,vworld_geocoder_2.0,2026-09-03T00:13:35.592342+00:00,VWORLD TERMS: DO NOT STORE OR REDISTRIBUTE RAW,,,False
A10026319,동탄레이크자이더테라스,경기도 화성동탄구 송동 696 동탄레이크자이더테라스,경기도 화성동탄구 송동 696,full,PARCEL,OK,37.16983472696582,127.09635323016148,EPSG:4326,경기도 화성시 동탄구 송동 696,경기도,화성시 동탄구,,송동,696,single_parcel,1,0,vworld_geocoder_2.0,2026-09-03T00:13:36.142128+00:00,VWORLD TERMS: DO NOT STORE OR REDISTRIBUTE RAW,sigungu_mismatch,,True
A10026355,동탄2 반도유보라아이비파크4차아파트,경기도 화성동탄구 청계동 536 동탄2 반도유보라아이비파크4차아파트,경기도 화성동탄구 청계동 536,full,PARCEL,OK,37.199167921944536,127.11435239070238,EPSG:4326,경기도 화성시 동탄구 청계동 536,경기도,화성시 동탄구,,청계동,536,single_parcel,1,0,vworld_geocoder_2.0,2026-09-03T00:13:36.637336+00:00,VWORLD TERMS: DO NOT STORE OR REDISTRIBUTE RAW,sigungu_mismatch,,True
A10026380,동탄호수자이파밀리에,"경기도 화성동탄구 장지동 ,경기도 화성동탄구 장지동 4-1 동탄호수자이파밀리에",장지동 4-1,fallback,PARCEL,OK,37.39927971419348,127.24386350350903,EPSG:4326,경기도 광주시 장지동 4-1,경기도,광주시,,장지동,4-1,single_parcel,1,0,vworld_geocoder_2.0,2026-09-03T00:13:37.595647+00:00,VWORLD TERMS: DO NOT STORE OR REDISTRIBUTE RAW,sigungu_mismatch,,True
A10026388,다산반도유보라메이플타운,경기도 남양주시 다산동 6014 다산반도유보라메이플타운,경기도 남양주시 다산동 6014,full,PARCEL,OK,37.62975462562625,127.15407030777342,EPSG:4326,경기도 남양주시 다산동 6014,경기도,남양주시,,다산동,6014,single_parcel,1,0,vworld_geocoder_2.0,2026-09-03T00:13:38.084772+00:00,VWORLD TERMS: DO NOT STORE OR REDISTRIBUTE RAW,,,False
A10026422,e편한세상동탄아파트,경기도 화성동탄구 목동 118-17 e편한세상동탄아파트,목동 118-17,fallback,PARCEL,OK,37.382468334346015,127.20899177907107,EPSG:4326,경기도 광주시 목동 118-17,경기도,광주시,,목동,118-17,single_parcel,1,0,vworld_geocoder_2.0,2026-09-03T00:13:39.071545+00:00,VWORLD TERMS: DO NOT STORE OR REDISTRIBUTE RAW,sigungu_mismatch,,True
A10026448,김포한강아이파크,경기도 김포시 구래동 6874-20 김포한강아이파크,경기도 김포시 구래동 6874-20,full,PARCEL,OK,37.65124682839675,126.63263477896938,EPSG:4326,경기도 김포시 구래동 6874-20,경기도,김포시,,구래동,6874-20,single_parcel,1,0,vworld_geocoder_2.0,2026-09-03T00:13:39.608933+00:00,VWORLD TERMS: DO NOT STORE OR REDISTRIBUTE RAW,,,False
A10026458,한강신도시 반도유보라5차아파트,경기도 김포시 구래동 6873-19 한강신도시 반도유보라5차아파트,경기도 김포시 구래동 6873-19,full,PARCEL,OK,37.64725142364848,126.62668315557187,EPSG:4326,경기도 김포시 구래동 6873-19,경기도,김포시,,구래동,6873-19,single_parcel,1,0,vworld_geocoder_2.0,2026-09-03T00:13:40.106009+00:00,VWORLD TERMS: DO NOT STORE OR REDISTRIBUTE RAW,,,False
A10026464,동탄행복마을푸르지오,경기도 화성동탄구 영천동 718 동탄행복마을푸르지오,경기도 화성동탄구 영천동 718,full,PARCEL,OK,37.21143249309297,127.12038499660333,EPSG:4326,경기도 화성시 동탄구 영천동 718,경기도,화성시 동탄구,,영천동,718,single_parcel,1,0,vworld_geocoder_2.0,2026-09-03T00:13:40.638921+00:00,VWORLD TERMS: DO NOT STORE OR REDISTRIBUTE RAW,sigungu_mismatch,,True
A10026473,동탄2 LH1단지 A6블록아파트,경기도 화성동탄구 영천동  동탄2 LH1단지 A6블록아파트,영천동 2,fallback,PARCEL,OK,37.589768411401664,127.16074132907144,EPSG:4326,경기도 구리시 토평동 2-1,경기도,구리시,,토평동,2-1,single_parcel,1,0,vworld_geocoder_2.0,2026-09-03T00:13:41.721136+00:00,VWORLD TERMS: DO NOT STORE OR REDISTRIBUTE RAW,sigungu_mismatch,,True
A10026501,미사강변 동일하이빌,경기도 하남시 풍산동 470 미사강변 동일하이빌,경기도 하남시 풍산동 470,full,PARCEL,OK,37.55828955835355,127.1839628500262,EPSG:4326,경기도 하남시 풍산동 470,경기도,하남시,,풍산동,470,single_parcel,1,0,vworld_geocoder_2.0,2026-09-03T00:13:42.211280+00:00,VWORLD TERMS: DO NOT STORE OR REDISTRIBUTE RAW,,,False
A10026503,김포 반도유보라6차 아파트,경기도 김포시 운양동 1340-7 김포 반도유보라6차 아파트,경기도 김포시 운양동 1340-7,full,PARCEL,OK,37.65214055630348,126.68398758612915,EPSG:4326,경기도 김포시 운양동 1340-7,경기도,김포시,,운양동,1340-7,single_parcel,1,0,vworld_geocoder_2.0,2026-09-03T00:13:42.697563+00:00,VWORLD TERMS: DO NOT STORE OR REDISTRIBUTE RAW,,,False
A10026529,한강신도시 반도유보라4차아파트,경기도 김포시 구래동 6886-6 한강신도시 반도유보라4차아파트,경기도 김포시 구래동 6886-6,full,PARCEL,OK,37.646285651035086,126.63011553415583,EPSG:4326,경기도 김포시 구래동 6886-6,경기도,김포시,,구래동,6886-6,single_parcel,1,0,vworld_geocoder_2.0,2026-09-03T00:13:44.135783+00:00,VWORLD TERMS: DO NOT STORE OR REDISTRIBUTE RAW,,,False
A10026535,동탄금강펜테리움센트럴파크4,경기도 화성동탄구 목동  동탄금강펜테리움센트럴파크4,목동 4,fallback,PARCEL,OK,37.38620138967917,127.21713086882222,EPSG:4326,경기도 광주시 목동 4,경기도,광주시,,목동,4,single_parcel,1,0,vworld_geocoder_2.0,2026-09-03T00:13:45.112772+00:00,VWORLD TERMS: DO NOT STORE OR REDISTRIBUTE RAW,sigungu_mismatch,,True
A10026555,이랜드타운힐스아파트,경기도 김포시 운양동 1304-1 이랜드타운힐스아파트,경기도 김포시 운양동 1304-1,full,PARCEL,OK,37.65452245449799,126.67671377522353,EPSG:4326,경기도 김포시 운양동 1304-1,경기도,김포시,,운양동,1304-1,single_parcel,1,0,vworld_geocoder_2.0,2026-09-03T00:13:45.601075+00:00,VWORLD TERMS: DO NOT STORE OR REDISTRIBUTE RAW,,,False
A10026562,다산한양수자인리버팰리스,경기도 남양주시 다산동 6024 다산한양수자인리버팰리스,경기도 남양주시 다산동 6024,full,PARCEL,OK,37.62541411166309,127.14600238584117,EPSG:4326,경기도 남양주시 다산동 6024,경기도,남양주시,,다산동,6024,single_parcel,1,0,vworld_geocoder_2.0,2026-09-03T00:13:46.053013+00:00,VWORLD TERMS: DO NOT STORE OR REDISTRIBUTE RAW,,,False
A10026584,호반베르디움22단지,경기도 화성동탄구 목동  호반베르디움22단지,목동 22,fallback,PARCEL,OK,37.386763975384326,127.21465003394201,EPSG:4326,경기도 광주시 목동 22,경기도,광주시,,목동,22,single_parcel,1,0,vworld_geocoder_2.0,2026-09-03T00:13:48.112435+00:00,VWORLD TERMS: DO NOT STORE OR REDISTRIBUTE RAW,sigungu_mismatch,,True
A10026587,레이크반도유보라아이비파크9.0,경기도 화성동탄구 장지동 1009 레이크반도유보라아이비파크9.0,경기도 화성동탄구 장지동 1009,full,PARCEL,OK,37.16243701111719,127.11725225063822,EPSG:4326,경기도 화성시 동탄구 장지동 1009,경기도,화성시 동탄구,,장지동,1009,single_parcel,1,0,vworld_geocoder_2.0,2026-09-03T00:13:48.604995+00:00,VWORLD TERMS: DO NOT STORE OR REDISTRIBUTE RAW,sigungu_mismatch,,True
A10026608,한강신도시리버에일린의 뜰,경기도 김포시 운양동 1305-1 한강신도시리버에일린의 뜰,경기도 김포시 운양동 1305-1,full,PARCEL,OK,37.653682052063544,126.67268552414315,EPSG:4326,경기도 김포시 운양동 1305-1,경기도,김포시,,운양동,1305-1,single_parcel,1,0,vworld_geocoder_2.0,2026-09-03T00:13:50.962407+00:00,VWORLD TERMS: DO NOT STORE OR REDISTRIBUTE RAW,,,False
A10026619,미사 레스티아 아파트,경기도 하남시 망월동 1177 미사 레스티아 아파트,경기도 하남시 망월동 1177,full,PARCEL,OK,37.557735448569744,127.19795831793206,EPSG:4326,경기도 하남시 망월동 1177,경기도,하남시,,망월동,1177,single_parcel,1,0,vworld_geocoder_2.0,2026-09-03T00:13:51.425342+00:00,VWORLD TERMS: DO NOT STORE OR REDISTRIBUTE RAW,,,False
A10026654,김포한강신도시 모아엘가 2차아파트,경기도 김포시 구래동 6888-6 김포한강신도시 모아엘가 2차아파트,경기도 김포시 구래동 6888-6,full,PARCEL,OK,37.63860187609394,126.62984872417888,EPSG:4326,경기도 김포시 구래동 6888-6,경기도,김포시,,구래동,6888-6,single_parcel,1,0,vworld_geocoder_2.0,2026-09-03T00:13:53.052821+00:00,VWORLD TERMS: DO NOT STORE OR REDISTRIBUTE RAW,,,False
A10026682,위례포레샤인아파트,서울특별시 송파구 장지동 905 위례포레샤인아파트,서울특별시 송파구 장지동 905,full,PARCEL,OK,37.47651631318344,127.13528189064863,EPSG:4326,서울특별시 송파구 장지동 905,서울특별시,송파구,,장지동,905,single_parcel,1,0,vworld_geocoder_2.0,2026-09-03T00:13:53.571801+00:00,VWORLD TERMS: DO NOT STORE OR REDISTRIBUTE RAW,,,False
A10026689,동탄2 르파비스,경기도 화성동탄구 목동  동탄2 르파비스,목동 2,fallback,PARCEL,OK,37.387186849315235,127.21739684147937,EPSG:4326,경기도 광주시 목동 2,경기도,광주시,,목동,2,single_parcel,1,0,vworld_geocoder_2.0,2026-09-03T00:13:54.539404+00:00,VWORLD TERMS: DO NOT STORE OR REDISTRIBUTE RAW,sigungu_mismatch,,True
A10026707,미사강변더샵센트럴포레아파트,경기도 하남시 풍산동 486 미사강변더샵센트럴포레아파트,경기도 하남시 풍산동 486,full,PARCEL,OK,37.55470548140808,127.18483596174342,EPSG:4326,경기도 하남시 풍산동 486,경기도,하남시,,풍산동,486,single_parcel,1,0,vworld_geocoder_2.0,2026-09-03T00:13:55.288766+00:00,VWORLD TERMS: DO NOT STORE OR REDISTRIBUTE RAW,,,False
A10026740,동탄역 센트럴예미지 아파트,경기도 화성동탄구 영천동 670 동탄역 센트럴예미지 아파트,경기도 화성동탄구 영천동 670,full,PARCEL,OK,37.20666492743895,127.10510194235036,EPSG:4326,경기도 화성시 동탄구 영천동 670,경기도,화성시 동탄구,,영천동,670,single_parcel,1,0,vworld_geocoder_2.0,2026-09-03T00:13:55.797611+00:00,VWORLD TERMS: DO NOT STORE OR REDISTRIBUTE RAW,sigungu_mismatch,,True
A10026763,김포한강신도시 레이크에일린의 뜰,경기도 김포시 마산동 616-3 김포한강신도시 레이크에일린의 뜰,경기도 김포시 마산동 616-3,full,PARCEL,OK,37.6434921126659,126.63839405495679,EPSG:4326,경기도 김포시 마산동 616-3,경기도,김포시,,마산동,616-3,single_parcel,1,0,vworld_geocoder_2.0,2026-09-03T00:13:57.133855+00:00,VWORLD TERMS: DO NOT STORE OR REDISTRIBUTE RAW,,,False
A10026773,한강센트럴블루힐,경기도 김포시 마산동 637-3 한강센트럴블루힐,경기도 김포시 마산동 637-3,full,PARCEL,OK,37.635927225451425,126.630666828795,EPSG:4326,경기도 김포시 마산동 637-3,경기도,김포시,,마산동,637-3,single_parcel,1,0,vworld_geocoder_2.0,2026-09-03T00:13:57.772942+00:00,VWORLD TERMS: DO NOT STORE OR REDISTRIBUTE RAW,,,False
A10026774,동탄역 반도유보라아이비파크6차,경기도 화성동탄구 여울동 972 동탄역 반도유보라아이비파크6차,경기도 화성동탄구 여울동 972,full,PARCEL,OK,37.204081590099044,127.09110807160468,EPSG:4326,경기도 화성시 동탄구 여울동 972,경기도,화성시 동탄구,,여울동,972,single_parcel,1,0,vworld_geocoder_2.0,2026-09-03T00:13:58.430405+00:00,VWORLD TERMS: DO NOT STORE OR REDISTRIBUTE RAW,sigungu_mismatch,,True
A10026777,LH위례31단지,경기도 성남수정구 창곡동 500 LH위례31단지,창곡동 500,fallback,PARCEL,OK,37.47288933968176,127.13474782846384,EPSG:4326,경기도 성남시 수정구 창곡동 500,경기도,성남시 수정구,,창곡동,500,single_parcel,1,0,vworld_geocoder_2.0,2026-09-03T00:13:59.490386+00:00,VWORLD TERMS: DO NOT STORE OR REDISTRIBUTE RAW,sigungu_mismatch,,True
A10026784,미사강변해링턴플레이스아파트,경기도 하남시 망월동 1170 미사강변해링턴플레이스아파트,경기도 하남시 망월동 1170,full,PARCEL,OK,37.561466734544645,127.19854384867452,EPSG:4326,경기도 하남시 망월동 1170,경기도,하남시,,망월동,1170,single_parcel,1,0,vworld_geocoder_2.0,2026-09-03T00:14:00.055403+00:00,VWORLD TERMS: DO NOT STORE OR REDISTRIBUTE RAW,,,False
A10026805,동탄역 반도유보라아이비파크5차,경기도 화성동탄구 여울동 988 동탄역 반도유보라아이비파크5차,경기도 화성동탄구 여울동 988,full,PARCEL,OK,37.19516233179718,127.09109186880958,EPSG:4326,경기도 화성시 동탄구 여울동 988,경기도,화성시 동탄구,,여울동,988,single_parcel,1,0,vworld_geocoder_2.0,2026-09-03T00:14:01.645854+00:00,VWORLD TERMS: DO NOT STORE OR REDISTRIBUTE RAW,sigungu_mismatch,,True
A10026825,김포e편한세상캐널시티주상복합,경기도 김포시 장기동 2031 김포e편한세상캐널시티주상복합,경기도 김포시 장기동 2031,full,PARCEL,OK,37.640593580354476,126.67746352611024,EPSG:4326,경기도 김포시 장기동 2031,경기도,김포시,,장기동,2031,single_parcel,1,0,vworld_geocoder_2.0,2026-09-03T00:14:02.158094+00:00,VWORLD TERMS: DO NOT STORE OR REDISTRIBUTE RAW,,,False
A10026888,동탄역센트럴상록아파트,경기도 화성동탄구 영천동 662 동탄역센트럴상록아파트,경기도 화성동탄구 영천동 662,full,PARCEL,OK,37.20824441660175,127.10105736361524,EPSG:4326,경기도 화성시 동탄구 영천동 662,경기도,화성시 동탄구,,영천동,662,single_parcel,1,0,vworld_geocoder_2.0,2026-09-03T00:14:02.748344+00:00,VWORLD TERMS: DO NOT STORE OR REDISTRIBUTE RAW,sigungu_mismatch,,True
A10026944,위례센트럴자이,경기도 성남수정구 창곡동 504 위례센트럴자이,창곡동 504,fallback,PARCEL,OK,37.47324537809553,127.13909007428974,EPSG:4326,경기도 성남시 수정구 창곡동 504,경기도,성남시 수정구,,창곡동,504,single_parcel,1,0,vworld_geocoder_2.0,2026-09-03T00:14:04.079881+00:00,VWORLD TERMS: DO NOT STORE OR REDISTRIBUTE RAW,sigungu_mismatch,,True
A10026957,동탄역푸르지오,경기도 화성동탄구 영천동 321-1 동탄역푸르지오,영천동 321-1,fallback,PARCEL,OK,37.570373673147884,126.96163839398587,EPSG:4326,서울특별시 서대문구 영천동 321-1,서울특별시,서대문구,,영천동,321-1,single_parcel,1,0,vworld_geocoder_2.0,2026-09-03T00:14:05.185728+00:00,VWORLD TERMS: DO NOT STORE OR REDISTRIBUTE RAW,sido_mismatch|sigungu_mismatch,,True
A10026985,동탄 호반써밋포레,경기도 화성동탄구 목동 494 동탄 호반써밋포레,경기도 화성동탄구 목동 494,full,PARCEL,OK,37.180785992371284,127.11738658548103,EPSG:4326,경기도 화성시 동탄구 목동 494,경기도,화성시 동탄구,,목동,494,single_parcel,1,0,vworld_geocoder_2.0,2026-09-03T00:14:05.735282+00:00,VWORLD TERMS: DO NOT STORE OR REDISTRIBUTE RAW,sigungu_mismatch,,True
A10026990,한강센트럴자이2차,경기도 김포시 장기동 867 한강센트럴자이2차,경기도 김포시 장기동 867,full,PARCEL,OK,37.63393286770764,126.67281536972362,EPSG:4326,경기도 김포시 장기동 867-14,경기도,김포시,,장기동,867-14,single_parcel,1,0,vworld_geocoder_2.0,2026-09-03T00:14:06.286339+00:00,VWORLD TERMS: DO NOT STORE OR REDISTRIBUTE RAW,,,False
A10027014,한강신도시3차푸르지오,경기도 김포시 구래동 6895-2 한강신도시3차푸르지오,경기도 김포시 구래동 6895-2,full,PARCEL,OK,37.64119180527699,126.62298249705883,EPSG:4326,경기도 김포시 구래동 6895-2,경기도,김포시,,구래동,6895-2,single_parcel,1,0,vworld_geocoder_2.0,2026-09-03T00:14:06.822640+00:00,VWORLD TERMS: DO NOT STORE OR REDISTRIBUTE RAW,,,False
A10027017,하늘빛마을 한신더휴테라스 8블럭,경기도 김포시 운양동 1339-1 하늘빛마을 한신더휴테라스 8블럭,경기도 김포시 운양동 1339-1,full,PARCEL,OK,37.65410067571857,126.68688674484821,EPSG:4326,경기도 김포시 운양동 1339-1,경기도,김포시,,운양동,1339-1,single_parcel,1,0,vworld_geocoder_2.0,2026-09-03T00:14:07.435312+00:00,VWORLD TERMS: DO NOT STORE OR REDISTRIBUTE RAW,,,False
A10027030,한신더휴테라스12BL아파트,경기도 김포시 운양동 1288-1 한신더휴테라스12BL아파트,경기도 김포시 운양동 1288-1,full,PARCEL,OK,37.650688563280305,126.69516858785462,EPSG:4326,경기도 김포시 운양동 1288-1,경기도,김포시,,운양동,1288-1,single_parcel,1,0,vworld_geocoder_2.0,2026-09-03T00:14:07.996771+00:00,VWORLD TERMS: DO NOT STORE OR REDISTRIBUTE RAW,,,False
A10027062,한강신도시 반도유보라3차,경기도 김포시 마산동 640-5 한강신도시 반도유보라3차,경기도 김포시 마산동 640-5,full,PARCEL,OK,37.638481338220416,126.64264653082182,EPSG:4326,경기도 김포시 마산동 640-5,경기도,김포시,,마산동,640-5,single_parcel,1,0,vworld_geocoder_2.0,2026-09-03T00:14:08.519697+00:00,VWORLD TERMS: DO NOT STORE OR REDISTRIBUTE RAW,,,False
A10027070,신안인스빌아스트로,경기도 하남시 학암동 663 신안인스빌아스트로,경기도 하남시 학암동 663,full,PARCEL,OK,37.47501577289077,127.14520910156995,EPSG:4326,경기도 하남시 학암동 663,경기도,하남시,,학암동,663,single_parcel,1,0,vworld_geocoder_2.0,2026-09-03T00:14:09.062332+00:00,VWORLD TERMS: DO NOT STORE OR REDISTRIBUTE RAW,,,False
A10027079,하늘빛마을 한신더휴테라스 11블럭,경기도 김포시 운양동 1337-1 하늘빛마을 한신더휴테라스 11블럭,경기도 김포시 운양동 1337-1,full,PARCEL,OK,37.65138503184512,126.69295763515237,EPSG:4326,경기도 김포시 운양동 1337-1,경기도,김포시,,운양동,1337-1,single_parcel,1,0,vworld_geocoder_2.0,2026-09-03T00:14:09.581987+00:00,VWORLD TERMS: DO NOT STORE OR REDISTRIBUTE RAW,,,False
A10027093,한신더휴테라스 9블럭,경기도 김포시 운양동 1293-4 한신더휴테라스 9블럭,경기도 김포시 운양동 1293-4,full,PARCEL,OK,37.65292444522258,126.69148107101063,EPSG:4326,경기도 김포시 운양동 1293-4,경기도,김포시,,운양동,1293-4,single_parcel,1,0,vworld_geocoder_2.0,2026-09-03T00:14:10.095679+00:00,VWORLD TERMS: DO NOT STORE OR REDISTRIBUTE RAW,,,False
A10027116,미사강변센트럴자이,경기도 하남시 풍산동 480 미사강변센트럴자이,경기도 하남시 풍산동 480,full,PARCEL,OK,37.55779900381539,127.1860762149859,EPSG:4326,경기도 하남시 풍산동 480,경기도,하남시,,풍산동,480,single_parcel,1,0,vworld_geocoder_2.0,2026-09-03T00:14:12.190402+00:00,VWORLD TERMS: DO NOT STORE OR REDISTRIBUTE RAW,,,False
A10027117,동탄역더힐아파트,경기도 화성동탄구 청계동 556 동탄역더힐아파트,경기도 화성동탄구 청계동 556,full,PARCEL,OK,37.19840520632029,127.120159063524,EPSG:4326,경기도 화성시 동탄구 청계동 556,경기도,화성시 동탄구,,청계동,556,single_parcel,1,0,vworld_geocoder_2.0,2026-09-03T00:14:12.759368+00:00,VWORLD TERMS: DO NOT STORE OR REDISTRIBUTE RAW,sigungu_mismatch,,True
A10027122,동탄역 포레너스 입주자대표회의,경기도 화성동탄구 영천동 720 동탄역 포레너스 입주자대표회의,경기도 화성동탄구 영천동 720,full,PARCEL,OK,37.206426535668825,127.11628673681071,EPSG:4326,경기도 화성시 동탄구 영천동 720,경기도,화성시 동탄구,,영천동,720,single_parcel,1,0,vworld_geocoder_2.0,2026-09-03T00:14:13.247214+00:00,VWORLD TERMS: DO NOT STORE OR REDISTRIBUTE RAW,sigungu_mismatch,,True
A10027133,동탄2 LH C26단지 행복주택,경기도 화성동탄구 여울동 1017 동탄2 LH C26단지 행복주택,경기도 화성동탄구 여울동 1017,full,PARCEL,OK,37.186101976513825,127.09147330698292,EPSG:4326,경기도 화성시 동탄구 여울동 1017,경기도,화성시 동탄구,,여울동,1017,single_parcel,1,0,vworld_geocoder_2.0,2026-09-03T00:14:13.796267+00:00,VWORLD TERMS: DO NOT STORE OR REDISTRIBUTE RAW,sigungu_mismatch,,True
A10027180,미사강변스타힐스,경기도 하남시 망월동 956 미사강변스타힐스,경기도 하남시 망월동 956,full,PARCEL,OK,37.57116533230729,127.18486804813926,EPSG:4326,경기도 하남시 망월동 956,경기도,하남시,,망월동,956,single_parcel,1,0,vworld_geocoder_2.0,2026-09-03T00:14:14.275698+00:00,VWORLD TERMS: DO NOT STORE OR REDISTRIBUTE RAW,,,False
A10027257,동탄역에일린의 뜰,경기도 화성동탄구 여울동 998 동탄역에일린의 뜰,경기도 화성동탄구 여울동 998,full,PARCEL,OK,37.18923512249713,127.08701969604371,EPSG:4326,경기도 화성시 동탄구 여울동 998,경기도,화성시 동탄구,,여울동,998,single_parcel,1,0,vworld_geocoder_2.0,2026-09-03T00:14:15.798358+00:00,VWORLD TERMS: DO NOT STORE OR REDISTRIBUTE RAW,sigungu_mismatch,,True
A10027277,위례호반써밋에비뉴,경기도 성남수정구 창곡동 515 위례호반써밋에비뉴,창곡동 515,fallback,PARCEL,OK,37.47267618111388,127.15238745722947,EPSG:4326,경기도 성남시 수정구 창곡동 515,경기도,성남시 수정구,,창곡동,515,single_parcel,1,0,vworld_geocoder_2.0,2026-09-03T00:14:16.905035+00:00,VWORLD TERMS: DO NOT STORE OR REDISTRIBUTE RAW,sigungu_mismatch,,True
A10027281,동탄2신도시 하우스디 더 레이크,경기도 화성동탄구 송동 693 동탄2신도시 하우스디 더 레이크,경기도 화성동탄구 송동 693,full,PARCEL,OK,37.17441164317374,127.10403721344335,EPSG:4326,경기도 화성시 동탄구 송동 693,경기도,화성시 동탄구,,송동,693,single_parcel,1,0,vworld_geocoder_2.0,2026-09-03T00:14:17.429480+00:00,VWORLD TERMS: DO NOT STORE OR REDISTRIBUTE RAW,sigungu_mismatch,,True
A10027291,동탄2 LH26단지(65BL)아파트,경기도 화성동탄구 송동 692 동탄2 LH26단지(65BL)아파트,경기도 화성동탄구 송동 692,full,PARCEL,OK,37.17646046936808,127.10347703814244,EPSG:4326,경기도 화성시 동탄구 송동 692,경기도,화성시 동탄구,,송동,692,single_parcel,1,0,vworld_geocoder_2.0,2026-09-03T00:14:17.929218+00:00,VWORLD TERMS: DO NOT STORE OR REDISTRIBUTE RAW,sigungu_mismatch,,True
A10027308,미사강변도시26단지아파트,경기도 하남시 풍산동 567 미사강변도시26단지아파트,경기도 하남시 풍산동 567,full,PARCEL,OK,37.55626056626198,127.19342151108422,EPSG:4326,경기도 하남시 풍산동 567,경기도,하남시,,풍산동,567,single_parcel,1,0,vworld_geocoder_2.0,2026-09-03T00:14:18.433948+00:00,VWORLD TERMS: DO NOT STORE OR REDISTRIBUTE RAW,,,False
A10027334,신안인스빌리베라2차아파트,경기도 화성동탄구 청계동 547 신안인스빌리베라2차아파트,경기도 화성동탄구 청계동 547,full,PARCEL,OK,37.20084061733635,127.11658085484012,EPSG:4326,경기도 화성시 동탄구 청계동 547,경기도,화성시 동탄구,,청계동,547,single_parcel,1,0,vworld_geocoder_2.0,2026-09-03T00:14:19.190800+00:00,VWORLD TERMS: DO NOT STORE OR REDISTRIBUTE RAW,sigungu_mismatch,,True
A10027335,위례자이아파트,경기도 성남수정구 창곡동 531 위례자이아파트,창곡동 531,fallback,PARCEL,OK,37.47031132854037,127.13890748938505,EPSG:4326,경기도 성남시 수정구 창곡동 531,경기도,성남시 수정구,,창곡동,531,single_parcel,1,0,vworld_geocoder_2.0,2026-09-03T00:14:20.413481+00:00,VWORLD TERMS: DO NOT STORE OR REDISTRIBUTE RAW,sigungu_mismatch,,True
A10027344,미사강변센트리버,경기도 하남시 선동 436 미사강변센트리버,경기도 하남시 선동 436,full,PARCEL,OK,37.5738035228086,127.18325510254638,EPSG:4326,경기도 하남시 선동 436,경기도,하남시,,선동,436,single_parcel,1,0,vworld_geocoder_2.0,2026-09-03T00:14:20.993201+00:00,VWORLD TERMS: DO NOT STORE OR REDISTRIBUTE RAW,,,False
A10027359,미사강변2차푸르지오,경기도 하남시 선동 433 미사강변2차푸르지오,경기도 하남시 선동 433,full,PARCEL,OK,37.57563768308795,127.18305778585065,EPSG:4326,경기도 하남시 선동 433,경기도,하남시,,선동,433,single_parcel,1,0,vworld_geocoder_2.0,2026-09-03T00:14:21.465310+00:00,VWORLD TERMS: DO NOT STORE OR REDISTRIBUTE RAW,,,False
A10027368,하남 더샵 센트럴뷰,경기도 하남시 덕풍동 946 하남 더샵 센트럴뷰,경기도 하남시 덕풍동 946,full,PARCEL,OK,37.54443567983016,127.20369220462007,EPSG:4326,경기도 하남시 덕풍동 946,경기도,하남시,,덕풍동,946,single_parcel,1,0,vworld_geocoder_2.0,2026-09-03T00:14:22.082721+00:00,VWORLD TERMS: DO NOT STORE OR REDISTRIBUTE RAW,,,False
A10027369,위례 래미안이편한세상,"경기도 성남수정구 창곡동 567-,경기도 성남수정구 창곡동  위례 래미안이편한세상",창곡동 567,fallback,PARCEL,OK,37.4669480531235,127.14656983605371,EPSG:4326,경기도 성남시 수정구 창곡동 567,경기도,성남시 수정구,,창곡동,567,single_parcel,1,0,vworld_geocoder_2.0,2026-09-03T00:14:23.545664+00:00,VWORLD TERMS: DO NOT STORE OR REDISTRIBUTE RAW,sigungu_mismatch,,True
A10027386,동탄2 경남아너스빌아파트,경기도 화성동탄구 영천동 677 동탄2 경남아너스빌아파트,경기도 화성동탄구 영천동 677,full,PARCEL,OK,37.20500631524028,127.11089009166675,EPSG:4326,경기도 화성시 동탄구 영천동 677,경기도,화성시 동탄구,,영천동,677,single_parcel,1,0,vworld_geocoder_2.0,2026-09-03T00:14:24.090792+00:00,VWORLD TERMS: DO NOT STORE OR REDISTRIBUTE RAW,sigungu_mismatch,,True
A10027461,힐스테이트 송파위례아파트,서울특별시 송파구 장지동 170 힐스테이트 송파위례아파트,장지동 170,fallback,PARCEL,OK,37.391668068779275,127.24378085463292,EPSG:4326,경기도 광주시 장지동 170,경기도,광주시,,장지동,170,single_parcel,1,0,vworld_geocoder_2.0,2026-09-03T00:14:25.092754+00:00,VWORLD TERMS: DO NOT STORE OR REDISTRIBUTE RAW,sido_mismatch|sigungu_mismatch,,True
A10027476,하남미사강변도시17단지,경기도 하남시 망월동 1044 하남미사강변도시17단지,경기도 하남시 망월동 1044,full,PARCEL,OK,37.56499350626359,127.18127872996065,EPSG:4326,경기도 하남시 망월동 1044,경기도,하남시,,망월동,1044,single_parcel,1,0,vworld_geocoder_2.0,2026-09-03T00:14:26.644150+00:00,VWORLD TERMS: DO NOT STORE OR REDISTRIBUTE RAW,,,False
A10027505,LH호수마을 5단지아파트,경기도 김포시 구래동 6875-9 LH호수마을 5단지아파트,경기도 김포시 구래동 6875-9,full,PARCEL,OK,37.64829454774845,126.63263556572402,EPSG:4326,경기도 김포시 구래동 6875-9,경기도,김포시,,구래동,6875-9,single_parcel,1,0,vworld_geocoder_2.0,2026-09-03T00:14:27.213202+00:00,VWORLD TERMS: DO NOT STORE OR REDISTRIBUTE RAW,,,False
A10027509,위례 LH 35단지,경기도 성남수정구 창곡동 510 위례 LH 35단지,창곡동 510,fallback,PARCEL,OK,37.472880689410154,127.14507915300553,EPSG:4326,경기도 성남시 수정구 창곡동 510,경기도,성남시 수정구,,창곡동,510,single_parcel,1,0,vworld_geocoder_2.0,2026-09-03T00:14:28.220544+00:00,VWORLD TERMS: DO NOT STORE OR REDISTRIBUTE RAW,sigungu_mismatch,,True
A10027514,미사강변푸르지오,경기도 하남시 망월동 1060 미사강변푸르지오,경기도 하남시 망월동 1060,full,PARCEL,OK,37.56466765695855,127.1841570553683,EPSG:4326,경기도 하남시 망월동 1060,경기도,하남시,,망월동,1060,single_parcel,1,0,vworld_geocoder_2.0,2026-09-03T00:14:28.738900+00:00,VWORLD TERMS: DO NOT STORE OR REDISTRIBUTE RAW,,,False
A10027537,미사강변 하우스디 더레이크,경기도 하남시 망월동 1062 미사강변 하우스디 더레이크,경기도 하남시 망월동 1062,full,PARCEL,OK,37.56208121729164,127.18526598068428,EPSG:4326,경기도 하남시 망월동 1062,경기도,하남시,,망월동,1062,single_parcel,1,0,vworld_geocoder_2.0,2026-09-03T00:14:29.204968+00:00,VWORLD TERMS: DO NOT STORE OR REDISTRIBUTE RAW,,,False
A10027546,위례 센트로엘 아파트,경기도 하남시 학암동 662 위례 센트로엘 아파트,경기도 하남시 학암동 662,full,PARCEL,OK,37.476488647996,127.14555030610595,EPSG:4326,경기도 하남시 학암동 662,경기도,하남시,,학암동,662,single_parcel,1,0,vworld_geocoder_2.0,2026-09-03T00:14:29.751849+00:00,VWORLD TERMS: DO NOT STORE OR REDISTRIBUTE RAW,,,False
A10027552,미사강변 동원로얄듀크아파트,경기도 하남시 풍산동 477 미사강변 동원로얄듀크아파트,경기도 하남시 풍산동 477,full,PARCEL,OK,37.55449712130013,127.18277156890869,EPSG:4326,경기도 하남시 풍산동 477,경기도,하남시,,풍산동,477,single_parcel,1,0,vworld_geocoder_2.0,2026-09-03T00:14:30.220027+00:00,VWORLD TERMS: DO NOT STORE OR REDISTRIBUTE RAW,,,False
A10027553,위례2차아이파크아파트,서울특별시 송파구 장지동 884 위례2차아이파크아파트,서울특별시 송파구 장지동 884,full,PARCEL,OK,37.47956647712746,127.14371452755849,EPSG:4326,서울특별시 송파구 장지동 884,서울특별시,송파구,,장지동,884,single_parcel,1,0,vworld_geocoder_2.0,2026-09-03T00:14:30.744694+00:00,VWORLD TERMS: DO NOT STORE OR REDISTRIBUTE RAW,,,False
A10027595,위례센트럴푸르지오,경기도 성남수정구 창곡동 519 위례센트럴푸르지오,창곡동 519,fallback,PARCEL,OK,37.47086951507727,127.1527047169939,EPSG:4326,경기도 성남시 수정구 창곡동 519,경기도,성남시 수정구,,창곡동,519,single_parcel,1,0,vworld_geocoder_2.0,2026-09-03T00:14:31.798007+00:00,VWORLD TERMS: DO NOT STORE OR REDISTRIBUTE RAW,sigungu_mismatch,,True
A10027606,동탄역반도유보라아이비파크2.0 아파트,경기도 화성동탄구 영천동 716 동탄역반도유보라아이비파크2.0 아파트,경기도 화성동탄구 영천동 716,full,PARCEL,OK,37.20935611097153,127.11710623523211,EPSG:4326,경기도 화성시 동탄구 영천동 716,경기도,화성시 동탄구,,영천동,716,single_parcel,1,0,vworld_geocoder_2.0,2026-09-03T00:14:32.329533+00:00,VWORLD TERMS: DO NOT STORE OR REDISTRIBUTE RAW,sigungu_mismatch,,True
A10027631,한강신도시 운양역 푸르지오,경기도 김포시 운양동 1306-2 한강신도시 운양역 푸르지오,경기도 김포시 운양동 1306-2,full,PARCEL,OK,37.65238583852942,126.68130134391468,EPSG:4326,경기도 김포시 운양동 1306-2,경기도,김포시,,운양동,1306-2,single_parcel,1,0,vworld_geocoder_2.0,2026-09-03T00:14:32.872074+00:00,VWORLD TERMS: DO NOT STORE OR REDISTRIBUTE RAW,,,False
A10027632,송파 와이즈더샵,서울특별시 송파구 장지동 895 송파 와이즈더샵,서울특별시 송파구 장지동 895,full,PARCEL,OK,37.47638909310709,127.14345176792108,EPSG:4326,서울특별시 송파구 장지동 895,서울특별시,송파구,,장지동,895,single_parcel,1,0,vworld_geocoder_2.0,2026-09-03T00:14:33.404269+00:00,VWORLD TERMS: DO NOT STORE OR REDISTRIBUTE RAW,,,False
A10027646,동탄역 신안인스빌리베라,경기도 화성동탄구 청계동 545 동탄역 신안인스빌리베라,경기도 화성동탄구 청계동 545,full,PARCEL,OK,37.19392318393105,127.11791732220036,EPSG:4326,경기도 화성시 동탄구 청계동 545,경기도,화성시 동탄구,,청계동,545,single_parcel,1,0,vworld_geocoder_2.0,2026-09-03T00:14:33.966073+00:00,VWORLD TERMS: DO NOT STORE OR REDISTRIBUTE RAW,sigungu_mismatch,,True
A10027686,위례롯데캐슬아파트,경기도 하남시 학암동 672 위례롯데캐슬아파트,경기도 하남시 학암동 672,full,PARCEL,OK,37.47532702141247,127.15238506912712,EPSG:4326,경기도 하남시 학암동 672,경기도,하남시,,학암동,672,single_parcel,1,0,vworld_geocoder_2.0,2026-09-03T00:14:34.504625+00:00,VWORLD TERMS: DO NOT STORE OR REDISTRIBUTE RAW,,,False
A10027691,미사강변13단지,경기도 하남시 망월동 949 미사강변13단지,경기도 하남시 망월동 949,full,PARCEL,OK,37.568710276855114,127.18867593032994,EPSG:4326,경기도 하남시 망월동 949,경기도,하남시,,망월동,949,single_parcel,1,0,vworld_geocoder_2.0,2026-09-03T00:14:35.097928+00:00,VWORLD TERMS: DO NOT STORE OR REDISTRIBUTE RAW,,,False
A10027692,위례더힐55,"경기도 성남수정구 창곡동 521,경기도 성남수정구 창곡동 2-10 위례더힐55",창곡동 521,fallback,PARCEL,OK,37.47002528856963,127.1549600876763,EPSG:4326,경기도 성남시 수정구 창곡동 521,경기도,성남시 수정구,,창곡동,521,single_parcel,1,0,vworld_geocoder_2.0,2026-09-03T00:14:36.221378+00:00,VWORLD TERMS: DO NOT STORE OR REDISTRIBUTE RAW,sigungu_mismatch,,True
A10027709,래미안위례아파트,경기도 성남수정구 창곡동 528 래미안위례아파트,창곡동 528,fallback,PARCEL,OK,37.470075880405936,127.14447349952607,EPSG:4326,경기도 성남시 수정구 창곡동 528,경기도,성남시 수정구,,창곡동,528,single_parcel,1,0,vworld_geocoder_2.0,2026-09-03T00:14:37.188373+00:00,VWORLD TERMS: DO NOT STORE OR REDISTRIBUTE RAW,sigungu_mismatch,,True
A10027715,위례 그린파크푸르지오,경기도 하남시 학암동 673 위례 그린파크푸르지오,경기도 하남시 학암동 673,full,PARCEL,OK,37.47364195071687,127.15549913575379,EPSG:4326,경기도 하남시 학암동 673,경기도,하남시,,학암동,673,single_parcel,1,0,vworld_geocoder_2.0,2026-09-03T00:14:37.701617+00:00,VWORLD TERMS: DO NOT STORE OR REDISTRIBUTE RAW,,,False
A10027720,힐스테이트위례,"경기도 성남수정구 창곡동 572,경기도 성남수정구 창곡동  힐스테이트위례",창곡동 572,fallback,PARCEL,OK,37.465410219375315,127.14452459958156,EPSG:4326,경기도 성남시 수정구 창곡동 572,경기도,성남시 수정구,,창곡동,572,single_parcel,1,0,vworld_geocoder_2.0,2026-09-03T00:14:38.657444+00:00,VWORLD TERMS: DO NOT STORE OR REDISTRIBUTE RAW,sigungu_mismatch,,True
A10027729,동탄역시범더샵센트럴시티아파트,경기도 화성동탄구 청계동 519 동탄역시범더샵센트럴시티아파트,경기도 화성동탄구 청계동 519,full,PARCEL,OK,37.19902771925314,127.10032754709496,EPSG:4326,경기도 화성시 동탄구 청계동 519,경기도,화성시 동탄구,,청계동,519,single_parcel,1,0,vworld_geocoder_2.0,2026-09-03T00:14:39.150430+00:00,VWORLD TERMS: DO NOT STORE OR REDISTRIBUTE RAW,sigungu_mismatch,,True
A10027732,동탄역대원칸타빌 포레지움,경기도 화성동탄구 청계동 558 동탄역대원칸타빌 포레지움,경기도 화성동탄구 청계동 558,full,PARCEL,OK,37.195634187865885,127.12091521097292,EPSG:4326,경기도 화성시 동탄구 청계동 558,경기도,화성시 동탄구,,청계동,558,single_parcel,1,0,vworld_geocoder_2.0,2026-09-03T00:14:39.647215+00:00,VWORLD TERMS: DO NOT STORE OR REDISTRIBUTE RAW,sigungu_mismatch,,True
A10027744,위례아이파크아파트,서울특별시 송파구 장지동 894 위례아이파크아파트,서울특별시 송파구 장지동 894,full,PARCEL,OK,37.47617773529619,127.1419667454789,EPSG:4326,서울특별시 송파구 장지동 894,서울특별시,송파구,,장지동,894,single_parcel,1,0,vworld_geocoder_2.0,2026-09-03T00:14:40.124067+00:00,VWORLD TERMS: DO NOT STORE OR REDISTRIBUTE RAW,,,False
A10027806,동탄2 LH 4단지,경기도 화성동탄구 영천동 722 동탄2 LH 4단지,경기도 화성동탄구 영천동 722,full,PARCEL,OK,37.20613378014012,127.12204154687004,EPSG:4326,경기도 화성시 동탄구 영천동 722,경기도,화성시 동탄구,,영천동,722,single_parcel,1,0,vworld_geocoder_2.0,2026-09-03T00:14:42.525054+00:00,VWORLD TERMS: DO NOT STORE OR REDISTRIBUTE RAW,sigungu_mismatch,,True
A10027846,미사강변 트래지안,경기도 하남시 망월동 938 미사강변 트래지안,경기도 하남시 망월동 938,full,PARCEL,OK,37.57245258770071,127.1925921544119,EPSG:4326,경기도 하남시 망월동 938,경기도,하남시,,망월동,938,single_parcel,1,0,vworld_geocoder_2.0,2026-09-03T00:14:43.963599+00:00,VWORLD TERMS: DO NOT STORE OR REDISTRIBUTE RAW,,,False
A10027957,구래역화성파크드림아파트,경기도 김포시 구래동 6888 구래역화성파크드림아파트,경기도 김포시 구래동 6888,full,PARCEL,OK,37.64192146180554,126.62655708559087,EPSG:4326,경기도 김포시 구래동 6888-1,경기도,김포시,,구래동,6888-1,single_parcel,1,0,vworld_geocoder_2.0,2026-09-03T00:14:46.454686+00:00,VWORLD TERMS: DO NOT STORE OR REDISTRIBUTE RAW,,,False
A10028048,동탄역시범호반써밋,경기도 화성동탄구 청계동 525 동탄역시범호반써밋,경기도 화성동탄구 청계동 525,full,PARCEL,OK,37.198016466039306,127.10963735325049,EPSG:4326,경기도 화성시 동탄구 청계동 525,경기도,화성시 동탄구,,청계동,525,single_parcel,1,0,vworld_geocoder_2.0,2026-09-03T00:14:49.845558+00:00,VWORLD TERMS: DO NOT STORE OR REDISTRIBUTE RAW,sigungu_mismatch,,True
A10028055,동탄역 시범우남퍼스트빌,경기도 화성동탄구 청계동 35 동탄역 시범우남퍼스트빌,청계동 35,fallback,PARCEL,OK,37.40700289402938,127.02844546945443,EPSG:4326,경기도 의왕시 청계동 35,경기도,의왕시,,청계동,35,single_parcel,1,0,vworld_geocoder_2.0,2026-09-03T00:14:50.838362+00:00,VWORLD TERMS: DO NOT STORE OR REDISTRIBUTE RAW,sigungu_mismatch,,True
A10028065,미사강변도시 베라체 아파트,경기도 하남시 선동 453 미사강변도시 베라체 아파트,경기도 하남시 선동 453,full,PARCEL,OK,37.572280404865054,127.17866662165113,EPSG:4326,경기도 하남시 선동 453,경기도,하남시,,선동,453,single_parcel,1,0,vworld_geocoder_2.0,2026-09-03T00:14:51.317202+00:00,VWORLD TERMS: DO NOT STORE OR REDISTRIBUTE RAW,,,False
A10028071,동탄역센트럴자이아파트,경기도 화성동탄구 영천동 665 동탄역센트럴자이아파트,경기도 화성동탄구 영천동 665,full,PARCEL,OK,37.20632450753337,127.10193425055851,EPSG:4326,경기도 화성시 동탄구 영천동 665,경기도,화성시 동탄구,,영천동,665,single_parcel,1,0,vworld_geocoder_2.0,2026-09-03T00:14:51.805251+00:00,VWORLD TERMS: DO NOT STORE OR REDISTRIBUTE RAW,sigungu_mismatch,,True
A10028086,위례 송파푸르지오,서울특별시 송파구 장지동 878 위례 송파푸르지오,서울특별시 송파구 장지동 878,full,PARCEL,OK,37.480931598709255,127.14076454384546,EPSG:4326,서울특별시 송파구 장지동 878,서울특별시,송파구,,장지동,878,single_parcel,1,0,vworld_geocoder_2.0,2026-09-03T00:14:52.283242+00:00,VWORLD TERMS: DO NOT STORE OR REDISTRIBUTE RAW,,,False
A10028120,동탄역시범대원칸타빌,경기도 화성동탄구 청계동 516 동탄역시범대원칸타빌,경기도 화성동탄구 청계동 516,full,PARCEL,OK,37.199093554926435,127.10483971670834,EPSG:4326,경기도 화성시 동탄구 청계동 516,경기도,화성시 동탄구,,청계동,516,single_parcel,1,0,vworld_geocoder_2.0,2026-09-03T00:14:52.772244+00:00,VWORLD TERMS: DO NOT STORE OR REDISTRIBUTE RAW,sigungu_mismatch,,True
A10028132,동탄역이지더원아파트,경기도 화성동탄구 영천동 672 동탄역이지더원아파트,경기도 화성동탄구 영천동 672,full,PARCEL,OK,37.20928699070501,127.11088465341606,EPSG:4326,경기도 화성시 동탄구 영천동 672,경기도,화성시 동탄구,,영천동,672,single_parcel,1,0,vworld_geocoder_2.0,2026-09-03T00:14:53.236658+00:00,VWORLD TERMS: DO NOT STORE OR REDISTRIBUTE RAW,sigungu_mismatch,,True
A10028139,미사강변골든센트로,경기도 하남시 망월동 1162 미사강변골든센트로,경기도 하남시 망월동 1162,full,PARCEL,OK,37.560125612087475,127.19625965338665,EPSG:4326,경기도 하남시 망월동 1162,경기도,하남시,,망월동,1162,single_parcel,1,0,vworld_geocoder_2.0,2026-09-03T00:14:53.721473+00:00,VWORLD TERMS: DO NOT STORE OR REDISTRIBUTE RAW,,,False
A10028143,리버나인 RIVERNINE,"경기도 하남시 선동 423,경기도 하남시 선동 159 리버나인 RIVERNINE",경기도 하남시 선동 423,full,PARCEL,OK,37.57579918093165,127.18732334449815,EPSG:4326,경기도 하남시 선동 423,경기도,하남시,,선동,423,single_parcel,1,0,vworld_geocoder_2.0,2026-09-03T00:14:54.174431+00:00,VWORLD TERMS: DO NOT STORE OR REDISTRIBUTE RAW,,,False
A10028157,미사강변 한신휴플러스,경기도 하남시 망월동 904 미사강변 한신휴플러스,경기도 하남시 망월동 904,full,PARCEL,OK,37.57393994491399,127.19202353483396,EPSG:4326,경기도 하남시 망월동 904,경기도,하남시,,망월동,904,single_parcel,1,0,vworld_geocoder_2.0,2026-09-03T00:14:54.622517+00:00,VWORLD TERMS: DO NOT STORE OR REDISTRIBUTE RAW,,,False
A10028171,동탄역 시범 리슈빌아파트,경기도 화성동탄구 청계동 513 동탄역 시범 리슈빌아파트,경기도 화성동탄구 청계동 513,full,PARCEL,OK,37.20247460114631,127.10480124125527,EPSG:4326,경기도 화성시 동탄구 청계동 513,경기도,화성시 동탄구,,청계동,513,single_parcel,1,0,vworld_geocoder_2.0,2026-09-03T00:14:57.126709+00:00,VWORLD TERMS: DO NOT STORE OR REDISTRIBUTE RAW,sigungu_mismatch,,True
A13876113,송파더센트레아파트,서울특별시 송파구 장지동 879 송파더센트레아파트,서울특별시 송파구 장지동 879,full,PARCEL,OK,37.47935726792059,127.14018417746368,EPSG:4326,서울특별시 송파구 장지동 879,서울특별시,송파구,,장지동,879,single_parcel,1,0,vworld_geocoder_2.0,2026-09-03T00:14:57.592725+00:00,VWORLD TERMS: DO NOT STORE OR REDISTRIBUTE RAW,,,False
A13876114,송파꿈에그린아파트,서울특별시 송파구 장지동 901 송파꿈에그린아파트,서울특별시 송파구 장지동 901,full,PARCEL,OK,37.47588615282388,127.13930659361445,EPSG:4326,서울특별시 송파구 장지동 901,서울특별시,송파구,,장지동,901,single_parcel,1,0,vworld_geocoder_2.0,2026-09-03T00:14:58.073083+00:00,VWORLD TERMS: DO NOT STORE OR REDISTRIBUTE RAW,,,False
A41574201,풍경마을한강신도시e편한세상,경기도 김포시 운양동 1250-3 풍경마을한강신도시e편한세상,경기도 김포시 운양동 1250-3,full,PARCEL,OK,37.65734025019274,126.6815622528318,EPSG:4326,경기도 김포시 운양동 1250-3,경기도,김포시,,운양동,1250-3,single_parcel,1,0,vworld_geocoder_2.0,2026-09-03T00:14:58.673130+00:00,VWORLD TERMS: DO NOT STORE OR REDISTRIBUTE RAW,,,False
A41574202,일성트루엘타운하우스,경기도 김포시 운양동 1294-2 일성트루엘타운하우스,경기도 김포시 운양동 1294-2,full,PARCEL,OK,37.65277155466491,126.69002594246251,EPSG:4326,경기도 김포시 운양동 1294-2,경기도,김포시,,운양동,1294-2,single_parcel,1,0,vworld_geocoder_2.0,2026-09-03T00:14:59.150291+00:00,VWORLD TERMS: DO NOT STORE OR REDISTRIBUTE RAW,,,False
A41574203,화성파크드림,경기도 김포시 운양동 1325-7 화성파크드림,경기도 김포시 운양동 1325-7,full,PARCEL,OK,37.645068223910954,126.69246950896701,EPSG:4326,경기도 김포시 운양동 1325-7,경기도,김포시,,운양동,1325-7,single_parcel,1,0,vworld_geocoder_2.0,2026-09-03T00:14:59.659584+00:00,VWORLD TERMS: DO NOT STORE OR REDISTRIBUTE RAW,,,False
A41574204,한강한라비발디,경기도 김포시 운양동 1249-1 한강한라비발디,경기도 김포시 운양동 1249-1,full,PARCEL,OK,37.659324640892365,126.68168794447583,EPSG:4326,경기도 김포시 운양동 1249-1,경기도,김포시,,운양동,1249-1,single_parcel,1,0,vworld_geocoder_2.0,2026-09-03T00:15:00.191567+00:00,VWORLD TERMS: DO NOT STORE OR REDISTRIBUTE RAW,,,False
A41574205,김포한강신도시반도유보라2차,경기도 김포시 운양동 1300-3 김포한강신도시반도유보라2차,경기도 김포시 운양동 1300-3,full,PARCEL,OK,37.65338635161328,126.67993699723452,EPSG:4326,경기도 김포시 운양동 1300-3,경기도,김포시,,운양동,1300-3,single_parcel,1,0,vworld_geocoder_2.0,2026-09-03T00:15:00.747335+00:00,VWORLD TERMS: DO NOT STORE OR REDISTRIBUTE RAW,,,False
A41574206,풍경마을 래미안 한강2차,경기도 김포시 운양동 1304-5 풍경마을 래미안 한강2차,경기도 김포시 운양동 1304-5,full,PARCEL,OK,37.652598098030985,126.67440594600588,EPSG:4326,경기도 김포시 운양동 1304-5,경기도,김포시,,운양동,1304-5,single_parcel,1,0,vworld_geocoder_2.0,2026-09-03T00:15:01.269382+00:00,VWORLD TERMS: DO NOT STORE OR REDISTRIBUTE RAW,,,False
A41574207,한강신도시롯데캐슬,경기도 김포시 운양동 1301-1 한강신도시롯데캐슬,경기도 김포시 운양동 1301-1,full,PARCEL,OK,37.65591303225415,126.67918360838954,EPSG:4326,경기도 김포시 운양동 1301-1,경기도,김포시,,운양동,1301-1,single_parcel,1,0,vworld_geocoder_2.0,2026-09-03T00:15:01.763474+00:00,VWORLD TERMS: DO NOT STORE OR REDISTRIBUTE RAW,,,False
A41574404,우남퍼스트빌,경기도 김포시 장기동 2065-1 우남퍼스트빌,경기도 김포시 장기동 2065-1,full,PARCEL,OK,37.63735461324272,126.67240392869383,EPSG:4326,경기도 김포시 장기동 2065-1,경기도,김포시,,장기동,2065-1,single_parcel,1,0,vworld_geocoder_2.0,2026-09-03T00:15:02.276214+00:00,VWORLD TERMS: DO NOT STORE OR REDISTRIBUTE RAW,,,False
A41574405,쌍용예가,경기도 김포시 장기동 2004-4 쌍용예가,경기도 김포시 장기동 2004-4,full,PARCEL,OK,37.64218541557271,126.68128994855118,EPSG:4326,경기도 김포시 장기동 2004-4,경기도,김포시,,장기동,2004-4,single_parcel,1,0,vworld_geocoder_2.0,2026-09-03T00:15:03.014508+00:00,VWORLD TERMS: DO NOT STORE OR REDISTRIBUTE RAW,,,False
A41574406,김포한강 수정마을2단지,경기도 김포시 장기동 2000-3 김포한강 수정마을2단지,경기도 김포시 장기동 2000-3,full,PARCEL,OK,37.64472495555002,126.67844610527531,EPSG:4326,경기도 김포시 장기동 2000-3,경기도,김포시,,장기동,2000-3,single_parcel,1,0,vworld_geocoder_2.0,2026-09-03T00:15:03.605895+00:00,VWORLD TERMS: DO NOT STORE OR REDISTRIBUTE RAW,,,False
A41574407,초당마을래미안한강,경기도 김포시 장기동 2071-2 초당마을래미안한강,경기도 김포시 장기동 2071-2,full,PARCEL,OK,37.63883018630793,126.67602214412958,EPSG:4326,경기도 김포시 장기동 2071-2,경기도,김포시,,장기동,2071-2,single_parcel,1,0,vworld_geocoder_2.0,2026-09-03T00:15:04.084066+00:00,VWORLD TERMS: DO NOT STORE OR REDISTRIBUTE RAW,,,False
A41574408,김포한양수자인리버팰리스,경기도 김포시 장기동 1885-10 김포한양수자인리버팰리스,경기도 김포시 장기동 1885-10,full,PARCEL,OK,37.64348342371004,126.65985158682653,EPSG:4326,경기도 김포시 장기동 1885-10,경기도,김포시,,장기동,1885-10,single_parcel,1,0,vworld_geocoder_2.0,2026-09-03T00:15:04.617449+00:00,VWORLD TERMS: DO NOT STORE OR REDISTRIBUTE RAW,,,False
A41574409,한강신도시중흥S-클래스파크애비뉴,경기도 김포시 장기동 1866-1 한강신도시중흥S-클래스파크애비뉴,경기도 김포시 장기동 1866-1,full,PARCEL,OK,37.65136732916706,126.66857539230327,EPSG:4326,경기도 김포시 장기동 1866-1,경기도,김포시,,장기동,1866-1,single_parcel,1,0,vworld_geocoder_2.0,2026-09-03T00:15:05.268053+00:00,VWORLD TERMS: DO NOT STORE OR REDISTRIBUTE RAW,,,False
A41574410,고창마을KCC스위첸,경기도 김포시 장기동 1886-2 고창마을KCC스위첸,경기도 김포시 장기동 1886-2,full,PARCEL,OK,37.645839603162905,126.66350480844477,EPSG:4326,경기도 김포시 장기동 1886-2,경기도,김포시,,장기동,1886-2,single_parcel,1,0,vworld_geocoder_2.0,2026-09-03T00:15:05.812707+00:00,VWORLD TERMS: DO NOT STORE OR REDISTRIBUTE RAW,,,False
A41574411,한강현대성우오스타,경기도 김포시 장기동 1868-2 한강현대성우오스타,경기도 김포시 장기동 1868-2,full,PARCEL,OK,37.64959210104864,126.66365104640272,EPSG:4326,경기도 김포시 장기동 1868-2,경기도,김포시,,장기동,1868-2,single_parcel,1,0,vworld_geocoder_2.0,2026-09-03T00:15:06.407680+00:00,VWORLD TERMS: DO NOT STORE OR REDISTRIBUTE RAW,,,False
A41574412,초당마을중흥S클래스리버티,경기도 김포시 장기동 2058-1 초당마을중흥S클래스리버티,경기도 김포시 장기동 2058-1,full,PARCEL,OK,37.63824869958488,126.66912623984723,EPSG:4326,경기도 김포시 장기동 2058-1,경기도,김포시,,장기동,2058-1,single_parcel,1,0,vworld_geocoder_2.0,2026-09-03T00:15:06.966918+00:00,VWORLD TERMS: DO NOT STORE OR REDISTRIBUTE RAW,,,False
A41574413,한강호반베르디움,경기도 김포시 장기동 1885-6 한강호반베르디움,경기도 김포시 장기동 1885-6,full,PARCEL,OK,37.64647522317287,126.65914195942042,EPSG:4326,경기도 김포시 장기동 1885-6,경기도,김포시,,장기동,1885-6,single_parcel,1,0,vworld_geocoder_2.0,2026-09-03T00:15:07.466653+00:00,VWORLD TERMS: DO NOT STORE OR REDISTRIBUTE RAW,,,False
A41574414,한강신도시푸르지오,경기도 김포시 운양동 1407-5 한강신도시푸르지오,경기도 김포시 운양동 1407-5,full,PARCEL,OK,37.648644112110034,126.67732232522346,EPSG:4326,경기도 김포시 운양동 1407-5,경기도,김포시,,운양동,1407-5,single_parcel,1,0,vworld_geocoder_2.0,2026-09-03T00:15:08.140330+00:00,VWORLD TERMS: DO NOT STORE OR REDISTRIBUTE RAW,,,False
A41574416,청송마을모아미래도엘가,경기도 김포시 장기동 1869-5 청송마을모아미래도엘가,경기도 김포시 장기동 1869-5,full,PARCEL,OK,37.649858755337235,126.66226166856312,EPSG:4326,경기도 김포시 장기동 1869-5,경기도,김포시,,장기동,1869-5,single_parcel,1,0,vworld_geocoder_2.0,2026-09-03T00:15:08.670083+00:00,VWORLD TERMS: DO NOT STORE OR REDISTRIBUTE RAW,,,False
A41576911,김포한가람우미린,경기도 김포시 구래동 6873-8 김포한가람우미린,경기도 김포시 구래동 6873-8,full,PARCEL,OK,37.649063876081215,126.62578178473788,EPSG:4326,경기도 김포시 구래동 6873-8,경기도,김포시,,구래동,6873-8,single_parcel,1,0,vworld_geocoder_2.0,2026-09-03T00:15:09.176862+00:00,VWORLD TERMS: DO NOT STORE OR REDISTRIBUTE RAW,,,False
A41576912,김포한강LH솔터마을2단지,경기도 김포시 마산동 615-1 김포한강LH솔터마을2단지,경기도 김포시 마산동 615-1,full,PARCEL,OK,37.643189060120164,126.63465339909122,EPSG:4326,경기도 김포시 마산동 615-1,경기도,김포시,,마산동,615-1,single_parcel,1,0,vworld_geocoder_2.0,2026-09-03T00:15:09.695396+00:00,VWORLD TERMS: DO NOT STORE OR REDISTRIBUTE RAW,,,False
A41576914,김포한강 경남아너스빌,경기도 김포시 마산동 639-8 김포한강 경남아너스빌,경기도 김포시 마산동 639-8,full,PARCEL,OK,37.63775647074502,126.63751419273447,EPSG:4326,경기도 김포시 마산동 639-8,경기도,김포시,,마산동,639-8,single_parcel,1,0,vworld_geocoder_2.0,2026-09-03T00:15:10.265847+00:00,VWORLD TERMS: DO NOT STORE OR REDISTRIBUTE RAW,,,False
A41576915,호수마을e편한세상,경기도 김포시 구래동 6874-17 호수마을e편한세상,경기도 김포시 구래동 6874-17,full,PARCEL,OK,37.64993023145723,126.6291791648456,EPSG:4326,경기도 김포시 구래동 6874-17,경기도,김포시,,구래동,6874-17,single_parcel,1,0,vworld_geocoder_2.0,2026-09-03T00:15:10.802118+00:00,VWORLD TERMS: DO NOT STORE OR REDISTRIBUTE RAW,,,False
A41576916,한강힐스테이트아파트,경기도 김포시 마산동 636-1 한강힐스테이트아파트,경기도 김포시 마산동 636-1,full,PARCEL,OK,37.63926582471095,126.63346589990275,EPSG:4326,경기도 김포시 마산동 636-1,경기도,김포시,,마산동,636-1,single_parcel,1,0,vworld_geocoder_2.0,2026-09-03T00:15:11.370985+00:00,VWORLD TERMS: DO NOT STORE OR REDISTRIBUTE RAW,,,False
A41576917,호수마을이편한세상3단지,경기도 김포시 구래동 6874-6 호수마을이편한세상3단지,경기도 김포시 구래동 6874-6,full,PARCEL,OK,37.647896968119085,126.6296012641422,EPSG:4326,경기도 김포시 구래동 6874-6,경기도,김포시,,구래동,6874-6,single_parcel,1,0,vworld_geocoder_2.0,2026-09-03T00:15:11.943664+00:00,VWORLD TERMS: DO NOT STORE OR REDISTRIBUTE RAW,,,False
A41576918,김포한강나비마을3단지,경기도 김포시 구래동 6895-4 김포한강나비마을3단지,경기도 김포시 구래동 6895-4,full,PARCEL,OK,37.64190958508287,126.6253473179553,EPSG:4326,경기도 김포시 구래동 6895-4,경기도,김포시,,구래동,6895-4,single_parcel,1,0,vworld_geocoder_2.0,2026-09-03T00:15:12.474190+00:00,VWORLD TERMS: DO NOT STORE OR REDISTRIBUTE RAW,,,False
A41590101,김포한강상록데시앙,경기도 김포시 마산동 672-6 김포한강상록데시앙,경기도 김포시 마산동 672-6,full,PARCEL,OK,37.636693123104976,126.64158339878496,EPSG:4326,경기도 김포시 마산동 672-6,경기도,김포시,,마산동,672-6,single_parcel,1,0,vworld_geocoder_2.0,2026-09-03T00:15:13.021238+00:00,VWORLD TERMS: DO NOT STORE OR REDISTRIBUTE RAW,,,False
A47172601,김포한강LH솔터마을3단지,경기도 김포시 마산동 614-10 김포한강LH솔터마을3단지,경기도 김포시 마산동 614-10,full,PARCEL,OK,37.64202991443467,126.63181226268193,EPSG:4326,경기도 김포시 마산동 614-10,경기도,김포시,,마산동,614-10,single_parcel,1,0,vworld_geocoder_2.0,2026-09-03T00:15:13.561022+00:00,VWORLD TERMS: DO NOT STORE OR REDISTRIBUTE RAW,,,False
