archive_relative_path,filename,extension,mime_type,bytes,sha256,is_canonical_copy,duplicate_of_relative_path,source_ids,source_urls,retrieved_at
documents\화성 동탄2\2022-10-26__수원호매실_화성동탄2_광역교통_특별대책__발표.html,2022-10-26__수원호매실_화성동탄2_광역교통_특별대책__발표.html,.html,text/html,62720,0044dd4613d893129c40e44ee84a2a97ee510a7787a006a75665462d110c7950,true,,,,
documents\인천 계양\2024-09-20_인천계양_A2_공공분양주택_입주자모집공고.html,2024-09-20_인천계양_A2_공공분양주택_입주자모집공고.html,.html,text/html,197323,01bc504183290e9396f18bb39c2584d4b17399188a016a4cba5351052a00c011,true,,SRC-F001,https://apply.lh.or.kr/lhapply/apply/wt/wrtanc/selectWrtancInfo.do?aisTpCd=05&ccrCnntSysDsCd=02&mi=1027&panId=0000060752&uppAisTpCd=05,2026-08-31T21:16:29+09:00
documents\인천 계양\2021-01-24_3기_신도시__패스트트랙_교통대책_조기_확정_등으로_신속_공급.html,2021-01-24_3기_신도시__패스트트랙_교통대책_조기_확정_등으로_신속_공급.html,.html,text/html,27350,0553e1245c054ee29e36c23d0263cc561e243ece1b77a9e987de1d594e4cd66b,true,,SRC-E2-B06,http://www.molit.go.kr/mta/USR/N0201/m_36770/dtl.jsp?lcmspage=1&id=95085094,2026-08-31T21:16:29+09:00
"달려간다,미사위례신도시 대중교통.pdf","달려간다,미사위례신도시 대중교통.pdf",.pdf,application/pdf,264217,083f8f6b7c56a257a98f0d1266285c1d0f002be24c227c16f382d5bcdd3f1386,true,,SRC-PDF-083-DOC,https://www.hanam.go.kr/common/print.jsp?siteId=sosik&title=%EB%B3%B4%EB%8F%84%EC%9E%90%EB%A3%8C,2026-09-02T18:18:06+09:00
(정정)250424_교산푸르지오더퍼스트_입주자모집공고.pdf,(정정)250424_교산푸르지오더퍼스트_입주자모집공고.pdf,.pdf,application/pdf,2632888,08438e6ac19967e88de5ae5dfe94e8f5bd891efefd0eb07195d96045b0707fa6,true,,SRC-U002,https://apply.lh.or.kr/lhapply/lhFile.do?fileid=61520164,2026-09-02T18:00:00+09:00
imported\SRC-U002\(정정)250424_교산푸르지오더퍼스트_입주자모집공고.pdf,(정정)250424_교산푸르지오더퍼스트_입주자모집공고.pdf,.pdf,application/pdf,2632888,08438e6ac19967e88de5ae5dfe94e8f5bd891efefd0eb07195d96045b0707fa6,false,(정정)250424_교산푸르지오더퍼스트_입주자모집공고.pdf,SRC-U002,https://apply.lh.or.kr/lhapply/lhFile.do?fileid=61520164,2026-09-02T18:00:00+09:00
documents\하남 미사\2014-03-19_하남미사지구_광역교통개선대책_변경__확정된_바_없어.html,2014-03-19_하남미사지구_광역교통개선대책_변경__확정된_바_없어.html,.html,text/html,151969,0865ac63da6f18919fabca07bdb06cb3b8e0259aa799e6efbe4fbf0be0f72a43,true,,SRC-E1-B10,https://www.korea.kr/briefing/policyBriefingView.do?newsId=148775695,2026-08-31T21:16:29+09:00
documents\김포 한강\2024-01-02_8849번_하남-미사-김포_인천공항__운행시간_정보.html,2024-01-02_8849번_하남-미사-김포_인천공항__운행시간_정보.html,.html,text/html,309650,08bd470d778e7846c46e553e410cfe82112162b8754acb030315bc5e98978d3c,true,,SRC-E1-C03;SRC-E1-C10,https://www.hanam.go.kr/www/contents.do?key=3262,2026-08-31T21:16:29+09:00
documents\하남 미사\2024-01-02_8849번_하남-미사-김포_인천공항__운행시간_정보.html,2024-01-02_8849번_하남-미사-김포_인천공항__운행시간_정보.html,.html,text/html,309650,08bd470d778e7846c46e553e410cfe82112162b8754acb030315bc5e98978d3c,false,documents\김포 한강\2024-01-02_8849번_하남-미사-김포_인천공항__운행시간_정보.html,SRC-E1-C03;SRC-E1-C10,https://www.hanam.go.kr/www/contents.do?key=3262,2026-08-31T21:16:29+09:00
imported\SRC-E2-A08\E2-A08.html,E2-A08.html,.html,text/html,192529,08dd45cadec7c5190d70c69f04a8723764a45beba7ab2fc216d67517dae884f2,false,refetched\E2-A08.html,SRC-E2-A08,https://apply.lh.or.kr/lhapply/apply/wt/wrtanc/selectWrtancInfo.do?aisTpCd=05&ccrCnntSysDsCd=02&mi=1027&panId=0000060855&uppAisTpCd=05,2026-08-31T21:16:29+09:00
refetched\E2-A08.html,E2-A08.html,.html,text/html,192529,08dd45cadec7c5190d70c69f04a8723764a45beba7ab2fc216d67517dae884f2,true,,SRC-E2-A08,https://apply.lh.or.kr/lhapply/apply/wt/wrtanc/selectWrtancInfo.do?aisTpCd=05&ccrCnntSysDsCd=02&mi=1027&panId=0000060855&uppAisTpCd=05,2026-08-31T21:16:29+09:00
documents\화성 동탄2\2022-10-26__수원호매실_화성동탄2_광역교통_특별대책__발표.pdf,2022-10-26__수원호매실_화성동탄2_광역교통_특별대책__발표.pdf,.pdf,application/pdf,62720,0a6095cb415fbeedd0727303ba11c005733bf4f2d7721122b6d577220077c258,true,,SRC-PDF-051-PROM-1,,2026-09-02T18:18:06+09:00
documents\하남 교산\2020-05-21_하남교산__과천지구_광역교통개선대책_확정.html,2020-05-21_하남교산__과천지구_광역교통개선대책_확정.html,.html,text/html,33649,0adfc0053fb55223522d96d48316b3437838b03fa268aa79333c47e8d5ffbfac,true,,SRC-E2-B08,https://www.molit.go.kr/mta/USR/N0201/m_36770/dtl.jsp?id=95083918&lcmspage=88;https://www.xn--3-3u6ey6lv7rsa.kr/kor/CMS/Board/Board.do?mCode=MN024&page=3&mode=view&mgr_seq=12&board_seq=135,2026-08-31T21:16:29+09:00
documents\인천 계양\2026-07-10_인천계양_A3블록_단지내상가_재분양공고.html,2026-07-10_인천계양_A3블록_단지내상가_재분양공고.html,.html,text/html,176719,0d9239bb1c0b7c81b51ba1a7bde70f065d119672d3b0d3f67655838c0ec98dfd,true,,SRC-F002,https://apply.lh.or.kr/lhapply/apply/wt/wrtanc/selectWrtancInfo.do?aisTpCd=23&ccrCnntSysDsCd=04&panId=BN-0001331&uppAisTpCd=22,2026-08-31T21:16:29+09:00
documents\위례\2011-11-29_위례신도시_보금자리_2949가구_내달_5일부터_본청약.html,2011-11-29_위례신도시_보금자리_2949가구_내달_5일부터_본청약.html,.html,text/html,158590,0d97e44a94f96b7a2b340bfcb7c3a8364acd7bed754b4c12ace566c1aa71f6c2,true,,SRC-E1-A05,https://www.korea.kr/news/policyNewsView.do?newsId=148723111,2026-08-31T21:16:29+09:00
(251127)남양주왕숙_B-17BL_공공분양_입주자모집공고문.pdf,(251127)남양주왕숙_B-17BL_공공분양_입주자모집공고문.pdf,.pdf,application/pdf,1541874,0f2f8e767b8aaf98df7013e0bdfb1f133a23c7e784c22ac5ab774d071ffa4e37,true,,SRC-U001,https://apply.lh.or.kr/lhapply/lhFile.do?fileid=64513024,2026-09-02T18:00:00+09:00
imported\SRC-U001\(251127)남양주왕숙_B-17BL_공공분양_입주자모집공고문.pdf,(251127)남양주왕숙_B-17BL_공공분양_입주자모집공고문.pdf,.pdf,application/pdf,1541874,0f2f8e767b8aaf98df7013e0bdfb1f133a23c7e784c22ac5ab774d071ffa4e37,false,(251127)남양주왕숙_B-17BL_공공분양_입주자모집공고문.pdf,SRC-U001,https://apply.lh.or.kr/lhapply/lhFile.do?fileid=64513024,2026-09-02T18:00:00+09:00
documents\김포 한강\2025-12_2035년_김포도시기본계획_변경_주요내용.pdf,2025-12_2035년_김포도시기본계획_변경_주요내용.pdf,.pdf,application/pdf,46047740,0fe071799169540ddae02383e3dcd67457b752ddf6d52e1f0881c4811e3aa8c1,true,,SRC-H012;SRC-PDF-046-DOC,https://www.gimpo.go.kr/site/portal/images/contents/cts7619_file01_202512.pdf,2026-08-31T21:16:29+09:00;2026-09-02T18:18:06+09:00
documents\인천 계양\2026-05-01_계양신도시_광역버스_신설과_관련하여.html,2026-05-01_계양신도시_광역버스_신설과_관련하여.html,.html,text/html,121184,120b9f301e1b07a0695be78eac9daf0e54ef75452ed07a6f0f838cc005603fe8,true,,SRC-E2-C06,https://www.incheon.go.kr/cool/COOL010501/view?petitSn=2048913,2026-08-31T21:16:29+09:00
documents\화성 동탄2\2022-10-26_수원호매실_화성동탄2_광역교통_특별대책.html,2022-10-26_수원호매실_화성동탄2_광역교통_특별대책.html,.html,text/html,28790,13a063885f63b7ed81d889fc19b67294ea7b718629b3e158a3c951490f286f1a,true,,SRC-H003,https://www.molit.go.kr/mta/USR/N0201/m_36770/dtl.jsp?id=95087345&lcmspage=5;https://www.molit.go.kr/portal/common/download/DownloadMltm2.jsp?FilePath=/upload/portal/DextUpload/202210/20221026_094014_110.hwpx&FileName=221026(%EC%84%9D%EA%B0%84)_%EC%88%98%EC%9B%90_%ED%98%B8%EB%A7%A4%EC%8B%A4_%ED%99%94%EC%84%B1_%EB%8F%99%ED%83%842_%EA%B4%91%EC%97%AD%EA%B5%90%ED%86%B5%ED%8A%B9%EB%B3%84%EB%8C%80%EC%B1%85_%EB%B0%9C%ED%91%9C(%EA%B4%91%EC%97%AD%EA%B5%90%ED%86%B5%EC%A0%95%EC%B1%85%EA%B3%BC).hwpx,2026-08-31T21:16:29+09:00
documents\target_refresh_20260902\SRC-E2-C08_2026-09-02.html,SRC-E2-C08_2026-09-02.html,.html,text/html,279435,1453c59d79bae2b543831e37cb145e8c1bebfe7c99937945ca331b2e3f50ce85,true,,SRC-E2-C08,https://www.myhome.go.kr/hws/portal/bbs/selectBoardHappyNewsDetailView.do?nttId=797,2026-09-02T00:00:00+09:00
보도자료_final_동탄2신도시_070601.pdf,보도자료_final_동탄2신도시_070601.pdf,.pdf,application/pdf,1413246,14d43f72c1bb4607b6cff9727d014a71548ad15d99861b90d0da6b55c76c35d8,true,,SRC-PDF-090-OCCU-1,,2026-09-02T18:18:06+09:00
documents\부천 대장\2021-01-24_인천계양_부천대장_광역교통개선대책_확정.html,2021-01-24_인천계양_부천대장_광역교통개선대책_확정.html,.html,text/html,27350,154c414897c7d63020ea7b9608ecd089af1a1ed7f4185e759a77ac2f09fef7b1,true,,SRC-F027,https://www.molit.go.kr/mta/USR/N0201/m_36770/dtl.jsp?id=95085094&lcmspage=2,2026-08-31T21:16:29+09:00
imported\SRC-E1-A08\＇25년 상반기 경기행복주택 예비입주자 추가모집 공고.pdf,＇25년 상반기 경기행복주택 예비입주자 추가모집 공고.pdf,.pdf,application/pdf,1578117,17e730dc3c2b81cfa2c2e820f79ca45e50b657236b8cb5870235dfbf463083b2,false,＇25년 상반기 경기행복주택 예비입주자 추가모집 공고.pdf,SRC-E1-A08,https://blog.naver.com/wise8949/221417570455;https://www.nyj.go.kr/www/downloadBbsFile.do?bbsNo=62&nttNo=494806&atchmnflNo=1504230,2026-08-31T21:16:29+09:00
＇25년 상반기 경기행복주택 예비입주자 추가모집 공고.pdf,＇25년 상반기 경기행복주택 예비입주자 추가모집 공고.pdf,.pdf,application/pdf,1578117,17e730dc3c2b81cfa2c2e820f79ca45e50b657236b8cb5870235dfbf463083b2,true,,SRC-E1-A08,https://blog.naver.com/wise8949/221417570455;https://www.nyj.go.kr/www/downloadBbsFile.do?bbsNo=62&nttNo=494806&atchmnflNo=1504230,2026-08-31T21:16:29+09:00
(정정)교산푸르지오더퍼스트_입주자모집공고.pdf,(정정)교산푸르지오더퍼스트_입주자모집공고.pdf,.pdf,application/pdf,2668773,17f890d3468fb4f720c33fa6aefb56dd0eb6cfae7df0b4bd9996a5b6f554de4d,true,,SRC-PDF-008-OCCU-1,https://apply.lh.or.kr/lhapply/lhFile.do?fileid=61479595,2026-09-02T18:18:06+09:00
documents\화성 동탄2\2015-01-23_LH_수도권_최대_신도시_동탄_2_지구__첫_입주_시작.html,2015-01-23_LH_수도권_최대_신도시_동탄_2_지구__첫_입주_시작.html,.html,text/html,84516,186fbbd4158f0d99383f971b740a45594b0d65ff222357ec2be35ed32576ecdc,true,,SRC-H001,https://www.lh.or.kr/gallery.es?act=view&b_list=8&bid=0003&keyField=&list_no=7977&mid=a10502000000&nPage=342&orderby=&vlist_no_npage=547;https://www.lh.or.kr/galleryDownload.es?bid=0003&list_no=7977&seq=1,2026-08-31T21:16:29+09:00
documents\target_refresh_20260902\SRC-E1-B10_2026-09-02.html,SRC-E1-B10_2026-09-02.html,.html,text/html,151586,1929aa409048a60bb18bcd573aa1d833e8f5288a2dc71c67de384878e9c0e983,true,,SRC-E1-B10,https://www.korea.kr/briefing/policyBriefingView.do?newsId=148775695,2026-09-02T00:00:00+09:00
documents\화성 동탄2\2007-05-11_동탄_2_신도시_개발계획_확정.html,2007-05-11_동탄_2_신도시_개발계획_확정.html,.html,text/html,77151,192e29362a4c1c7ffd0383a68178cc767e91130b425d82bd9667b9cfc87350aa,true,,SRC-H002,https://www.molit.go.kr/USR/NEWS/m_18578/dtl.jsp?id=155208949&lcmspage=157,2026-08-31T21:16:29+09:00
documents\고양 창릉\2025-01-31_고양창릉_S-5블록_공공분양주택_입주자모집공고.html,2025-01-31_고양창릉_S-5블록_공공분양주택_입주자모집공고.html,.html,text/html,199405,19b4c82a88778520cbffc6fc57418825966d34b995b62ff6965cd59d3083eb81,true,,SRC-F020,https://apply.lh.or.kr/lhapply/apply/wt/wrtanc/selectWrtancInfo.do?aisTpCd=05&ccrCnntSysDsCd=02&mi=1027&panId=0000060807&uppAisTpCd=05,2026-08-31T21:16:29+09:00
imported\SRC-E1-C05\221128(석간)_위례신도시_노면전차_사업으로_교통이_편리해진다(광역시설정책과).hwpx,221128(석간)_위례신도시_노면전차_사업으로_교통이_편리해진다(광역시설정책과).hwpx,.hwpx,application/haansofthwpx,998088,19d89d604a33493888484f1c76c7edb44f94aa15df511e02e3395ba6666ee11e,true,,SRC-E1-C05,https://www.molit.go.kr/mta/USR/N0201/m_36770/dtl.jsp?lcmspage=1&id=95087500;https://www.molit.go.kr/portal/common/download/DownloadMltm2.jsp?FilePath=/upload/portal/DextUpload/202211/20221125_171952_171.hwpx&FileName=221128(%EC%84%9D%EA%B0%84)_%EC%9C%84%EB%A1%80%EC%8B%A0%EB%8F%84%EC%8B%9C_%EB%85%B8%EB%A9%B4%EC%A0%84%EC%B0%A8_%EC%82%AC%EC%97%85%EC%9C%BC%EB%A1%9C_%EA%B5%90%ED%86%B5%EC%9D%B4_%ED%8E%B8%EB%A6%AC%ED%95%B4%EC%A7%84%EB%8B%A4(%EA%B4%91%EC%97%AD%EC%8B%9C%EC%84%A4%EC%A0%95%EC%B1%85%EA%B3%BC).hwpx,2026-08-31T21:16:29+09:00
refetched\E2-A06.html,E2-A06.html,.html,text/html,197323,1a28625cfa16aee4a4281ca41c0471c48b1bce6736a2efcbcc38532be094d2c2,true,,,,
documents\김포 한강\2026-06-19_김포한강_Ac-01a블록_10년_공공임대주택리츠_입주자_모집공고.html,2026-06-19_김포한강_Ac-01a블록_10년_공공임대주택리츠_입주자_모집공고.html,.html,text/html,200983,1b2ff982d5fe4cfb4d4ee83f764c717069b1e2c97fd538e2a99a78d88520c0fa,true,,SRC-E1-A03,https://apply.lh.or.kr/lhapply/apply/wt/wrtanc/selectWrtancInfo.do?panId=0000061106&ccrCnntSysDsCd=02&uppAisTpCd=06&aisTpCd=08&mi=1026,2026-08-31T21:16:29+09:00
documents\김포 한강\2022-11-11_수도권_서부지역의_광역교통_확충_등_지역현안_해결_추진.pdf,2022-11-11_수도권_서부지역의_광역교통_확충_등_지역현안_해결_추진.pdf,.pdf,application/pdf,69200,1bb829548e89c9bc87d68f9d08d8950cbcd1c4a2598056dd77d8bd5a723bab5e,true,,SRC-PDF-045-PROM-1;SRC-PDF-045-PROM-2;SRC-PDF-045-PROM-3,,2026-09-02T18:18:06+09:00
"위례신도시 1,676세대 공공분양…분양가·청약조건은_ _ 서울시 - 내 손안에 서울.pdf","위례신도시 1,676세대 공공분양…분양가·청약조건은_ _ 서울시 - 내 손안에 서울.pdf",.pdf,application/pdf,673811,1c78338e3624cbdc6b2e58a875448c9fb1f5e6cecb6fba1b8bb7317940bd0094,true,,SRC-PDF-096-OCCU-1,https://mediahub.seoul.go.kr/news/article/newsArticlePrintPopup.do?articleNo=1302679,2026-09-02T18:18:06+09:00
documents\target_refresh_20260902\SRC-E1-B08_2026-09-02.html,SRC-E1-B08_2026-09-02.html,.html,text/html,178474,1d72cd00dd83924f534a60db0f3228ed118a03cc18de266843584d3cef9dda90,true,,SRC-E1-B08,https://www.korea.kr/news/policyNewsView.do?newsId=148931611,2026-09-02T00:00:00+09:00
남양주왕숙A-1BL공공분양입주자모집공고문(250724).pdf,남양주왕숙A-1BL공공분양입주자모집공고문(250724).pdf,.pdf,application/pdf,1443242,1dac689d7133335f0bd75cc2a88000f862410209efa5bcfc9ea429ca4dc19515,true,,SRC-PDF-079-OCCU-1,https://apply.lh.or.kr/lhapply/lhFile.do?fileid=62796608,2026-09-02T18:18:06+09:00
부천대장A7블록공공분양주택입주자모집공고문_최종.pdf,부천대장A7블록공공분양주택입주자모집공고문_최종.pdf,.pdf,application/pdf,1398306,1fb52b9e26ce23b6131d05e4dcf6b2e8c294a5b4aafe585c9b8b4313d706d3f6,true,,SRC-PDF-091-OCCU-1,https://apply.lh.or.kr/lhapply/lhFile.do?fileid=61605284,2026-09-02T18:18:06+09:00
다산신도시 상업ㆍ주유소용지 공급공고.pdf,다산신도시 상업ㆍ주유소용지 공급공고.pdf,.pdf,application/pdf,849543,21afbf75fd6243f1e1b87d13d67fdab22fb686efa11024477c8f375e79286055,true,,SRC-PDF-081-DOC,https://buy.gh.or.kr/land/svc/announce/land_announce_html.jsp?strFile=00586_201802271541281.jsp,2026-09-02T18:18:06+09:00
documents\위례\2022-11-28_대광위__28일_위례선_도시철도사업_사업계획_승인_착공__25년_개통.html,2022-11-28_대광위__28일_위례선_도시철도사업_사업계획_승인_착공__25년_개통.html,.html,text/html,23025,22dc29dedf04c77cb34775024aa5ad13c497e6c8416d7583bf027987b632af64,true,,SRC-E1-C05,https://www.molit.go.kr/mta/USR/N0201/m_36770/dtl.jsp?lcmspage=1&id=95087500;https://www.molit.go.kr/portal/common/download/DownloadMltm2.jsp?FilePath=/upload/portal/DextUpload/202211/20221125_171952_171.hwpx&FileName=221128(%EC%84%9D%EA%B0%84)_%EC%9C%84%EB%A1%80%EC%8B%A0%EB%8F%84%EC%8B%9C_%EB%85%B8%EB%A9%B4%EC%A0%84%EC%B0%A8_%EC%82%AC%EC%97%85%EC%9C%BC%EB%A1%9C_%EA%B5%90%ED%86%B5%EC%9D%B4_%ED%8E%B8%EB%A6%AC%ED%95%B4%EC%A7%84%EB%8B%A4(%EA%B4%91%EC%97%AD%EC%8B%9C%EC%84%A4%EC%A0%95%EC%B1%85%EA%B3%BC).hwpx,2026-08-31T21:16:29+09:00
documents\남양주 다산\2015-08-11_다산신도시_지금지구_A1블록_국민임대주택_입주자모집공고.html,2015-08-11_다산신도시_지금지구_A1블록_국민임대주택_입주자모집공고.html,.html,text/html,166818,2514f69cab8c2f81040add73d02a37db5347508a5714c2acfa347bfffe0258d4,true,,SRC-E1-A07,https://www.myhome.go.kr/hws/portal/sch/selectRsdtRcritNtcDetailView.do?pblancId=7766,2026-08-31T21:16:29+09:00
(정정)(정정)고양창릉S-4블록공공분양입주자모집공고문.pdf,(정정)(정정)고양창릉S-4블록공공분양입주자모집공고문.pdf,.pdf,application/pdf,1618751,25311d447e7f43c48655b96613b1ff2bc56371612a268932071bfb8429e5107d,true,,SRC-PDF-005-OCCU-1,https://apply.lh.or.kr/lhapply/lhFile.do?fileid=67715855,2026-09-02T18:18:06+09:00
documents\하남 교산\2020-08-07_하남선_1단계_개통.html,2020-08-07_하남선_1단계_개통.html,.html,text/html,39840,268065f4354f3297624b33b5c737b4af1b40ad90f5bff6b53ce3936878e72500,true,,SRC-F017;SRC-H029,https://www.hanam.go.kr/sosik/selectBbsNttView.do?bbsNo=1164&integrDeptCode=&key=10048&nttNo=210883&pageIndex=426&searchCnd=all&searchCtgry=&searchKrwd=&selectPageUnit=,2026-08-31T21:16:29+09:00
documents\하남 미사\2020-08-07_하남선_1단계_개통.html,2020-08-07_하남선_1단계_개통.html,.html,text/html,39840,268065f4354f3297624b33b5c737b4af1b40ad90f5bff6b53ce3936878e72500,false,documents\하남 교산\2020-08-07_하남선_1단계_개통.html,SRC-F017;SRC-H029,https://www.hanam.go.kr/sosik/selectBbsNttView.do?bbsNo=1164&integrDeptCode=&key=10048&nttNo=210883&pageIndex=426&searchCnd=all&searchCtgry=&searchKrwd=&selectPageUnit=,2026-08-31T21:16:29+09:00
★하남시지역국민임대주택예비입주자모집공고(20250314)_최종.pdf,★하남시지역국민임대주택예비입주자모집공고(20250314)_최종.pdf,.pdf,application/pdf,732942,2759529f5e28ddedc459b8499ccd88c52df2a3be5388dd8afaab954540cad938,true,,SRC-PDF-070-OCCU-1,https://apply.lh.or.kr/lhapply/lhFile.do?fileid=61085498,2026-09-02T18:18:06+09:00
imported\SRC-H001\20150123_ 동탄2신도시 첫 입주.hwp,20150123_ 동탄2신도시 첫 입주.hwp,.hwp,application/haansofthwp,133632,27b6ad3d1a72070c73aaf3ae06cfcea168bc56e728a1e093ebc847b56e66ae08,true,,SRC-H001,https://www.lh.or.kr/gallery.es?act=view&b_list=8&bid=0003&keyField=&list_no=7977&mid=a10502000000&nPage=342&orderby=&vlist_no_npage=547;https://www.lh.or.kr/galleryDownload.es?bid=0003&list_no=7977&seq=1,2026-08-31T21:16:29+09:00
imported\SRC-E2-B07\201230(조간)남양주왕숙_고양창릉 신도시 교통대책 확정(공공택지기획과 광역교통정책과).hwp,201230(조간)남양주왕숙_고양창릉 신도시 교통대책 확정(공공택지기획과 광역교통정책과).hwp,.hwp,application/haansofthwp,1572864,28b1bacbe0ea7e9ad4dd42c5659f47b22ef4a07e27221f47169c6838b10f657e,false,imported\SRC-F009\201230(조간)남양주왕숙_고양창릉 신도시 교통대책 확정(공공택지기획과 광역교통정책과).hwp,SRC-E2-B07;SRC-F009;SRC-F021,https://www.molit.go.kr/mta/USR/N0201/m_36770/dtl.jsp?id=95084988&lcmspage=1;https://www.molit.go.kr/mta/USR/N0201/m_36770/dtl.jsp?lcmspage=2&id=95084988;https://www.molit.go.kr/portal/common/download/DownloadMltm2.jsp?FilePath=/upload/portal/DextUpload/202012/20201229_092632_077.hwp&FileName=201230(%EC%A1%B0%EA%B0%84)%EB%82%A8%EC%96%91%EC%A3%BC%EC%99%95%EC%88%99_%EA%B3%A0%EC%96%91%EC%B0%BD%EB%A6%89%20%EC%8B%A0%EB%8F%84%EC%8B%9C%20%EA%B5%90%ED%86%B5%EB%8C%80%EC%B1%85%20%ED%99%95%EC%A0%95(%EA%B3%B5%EA%B3%B5%ED%83%9D%EC%A7%80%EA%B8%B0%ED%9A%8D%EA%B3%BC%20%EA%B4%91%EC%97%AD%EA%B5%90%ED%86%B5%EC%A0%95%EC%B1%85%EA%B3%BC).hwp,2026-08-31T21:16:29+09:00
imported\SRC-F009\201230(조간)남양주왕숙_고양창릉 신도시 교통대책 확정(공공택지기획과 광역교통정책과).hwp,201230(조간)남양주왕숙_고양창릉 신도시 교통대책 확정(공공택지기획과 광역교통정책과).hwp,.hwp,application/haansofthwp,1572864,28b1bacbe0ea7e9ad4dd42c5659f47b22ef4a07e27221f47169c6838b10f657e,true,,SRC-E2-B07;SRC-F009;SRC-F021,https://www.molit.go.kr/mta/USR/N0201/m_36770/dtl.jsp?id=95084988&lcmspage=1;https://www.molit.go.kr/mta/USR/N0201/m_36770/dtl.jsp?lcmspage=2&id=95084988;https://www.molit.go.kr/portal/common/download/DownloadMltm2.jsp?FilePath=/upload/portal/DextUpload/202012/20201229_092632_077.hwp&FileName=201230(%EC%A1%B0%EA%B0%84)%EB%82%A8%EC%96%91%EC%A3%BC%EC%99%95%EC%88%99_%EA%B3%A0%EC%96%91%EC%B0%BD%EB%A6%89%20%EC%8B%A0%EB%8F%84%EC%8B%9C%20%EA%B5%90%ED%86%B5%EB%8C%80%EC%B1%85%20%ED%99%95%EC%A0%95(%EA%B3%B5%EA%B3%B5%ED%83%9D%EC%A7%80%EA%B8%B0%ED%9A%8D%EA%B3%BC%20%EA%B4%91%EC%97%AD%EA%B5%90%ED%86%B5%EC%A0%95%EC%B1%85%EA%B3%BC).hwp,2026-08-31T21:16:29+09:00
imported\SRC-F021\201230(조간)남양주왕숙_고양창릉 신도시 교통대책 확정(공공택지기획과 광역교통정책과).hwp,201230(조간)남양주왕숙_고양창릉 신도시 교통대책 확정(공공택지기획과 광역교통정책과).hwp,.hwp,application/haansofthwp,1572864,28b1bacbe0ea7e9ad4dd42c5659f47b22ef4a07e27221f47169c6838b10f657e,false,imported\SRC-F009\201230(조간)남양주왕숙_고양창릉 신도시 교통대책 확정(공공택지기획과 광역교통정책과).hwp,SRC-E2-B07;SRC-F009;SRC-F021,https://www.molit.go.kr/mta/USR/N0201/m_36770/dtl.jsp?id=95084988&lcmspage=1;https://www.molit.go.kr/mta/USR/N0201/m_36770/dtl.jsp?lcmspage=2&id=95084988;https://www.molit.go.kr/portal/common/download/DownloadMltm2.jsp?FilePath=/upload/portal/DextUpload/202012/20201229_092632_077.hwp&FileName=201230(%EC%A1%B0%EA%B0%84)%EB%82%A8%EC%96%91%EC%A3%BC%EC%99%95%EC%88%99_%EA%B3%A0%EC%96%91%EC%B0%BD%EB%A6%89%20%EC%8B%A0%EB%8F%84%EC%8B%9C%20%EA%B5%90%ED%86%B5%EB%8C%80%EC%B1%85%20%ED%99%95%EC%A0%95(%EA%B3%B5%EA%B3%B5%ED%83%9D%EC%A7%80%EA%B8%B0%ED%9A%8D%EA%B3%BC%20%EA%B4%91%EC%97%AD%EA%B5%90%ED%86%B5%EC%A0%95%EC%B1%85%EA%B3%BC).hwp,2026-08-31T21:16:29+09:00
홈_열린시장실_의견공감 _ 인천은 소통이 가득.pdf,홈_열린시장실_의견공감 _ 인천은 소통이 가득.pdf,.pdf,application/pdf,124564,2a3f750b161fd40b3fe721027885cc698b4e8456e20cc2ded266c64a03eb85ca,true,,SRC-PDF-110-DOC,https://www.incheon.go.kr/cool/COOL010501/view?petitSn=2048913,2026-09-02T18:18:06+09:00
documents\하남 미사\2020-05-21_하남교산_신도시__과천지구_광역교통개선대책_확정.html,2020-05-21_하남교산_신도시__과천지구_광역교통개선대책_확정.html,.html,text/html,61846,2b2f145a9ed12d8d34b529016462b1b8f4d5683dc7a7e281dd64f99490007b41,true,,,,
documents\위례\2014-05-15_국토부__위례신도시_광역교통대책_확정.html,2014-05-15_국토부__위례신도시_광역교통대책_확정.html,.html,text/html,154941,2b703cdd109d28a52f5d2795aaa3e3c7d253eabe9c916b49635e2c94ef2ce908,true,,,,
documents\남양주 다산\2024-08-09__남양주_잠실_27분___8월_10일_별내선_개통.html,2024-08-09__남양주_잠실_27분___8월_10일_별내선_개통.html,.html,text/html,54127,2e12c3efeb1f158b5dc6284cf6da6e12bb0d3c00d335d323d50eb16842724139,true,,SRC-H024,https://molit.go.kr/atmo/USR/N0201/m_36515/dtl.jsp?id=95090058&lcmspage=77;https://molit.go.kr/portal/common/download/DownloadMltm2.jsp?FilePath=/upload/portal/DextUpload/202408/20240808_100830_295.hwpx&FileName=240809(%EC%A1%B0%EA%B0%84)_%EB%82%A8%EC%96%91%EC%A3%BC~%EC%9E%A0%EC%8B%A4_27%EB%B6%84__8%EC%9B%94_10%EC%9D%BC_%EB%B3%84%EB%82%B4%EC%84%A0_%EA%B0%9C%ED%86%B5(%EA%B4%91%EC%97%AD%EC%8B%9C%EC%84%A4%EC%A0%95%EC%B1%85%EA%B3%BC).hwpx,2026-08-31T21:16:29+09:00
documents\부천 대장\2021-01-24_3기_신도시__패스트트랙_교통대책_조기_확정_등으로_신속_공급.html,2021-01-24_3기_신도시__패스트트랙_교통대책_조기_확정_등으로_신속_공급.html,.html,text/html,27350,31f5ea11323f9ed9188ac1643293212a8479e34bb69bae7ac0a70da00be3c351,true,,SRC-E2-B10,http://www.molit.go.kr/mta/USR/N0201/m_36770/dtl.jsp?lcmspage=1&id=95085094,2026-08-31T21:16:29+09:00
documents\위례\2023-09_하남시_똑버스_운행.html,2023-09_하남시_똑버스_운행.html,.html,text/html,121162,349f134b0941de89423042e3637348154dc8ca95e3a9b3da0f39f52cfce5ae27,true,,SRC-H018,https://www.hanam.go.kr/cleanh/cleanhBbsNttWebView.do?key=4348&nttNo=2245,2026-08-31T21:16:29+09:00
"하남시, 미사순환 마을버스 노선 개통.pdf","하남시, 미사순환 마을버스 노선 개통.pdf",.pdf,application/pdf,1600582,35c0ffd16b7581c3888e2559c2e9d9d71dc598c9243d1ff23162619533ae7729,true,,SRC-PDF-109-ACTU-1;SRC-PDF-109-ACTU-2,,2026-09-02T18:18:06+09:00
(정정)(정정)고양창릉S-3블록입주자모집공고문.pdf,(정정)(정정)고양창릉S-3블록입주자모집공고문.pdf,.pdf,application/pdf,1619270,35fef79a31d18fdeecb52bc6a15e08811e6857245dbd14d220753f3597a10981,true,,SRC-PDF-004-OCCU-1,https://apply.lh.or.kr/lhapply/lhFile.do?fileid=67677223,2026-09-02T18:18:06+09:00
documents\부천 대장\2023-06-30_대곡_소사_복선전철_7월_1일_개통.html,2023-06-30_대곡_소사_복선전철_7월_1일_개통.html,.html,text/html,58513,3a440438e7ec34858de3d17f59dba5933f55f9ce9ba439a881006c9271a68f11,true,,SRC-F029,https://www.molit.go.kr/USR/NEWS/m_72/dtl.jsp?id=95088517&lcmspage=5,2026-08-31T21:16:29+09:00
documents\남양주 왕숙\2025_남양주왕숙_A-1블록_공공분양주택_입주자모집공고.html,2025_남양주왕숙_A-1블록_공공분양주택_입주자모집공고.html,.html,text/html,196665,3d2fbd3e41f74d681d9633ab3443d963b9e101185935e096e1b754b22d05ec88,true,,SRC-F007,https://apply.lh.or.kr/lhapply/apply/wt/wrtanc/selectWrtancInfo.do?aisTpCd=05&ccrCnntSysDsCd=02&mi=1027&panId=0000060926&uppAisTpCd=05,2026-08-31T21:16:29+09:00
documents\남양주 다산\2016-07-18_경기도의회_제312회_임시회_회의록.html,2016-07-18_경기도의회_제312회_임시회_회의록.html,.html,text/html,510545,3fc514500716ecb7f54fb787de4ed6ff89e09d04cc941be9deea346ab544af72,true,,SRC-H019,https://kms.ggc.go.kr/cms/mntsViewer.do?mntsId=9247,2026-08-31T21:16:29+09:00
documents\위례\2025-09-05_위례선_트램__2026년_하반기_개통_목표.html,2025-09-05_위례선_트램__2026년_하반기_개통_목표.html,.html,text/html,119970,40bdcb00aff724a8a641044b5ef748ae63fa0f34704ea84ee5b0a51927aa9425,true,,SRC-H015,https://mediahub.seoul.go.kr/archives/2015526,2026-08-31T21:16:29+09:00
documents\김포 한강\2011-05-03_경기도의회_제258회_임시회_회의록.html,2011-05-03_경기도의회_제258회_임시회_회의록.html,.html,text/html,75413,4383ab01a57617fd5f9f980139afe773bf414b256f1f7dba188b4509bc0153e9,true,,SRC-H008,https://kms.ggc.go.kr/cms/mntsViewer.do?mntsId=718,2026-08-31T21:16:29+09:00
documents\남양주 다산\2024-08-10_별내선_개통__첫_열차_운행.html,2024-08-10_별내선_개통__첫_열차_운행.html,.html,text/html,60091,46c878afe7723b77f7ddfac3796a15c955700305935340ff93d2e072ddba5766,true,,SRC-H023,https://gnews.gg.go.kr/briefing/brief_gongbo_view.do?BS_CODE=s017&number=62697&subject_Code=BO01,2026-08-31T21:16:29+09:00
documents\하남 미사\2016-07-01_미사강변도시_A24__A25블록_10년_공공임대주택리츠_입주자_모집.html,2016-07-01_미사강변도시_A24__A25블록_10년_공공임대주택리츠_입주자_모집.html,.html,text/html,924736,46d9655b975a37912dff085416a8b77ff01b5ce8be656795bff7b8f94d9ce854,true,,,,
documents\하남 교산\2020-05-21_하남교산_과천_광역교통개선대책_확정.html,2020-05-21_하남교산_과천_광역교통개선대책_확정.html,.html,text/html,30735,4817a8af4673acbc0d43eece66ca74d2e9537fb6dec0abc36be2a178e75230b6,true,,SRC-F015,https://www.molit.go.kr/mta/USR/N0201/m_36770/dtl.jsp?id=95083918&lcmspage=88,2026-08-31T21:16:29+09:00
imported\SRC-E1-A02\E1-A02.html,E1-A02.html,.html,text/html,197054,483a159ffdcd7600d071b1685f6411f9cbfc6159229dc73d2c118476b8c21b7d,false,refetched\E1-A02.html,SRC-E1-A02,https://apply.lh.or.kr/lhapply/apply/wt/wrtanc/selectWrtancInfo.do?panId=0000061101&ccrCnntSysDsCd=02&uppAisTpCd=05&aisTpCd=05&mi=1027,2026-08-31T21:16:29+09:00
refetched\E1-A02.html,E1-A02.html,.html,text/html,197054,483a159ffdcd7600d071b1685f6411f9cbfc6159229dc73d2c118476b8c21b7d,true,,SRC-E1-A02,https://apply.lh.or.kr/lhapply/apply/wt/wrtanc/selectWrtancInfo.do?panId=0000061101&ccrCnntSysDsCd=02&uppAisTpCd=05&aisTpCd=05&mi=1027,2026-08-31T21:16:29+09:00
documents\화성 동탄2\2022-06-16_수원_호매실_17일__화성_동탄2지구_21일__광역교통_주민간담회_개최.html,2022-06-16_수원_호매실_17일__화성_동탄2지구_21일__광역교통_주민간담회_개최.html,.html,text/html,61789,4977928568e807e95b1759306e01bab4cce6650d55fe03994b459ef9667d0946,true,,,,
[공고문]부천대장_A6블록_신혼희망타운_행복주택_입주자모집(`26.07.23.).pdf,[공고문]부천대장_A6블록_신혼희망타운_행복주택_입주자모집(`26.07.23.).pdf,.pdf,application/pdf,1206203,4c96f574d6f235f71d79e3e067d5d2f666e5895a0c0db9ae0b862e31aa96c14d,true,,SRC-PDF-037-OCCU-1,https://apply.lh.or.kr/lhapply/lhFile.do?fileid=67822428,2026-09-02T18:18:06+09:00
정책브리핑 _ 기사인쇄하기.pdf,정책브리핑 _ 기사인쇄하기.pdf,.pdf,application/pdf,238399,543077ecbacfb56aba75f592cde54280c508f1c5653cf9a25b3196a9c060df3d,true,,SRC-PDF-099-OCCU-1,https://www.korea.kr/common/searchPrint.do,2026-09-02T18:18:06+09:00
보도자료 다산신도시 입주지원 특별대책반 가동.pdf,보도자료 다산신도시 입주지원 특별대책반 가동.pdf,.pdf,application/pdf,116867,548a8ff7ef6d0fd6ce3db6989f1392e926873d063fe4344760061cb9d3637fea,true,,SRC-PDF-089-OCCU-1,https://allinpdf.com/Transmit/File_Download?DownloadPath=2026%2f08%2f31%2f639e0bfd-8a7c-45ac-a6ee-cad773e402ab.hwp-0001.pdf&FileName=%eb%b3%b4%eb%8f%84%ec%9e%90%eb%a3%8c+%eb%8b%a4%ec%82%b0%ec%8b%a0%eb%8f%84%ec%8b%9c+%ec%9e%85%ec%a3%bc%ec%a7%80%ec%9b%90+%ed%8a%b9%eb%b3%84%eb%8c%80%ec%b1%85%eb%b0%98+%ea%b0%80%eb%8f%99.hwp.pdf,2026-09-02T18:18:06+09:00
고양창릉S-4블록공공분양입주자모집공고문(안).pdf,고양창릉S-4블록공공분양입주자모집공고문(안).pdf,.pdf,application/pdf,1613205,565721aa8e656d20e2b2edb9c8db64b0ffdab8bfd02ea4e2ad8119bc9b76e5d9,true,,SRC-PDF-073-OCCU-1,https://apply.lh.or.kr/lhapply/lhFile.do?fileid=67498801,2026-09-02T18:18:06+09:00
documents\위례\2022_위례신도시_교통_현황과_개선_계획.html,2022_위례신도시_교통_현황과_개선_계획.html,.html,text/html,142383,5ad0c40f29df2cbebab51894f18a7aafeffd02c37107512bb52bc8de2ab0e702,true,,SRC-H013,https://mediahub.seoul.go.kr/archives/2015024,2026-08-31T21:16:29+09:00
documents\하남 미사\2020-05-21_하남교산_신도시__과천지구_광역교통개선대책_확정.pdf,2020-05-21_하남교산_신도시__과천지구_광역교통개선대책_확정.pdf,.pdf,application/pdf,61846,5c8bd8f5fb2ae4023300d399bf8deb93f05dd5dff08af27165cd6c6a2201d89c,true,,SRC-PDF-049-PROM-1,,2026-09-02T18:18:06+09:00
220318(석간)_진접선_개통_남양주의_새로운_길(철도투자개발과).pdf,220318(석간)_진접선_개통_남양주의_새로운_길(철도투자개발과).pdf,.pdf,application/pdf,1494677,5ca5a14c242fdc43aba2946d19a90fd682ecf38054edf2acaaa843cc89f8112b,true,,SRC-PDF-023-ACTU-1,https://www.molit.go.kr/LCMS/DWN.jsp?fold=koreaNews/mobile/file&fileName=220318%28%EC%84%9D%EA%B0%84%29_%EC%A7%84%EC%A0%91%EC%84%A0_%EA%B0%9C%ED%86%B5_%EB%82%A8%EC%96%91%EC%A3%BC%EC%9D%98_%EC%83%88%EB%A1%9C%EC%9A%B4_%EA%B8%B8%28%EC%B2%A0%EB%8F%84%ED%88%AC%EC%9E%90%EA%B0%9C%EB%B0%9C%EA%B3%BC%29.pdf,2026-09-02T18:18:06+09:00
20150123_ 동탄2신도시 첫 입주.pdf,20150123_ 동탄2신도시 첫 입주.pdf,.pdf,application/pdf,306583,5ec7ad2f8fde7650b4723adcec0d6931c2ecdb8af0bd0ccaab60f6db6b6c63e6,true,,SRC-PDF-020-OCCU-1,,2026-09-02T18:18:06+09:00
(정정공고)인천계양A3블록단지내상가분양공고문(게시용).pdf,(정정공고)인천계양A3블록단지내상가분양공고문(게시용).pdf,.pdf,application/pdf,274244,5f2a920d6c4eef88fda95d7fd9fb6692d4f8aed29368d2e5a968886069317666,true,,SRC-PDF-011-DOC,https://apply.lh.or.kr/lhapply/lhFile.do?fileid=67654114,2026-09-02T18:18:06+09:00
documents\하남 미사\2020-12-31_하남시_2020년_10대_뉴스.html,2020-12-31_하남시_2020년_10대_뉴스.html,.html,text/html,91035,5f677f3d1200fa35363643aaef52eebb157d84d90539ee15a04868e77fe3495d,true,,SRC-H027,https://www.hanam.go.kr/sosik/selectBbsNttView.do?bbsNo=1164&integrDeptCode=&key=10048&nttNo=221988&pageIndex=392&searchCnd=all&searchCtgry=&searchKrwd=&selectPageUnit=,2026-08-31T21:16:29+09:00
"예비입주자모집공고문(미사12,16)(2).pdf","예비입주자모집공고문(미사12,16)(2).pdf",.pdf,application/pdf,1785865,5f78b95ae640847279af2e71ce967b3b8f2160776ac08cf24f46e5d731c0aca5,true,,SRC-PDF-094-OCCU-1,https://apply.lh.or.kr/lhapply/lhFile.do?fileid=54496971,2026-09-02T18:18:06+09:00
김포한강Ac-01a블록(데세리브)10년공공임대주택리츠예비입주자모집공고문(26.06.19).pdf,김포한강Ac-01a블록(데세리브)10년공공임대주택리츠예비입주자모집공고문(26.06.19).pdf,.pdf,application/pdf,401851,5fae342e3aebe93b2118cd32e37d603c71670b7b78aad88b4b859e882a73ee3c,true,,SRC-PDF-075-OCCU-1,https://apply.lh.or.kr/lhapply/lhFile.do?fileid=67332353,2026-09-02T18:18:06+09:00
documents\하남 교산\2025-03-31_교산_푸르지오_더_퍼스트_입주자모집공고.html,2025-03-31_교산_푸르지오_더_퍼스트_입주자모집공고.html,.html,text/html,190728,6148722fa9e6fb4ef4ecf538e89bd1564b5e371ee3578caa4e6d9048936852be,true,,SRC-F013,https://apply.lh.or.kr/lhapply/apply/wt/wrtanc/selectWrtancInfo.do?aisTpCd=05&ccrCnntSysDsCd=02&mi=1027&panId=0000060838&uppAisTpCd=05,2026-08-31T21:16:29+09:00
imported\SRC-E1-C06\260226(동정) 김용석 대광위원장 위례신도시 광역교통개선대책 점검(광역교통정책과).hwpx,260226(동정) 김용석 대광위원장 위례신도시 광역교통개선대책 점검(광역교통정책과).hwpx,.hwpx,application/haansofthwpx,783869,6245af210bae8bf40c565532b0aaf7459419510e135d4f5bae17076657055179,true,,,,
지하철 하남선 개통에 대하여.pdf,지하철 하남선 개통에 대하여.pdf,.pdf,application/pdf,284198,64d6f55fad58be64ef283ac365cab3c13752d7b05688569522b570c1f4438157,true,,SRC-H028,https://www.hanam.go.kr/www/selectBbsNttView.do?bbsNo=944&key=3760&nttNo=115091,2026-08-31T21:16:29+09:00
제312회 제2차 기획재정위원회(2016.07.18. 월요일) _ 경기도의회 회의록 _ 경기도의회.pdf,제312회 제2차 기획재정위원회(2016.07.18. 월요일) _ 경기도의회 회의록 _ 경기도의회.pdf,.pdf,application/pdf,1356568,662cae34a3c8e14374c392303378b0ba439c99f3c2adc01123332b85f12a931f,true,,SRC-PDF-101-DOC,https://kms.ggc.go.kr/html/mntsPrint.html,2026-09-02T18:18:06+09:00
변경 노선도（다산역）-홈페이지 게시용.pdf,변경 노선도（다산역）-홈페이지 게시용.pdf,.pdf,application/pdf,488496,672466fe557eca52389b61cf8eb9697e0f4110033cbb0418bbe8d3193d9dc68c,true,,SRC-PDF-087-BASI-1,https://www.nyj.go.kr/www/downloadBbsFile.do?bbsNo=62&nttNo=482937&atchmnflNo=1493102,2026-09-02T18:18:06+09:00
"경기도, 별내선 개통. 남양주 별내에서 잠실까지 27분이면 간다. 김동연, “구리, 남양주. 경기동북부 주민들 교통 숨통 확 트일 것”.pdf","경기도, 별내선 개통. 남양주 별내에서 잠실까지 27분이면 간다. 김동연, “구리, 남양주. 경기동북부 주민들 교통 숨통 확 트일 것”.pdf",.pdf,application/pdf,15456412,6725ccec06129673dcd030a56859bb9c08dc0d33fa297914ba75e9197c95f38b,true,,SRC-F012,https://gnews.gg.go.kr/briefing/brief_gongbo_view.do?BS_CODE=s017&number=62697&subject_Code=BO01,2026-08-31T21:16:29+09:00
140630_LH_미사강변도시_첫_입주_시작.pdf,140630_LH_미사강변도시_첫_입주_시작.pdf,.pdf,application/pdf,228581,6a368721bcef1b229bfe5bd3bb2d40b5ddf61811dd86483a53841c6ecdfc15a4,true,,SRC-PDF-016-OCCU-1,,2026-09-02T18:18:06+09:00
[공고문]부천대장_A5블록_신혼희망타운_행복주택_입주자모집(`26.07.23.).pdf,[공고문]부천대장_A5블록_신혼희망타운_행복주택_입주자모집(`26.07.23.).pdf,.pdf,application/pdf,1205791,6cdd357410777803b9423465738698e06c86d90f2770b19fe8e598acca238bb1,true,,SRC-PDF-036-OCCU-1,https://apply.lh.or.kr/lhapply/lhFile.do?fileid=67822421,2026-09-02T18:18:06+09:00
documents\남양주 왕숙\2020-12-29_남양주왕숙_고양창릉_신도시_교통대책_확정.html,2020-12-29_남양주왕숙_고양창릉_신도시_교통대책_확정.html,.html,text/html,35788,6dae1eeca5a29545344277026e601cfbe8230b042347f95b2aa9f4cf88b17409,true,,SRC-F009,https://www.molit.go.kr/mta/USR/N0201/m_36770/dtl.jsp?id=95084988&lcmspage=1;https://www.molit.go.kr/portal/common/download/DownloadMltm2.jsp?FilePath=/upload/portal/DextUpload/202012/20201229_092632_077.hwp&FileName=201230(%EC%A1%B0%EA%B0%84)%EB%82%A8%EC%96%91%EC%A3%BC%EC%99%95%EC%88%99_%EA%B3%A0%EC%96%91%EC%B0%BD%EB%A6%89%20%EC%8B%A0%EB%8F%84%EC%8B%9C%20%EA%B5%90%ED%86%B5%EB%8C%80%EC%B1%85%20%ED%99%95%EC%A0%95(%EA%B3%B5%EA%B3%B5%ED%83%9D%EC%A7%80%EA%B8%B0%ED%9A%8D%EA%B3%BC%20%EA%B4%91%EC%97%AD%EA%B5%90%ED%86%B5%EC%A0%95%EC%B1%85%EA%B3%BC).hwp,2026-08-31T21:16:29+09:00
(250724)남양주왕숙A-2블록신혼희망타운(공공분양)입주자모집공고문.pdf,(250724)남양주왕숙A-2블록신혼희망타운(공공분양)입주자모집공고문.pdf,.pdf,application/pdf,1137640,70517aa73243cce5a00fb02792ec0a84e4aad3c728a1a5c48546bfa0f8409442,true,,SRC-PDF-002-OCCU-1,https://apply.lh.or.kr/lhapply/lhFile.do?fileid=62796612,2026-09-02T18:18:06+09:00
"남양주시, 땡큐버스 등 6개 노선 개편으로 시민 불편 해소.pdf","남양주시, 땡큐버스 등 6개 노선 개편으로 시민 불편 해소.pdf",.pdf,application/pdf,299568,70e61cf108214fb5b0a5bb9c687aa196fbffbb203a42f2b527b9f9a14f88e4a7,true,,SRC-PDF-078-BASI-1,,2026-09-02T18:18:06+09:00
buy.gh.or.kr_land_svc_announce_land_announce_html.jsp_strFile=00586_201802271541281.jsp.pdf,buy.gh.or.kr_land_svc_announce_land_announce_html.jsp_strFile=00586_201802271541281.jsp.pdf,.pdf,application/pdf,849543,7139dab4d1a5071c526396881c1e3160f3ab1957c9f42437a0cf9a3c533885ab,true,,SRC-H022,https://buy.gh.or.kr/land/svc/announce/land_announce_html.jsp?strFile=00586_201802271541281.jsp,2026-08-31T21:16:29+09:00
"내년 개통 앞둔 위례선 트램, 실제 차량 대공개! 승하차 태그는 어떻게_ _ 서울시 - 내 손안에 서울.pdf","내년 개통 앞둔 위례선 트램, 실제 차량 대공개! 승하차 태그는 어떻게_ _ 서울시 - 내 손안에 서울.pdf",.pdf,application/pdf,10331609,720b75ef0bff8893c739dde9a900298f9a9b9f95ec74db696ec8841b828d5850,true,,SRC-PDF-080-PROM-1,https://mediahub.seoul.go.kr/news/article/newsArticlePrintPopup.do?articleNo=2015024,2026-09-02T18:18:06+09:00
documents\남양주 왕숙\2025-07-24_남양주왕숙_A-2블록_신혼희망타운_입주자모집공고.html,2025-07-24_남양주왕숙_A-2블록_신혼희망타운_입주자모집공고.html,.html,text/html,193986,722d39198a5909bee3459cfb78f636dc4d2f072bab7405d14fa04d358d0840d7,true,,SRC-F008,https://apply.lh.or.kr/lhapply/apply/wt/wrtanc/selectWrtancInfo.do?aisTpCd=39&ccrCnntSysDsCd=02&mi=1027&panId=0000060921&uppAisTpCd=39,2026-08-31T21:16:29+09:00
documents\김포 한강\2021-06-29__참고__서부권_2기_신도시_김포한강__인천검단__교통개선_대책.html,2021-06-29__참고__서부권_2기_신도시_김포한강__인천검단__교통개선_대책.html,.html,text/html,352543,724ddf75001dcf20706283c799fd80f2afe9cf86db840e743cf727343d0826dc,true,,,,
documents\남양주 왕숙\2024-08-10_별내선_개통__첫_열차_운행.html,2024-08-10_별내선_개통__첫_열차_운행.html,.html,text/html,60091,7426809fef38ea73371315bb6b00306b5876f9570b98d55705d620541531d6a2,true,,SRC-F012,https://gnews.gg.go.kr/briefing/brief_gongbo_view.do?BS_CODE=s017&number=62697&subject_Code=BO01,2026-08-31T21:16:29+09:00
imported\SRC-E1-B01\221026(석간)_수원_호매실_화성_동탄2_광역교통특별대책_발표(광역교통정책과).hwpx,221026(석간)_수원_호매실_화성_동탄2_광역교통특별대책_발표(광역교통정책과).hwpx,.hwpx,application/haansofthwpx,289101,74559c5998f914659f03ac463e5d3dcc84711904e8cf927c4592cff20c181fcb,false,imported\SRC-H003\221026(석간)_수원_호매실_화성_동탄2_광역교통특별대책_발표(광역교통정책과).hwpx,SRC-E1-B01;SRC-H003,https://www.molit.go.kr/LCMS/DWN.jsp?fold=koreaNews/mobile/file&fileName=221026%28%EC%84%9D%EA%B0%84%29_%EC%88%98%EC%9B%90_%ED%98%B8%EB%A7%A4%EC%8B%A4_%ED%99%94%EC%84%B1_%EB%8F%99%ED%83%842_%EA%B4%91%EC%97%AD%EA%B5%90%ED%86%B5%ED%8A%B9%EB%B3%84%EB%8C%80%EC%B1%85_%EB%B0%9C%ED%91%9C%28%EA%B4%91%EC%97%AD%EA%B5%90%ED%86%B5%EC%A0%95%EC%B1%85%EA%B3%BC%29.pdf;https://www.molit.go.kr/mta/USR/N0201/m_36770/dtl.jsp?id=95087345&lcmspage=5;https://www.molit.go.kr/portal/common/download/DownloadMltm2.jsp?FilePath=/upload/portal/DextUpload/202210/20221026_094014_110.hwpx&FileName=221026(%EC%84%9D%EA%B0%84)_%EC%88%98%EC%9B%90_%ED%98%B8%EB%A7%A4%EC%8B%A4_%ED%99%94%EC%84%B1_%EB%8F%99%ED%83%842_%EA%B4%91%EC%97%AD%EA%B5%90%ED%86%B5%ED%8A%B9%EB%B3%84%EB%8C%80%EC%B1%85_%EB%B0%9C%ED%91%9C(%EA%B4%91%EC%97%AD%EA%B5%90%ED%86%B5%EC%A0%95%EC%B1%85%EA%B3%BC).hwpx,2026-08-31T21:16:29+09:00
imported\SRC-H003\221026(석간)_수원_호매실_화성_동탄2_광역교통특별대책_발표(광역교통정책과).hwpx,221026(석간)_수원_호매실_화성_동탄2_광역교통특별대책_발표(광역교통정책과).hwpx,.hwpx,application/haansofthwpx,289101,74559c5998f914659f03ac463e5d3dcc84711904e8cf927c4592cff20c181fcb,true,,SRC-E1-B01;SRC-H003,https://www.molit.go.kr/LCMS/DWN.jsp?fold=koreaNews/mobile/file&fileName=221026%28%EC%84%9D%EA%B0%84%29_%EC%88%98%EC%9B%90_%ED%98%B8%EB%A7%A4%EC%8B%A4_%ED%99%94%EC%84%B1_%EB%8F%99%ED%83%842_%EA%B4%91%EC%97%AD%EA%B5%90%ED%86%B5%ED%8A%B9%EB%B3%84%EB%8C%80%EC%B1%85_%EB%B0%9C%ED%91%9C%28%EA%B4%91%EC%97%AD%EA%B5%90%ED%86%B5%EC%A0%95%EC%B1%85%EA%B3%BC%29.pdf;https://www.molit.go.kr/mta/USR/N0201/m_36770/dtl.jsp?id=95087345&lcmspage=5;https://www.molit.go.kr/portal/common/download/DownloadMltm2.jsp?FilePath=/upload/portal/DextUpload/202210/20221026_094014_110.hwpx&FileName=221026(%EC%84%9D%EA%B0%84)_%EC%88%98%EC%9B%90_%ED%98%B8%EB%A7%A4%EC%8B%A4_%ED%99%94%EC%84%B1_%EB%8F%99%ED%83%842_%EA%B4%91%EC%97%AD%EA%B5%90%ED%86%B5%ED%8A%B9%EB%B3%84%EB%8C%80%EC%B1%85_%EB%B0%9C%ED%91%9C(%EA%B4%91%EC%97%AD%EA%B5%90%ED%86%B5%EC%A0%95%EC%B1%85%EA%B3%BC).hwpx,2026-08-31T21:16:29+09:00
documents\target_refresh_20260902\SRC-E2-C10_2026-09-02.html,SRC-E2-C10_2026-09-02.html,.html,text/html,196148,74cef30b17bd093346b8467ab7653e9d4bf48c1c71e30d2e0463b87a751f2a7e,true,,SRC-E2-C10,https://apply.lh.or.kr/lhapply/apply/wt/wrtanc/selectWrtancInfo.do?panId=0000060706&ccrCnntSysDsCd=02&uppAisTpCd=05&aisTpCd=05&mi=1027,2026-09-02T00:00:00+09:00
documents\target_refresh_20260902\SRC-E1-A10_2026-09-02.html,SRC-E1-A10_2026-09-02.html,.html,text/html,175848,752c19d614dfe13b904ae2a8de553ad1d3d0fb31ad5c2d08e1793e5b198cbb91,true,,SRC-E1-A10,https://www.myhome.go.kr/hws/portal/sch/selectRsdtRcritNtcDetailView.do?pblancId=920,2026-09-02T00:00:00+09:00
★화성동탄2C-27블록공공분양주택입주자모집공고문.pdf,★화성동탄2C-27블록공공분양주택입주자모집공고문.pdf,.pdf,application/pdf,1403321,7566afe81be70a79ee692a52f0438da0bfc935eb971e853654613533d09d55c7,true,,SRC-PDF-071-OCCU-1,https://apply.lh.or.kr/lhapply/lhFile.do?fileid=67060609,2026-09-02T18:18:06+09:00
250724(석간) 3기 신도시 남양주왕숙 첫 공급 개시(공공택지관리과).pdf,250724(석간) 3기 신도시 남양주왕숙 첫 공급 개시(공공택지관리과).pdf,.pdf,application/pdf,1034272,75b73130d02612d7c1c05f64b5a800a662554d854abc4445e565e0caf2439cb6,true,,SRC-PDF-033-OCCU-1,https://www.molit.go.kr/LCMS/DWN.jsp?fold=koreaNews/mobile/file&fileName=250724%28%EC%84%9D%EA%B0%84%29+3%EA%B8%B0+%EC%8B%A0%EB%8F%84%EC%8B%9C+%EB%82%A8%EC%96%91%EC%A3%BC%EC%99%95%EC%88%99+%EC%B2%AB+%EA%B3%B5%EA%B8%89+%EA%B0%9C%EC%8B%9C%28%EA%B3%B5%EA%B3%B5%ED%83%9D%EC%A7%80%EA%B4%80%EB%A6%AC%EA%B3%BC%29.pdf,2026-09-02T18:18:06+09:00
BRT _ 대도시권광역교통위원회.pdf,BRT _ 대도시권광역교통위원회.pdf,.pdf,application/pdf,1630346,7714332a5b225299facb069431a9cd3ca9d7535e10986b2ec3dc5b3a7fc359a5,true,,SRC-F004,https://www.molit.go.kr/mta/USR/WPGE0201/m_36794/DTL.jsp,2026-08-31T21:16:29+09:00
documents\남양주 다산\2020-12-29_남양주왕숙_고양창릉_신도시_교통대책_확정_.html,2020-12-29_남양주왕숙_고양창릉_신도시_교통대책_확정_.html,.html,text/html,35788,773ef92a950674c20a9fb0ee461fea3e5344baeb0c2fb6d8346a5011f0d3c107,true,,SRC-E1-B07,https://www.molit.go.kr/mta/USR/N0201/m_36770/dtl.jsp?lcmspage=2&id=95084988,2026-08-31T21:16:29+09:00
documents\위례\2015-07-27_위례신도시_하남권역_입주대비_교통대책.html,2015-07-27_위례신도시_하남권역_입주대비_교통대책.html,.html,text/html,14687,7797c1100afd0c85cb91eaf6235494beb7c4a8d7136ebbd4cf8e2c35bb9a9aec,true,,SRC-H014,https://www.hanam.go.kr/sosik/selectBbsNttView.do?bbsNo=1164&integrDeptCode=&key=10048&nttNo=153910&pageIndex=901&searchCnd=all&searchCtgry=&searchKrwd=&selectPageUnit=,2026-08-31T21:16:29+09:00
(정정공고) 다산신도시 자연앤푸르지오 입주자모집 정정공고(A3).pdf,(정정공고) 다산신도시 자연앤푸르지오 입주자모집 정정공고(A3).pdf,.pdf,application/pdf,814894,78e1f182e7fd0b7a08ca5d3c27ae6e6d7fda39a6479c6788bce1f18d7d80e999,true,,SRC-H021,https://www.gh.or.kr/gh/announcement-of-salerental001.do?articleNo=52607&attachNo=57912&mode=download,2026-08-31T21:16:29+09:00
documents\남양주 다산\2019_다산신도시_자연_푸르지오_공공분양주택_입주자모집_정정공고.pdf,2019_다산신도시_자연_푸르지오_공공분양주택_입주자모집_정정공고.pdf,.pdf,application/pdf,814894,78e1f182e7fd0b7a08ca5d3c27ae6e6d7fda39a6479c6788bce1f18d7d80e999,false,(정정공고) 다산신도시 자연앤푸르지오 입주자모집 정정공고(A3).pdf,SRC-H021,https://www.gh.or.kr/gh/announcement-of-salerental001.do?articleNo=52607&attachNo=57912&mode=download,2026-08-31T21:16:29+09:00
documents\고양 창릉\2024-12-11_GTX-A_운정중앙_서울역_구간_12월_28일_개통.html,2024-12-11_GTX-A_운정중앙_서울역_구간_12월_28일_개통.html,.html,text/html,61285,7a6ec410b2924164a236a0822a7dc0c53f48a479da8f2a672f6dae714cf189e1,true,,SRC-F023,https://www.molit.go.kr/USR/NEWS/dtl.jsp?id=95090469&lcmspage=47,2026-08-31T21:16:29+09:00
송파구청 - 분야별정보 - 주택_도시 - 교통대책 - 위례신도시 광역교통 개선대책.pdf,송파구청 - 분야별정보 - 주택_도시 - 교통대책 - 위례신도시 광역교통 개선대책.pdf,.pdf,application/pdf,125916,7e77caac8ab8aadaad63f26fe2d9c7bb2754b437be598bcb82795b95a75c5d21,true,,SRC-E1-B06,https://www.songpa.go.kr/www/contents.do?key=3343&,2026-08-31T21:16:29+09:00
"8849번(하남-미사-김포,인천공항) - 하남시청.pdf","8849번(하남-미사-김포,인천공항) - 하남시청.pdf",.pdf,application/pdf,291345,7ffd1f81084ea1df1f970a4b81c950d8c381769be3c0f1ef2ab578354b184249,true,,SRC-E1-C03,https://www.hanam.go.kr/www/contents.do?key=3262,2026-08-31T21:16:29+09:00
documents\고양 창릉\2023-06-30_대곡_소사_복선전철_7월_1일_개통.html,2023-06-30_대곡_소사_복선전철_7월_1일_개통.html,.html,text/html,58513,805805051e9bff565c9ea87ca545c58172d6fb52684c432d4476e5a0522eaf17,true,,SRC-F024,https://www.molit.go.kr/USR/NEWS/m_72/dtl.jsp?id=95088517&lcmspage=5,2026-08-31T21:16:29+09:00
documents\하남 교산\2021-03-26_지하철_5호선_하남선_전_구간_개통.html,2021-03-26_지하철_5호선_하남선_전_구간_개통.html,.html,text/html,97832,8075b0e7df9f7dbaf71bc879d8388fe5e3e8db8f74e6e4b74926612667684f1a,true,,SRC-F018;SRC-H030,https://www.hanam.go.kr/sosik/selectBbsNttView.do?bbsNo=1164&integrDeptCode=&key=10048&nttNo=321801&pageIndex=258&searchCnd=all&searchCtgry=&searchKrwd=&selectPageUnit=,2026-08-31T21:16:29+09:00
documents\하남 미사\2021-03-26_지하철_5호선_하남선_전_구간_개통.html,2021-03-26_지하철_5호선_하남선_전_구간_개통.html,.html,text/html,97832,8075b0e7df9f7dbaf71bc879d8388fe5e3e8db8f74e6e4b74926612667684f1a,false,documents\하남 교산\2021-03-26_지하철_5호선_하남선_전_구간_개통.html,SRC-F018;SRC-H030,https://www.hanam.go.kr/sosik/selectBbsNttView.do?bbsNo=1164&integrDeptCode=&key=10048&nttNo=321801&pageIndex=258&searchCnd=all&searchCtgry=&searchKrwd=&selectPageUnit=,2026-08-31T21:16:29+09:00
230630(참고)_대곡-소사_복선전철_7월_1일_개통(철도투자개발과).pdf,230630(참고)_대곡-소사_복선전철_7월_1일_개통(철도투자개발과).pdf,.pdf,application/pdf,475648,808adcd9cfba65450c62f6187416790bf6dcca2d2c50af97e8ecee5c8f9a84fc,true,,SRC-PDF-028-ACTU-1;SRC-PDF-028-ACTU-2,https://www.molit.go.kr/LCMS/DWN.jsp?fold=koreaNews/mobile/file&fileName=230630%28%EC%B0%B8%EA%B3%A0%29_%EB%8C%80%EA%B3%A1-%EC%86%8C%EC%82%AC_%EB%B3%B5%EC%84%A0%EC%A0%84%EC%B2%A0_7%EC%9B%94_1%EC%9D%BC_%EA%B0%9C%ED%86%B5%28%EC%B2%A0%EB%8F%84%ED%88%AC%EC%9E%90%EA%B0%9C%EB%B0%9C%EA%B3%BC%29.pdf,2026-09-02T18:18:06+09:00
documents\화성 동탄2\2022-06-16_수원호매실_화성동탄2_광역교통_특별대책_주민간담회.html,2022-06-16_수원호매실_화성동탄2_광역교통_특별대책_주민간담회.html,.html,text/html,23410,8373e47f77ceeaf11f8f57611ad1bf042889d32f5045388bfcab532e3114134e,true,,SRC-H004,https://www.molit.go.kr/mta/USR/N0201/m_36770/dtl.jsp?id=95086846&lcmspage=1,2026-08-31T21:16:29+09:00
240329(참고)_GTX-A_수서~동탄_3월_30일_개통(수도권광역급행철도과).pdf,240329(참고)_GTX-A_수서~동탄_3월_30일_개통(수도권광역급행철도과).pdf,.pdf,application/pdf,3853033,83da19e7f5e189f542899a4ff549fbf2cd6caff6dab96ef41ff11835f4e66734,true,,SRC-PDF-029-ACTU-1,https://www.molit.go.kr/LCMS/DWN.jsp?fold=koreaNews/mobile/file&fileName=240329%28%EC%B0%B8%EA%B3%A0%29_GTX-A_%EC%88%98%EC%84%9C%7E%EB%8F%99%ED%83%84_3%EC%9B%94_30%EC%9D%BC_%EA%B0%9C%ED%86%B5%28%EC%88%98%EB%8F%84%EA%B6%8C%EA%B4%91%EC%97%AD%EA%B8%89%ED%96%89%EC%B2%A0%EB%8F%84%EA%B3%BC%29.pdf,2026-09-02T18:18:06+09:00
imported\SRC-E2-A09\E2-A09.html,E2-A09.html,.html,text/html,199149,889eb0c955d3b04442e9440d46fabb3c71e119b73a65e85394374d9dae759cf7,false,refetched\E2-A09.html,SRC-E2-A09,https://apply.lh.or.kr/lhapply/apply/wt/wrtanc/selectWrtancInfo.do?panId=0000061121&ccrCnntSysDsCd=02&uppAisTpCd=05&aisTpCd=05&mi=1027,2026-08-31T21:16:29+09:00
refetched\E2-A09.html,E2-A09.html,.html,text/html,199149,889eb0c955d3b04442e9440d46fabb3c71e119b73a65e85394374d9dae759cf7,true,,SRC-E2-A09,https://apply.lh.or.kr/lhapply/apply/wt/wrtanc/selectWrtancInfo.do?panId=0000061121&ccrCnntSysDsCd=02&uppAisTpCd=05&aisTpCd=05&mi=1027,2026-08-31T21:16:29+09:00
210125 (조간)3기 신도시_패스트트랙_교통대책 조기 확정 등으로 신속 공급(공공택지기획과).pdf,210125 (조간)3기 신도시_패스트트랙_교통대책 조기 확정 등으로 신속 공급(공공택지기획과).pdf,.pdf,application/pdf,663185,894b933a4fc5a46612a01bb5806599544d52a78c702fdf34203d30d7240bac5b,true,,SRC-PDF-021-PROM-1;SRC-PDF-021-PROM-2;SRC-PDF-021-PROM-3,https://allinpdf.com/Transmit/File_Download?DownloadPath=2026%2f08%2f31%2f0b34fc1d-dd59-4fee-b1b6-4dec3f09c3d4.hwp-0001.pdf&FileName=210125+(%ec%a1%b0%ea%b0%84)3%ea%b8%b0+%ec%8b%a0%eb%8f%84%ec%8b%9c_%ed%8c%a8%ec%8a%a4%ed%8a%b8%ed%8a%b8%eb%9e%99_%ea%b5%90%ed%86%b5%eb%8c%80%ec%b1%85+%ec%a1%b0%ea%b8%b0+%ed%99%95%ec%a0%95+%eb%93%b1%ec%9c%bc%eb%a1%9c+%ec%8b%a0%ec%86%8d+%ea%b3%b5%ea%b8%89(%ea%b3%b5%ea%b3%b5%ed%83%9d%ec%a7%80%ea%b8%b0%ed%9a%8d%ea%b3%bc).hwp.pdf,2026-09-02T18:18:06+09:00
documents\인천 계양\2025-06-28_인천도시철도_1호선_검단연장선_개통.html,2025-06-28_인천도시철도_1호선_검단연장선_개통.html,.html,text/html,81369,8a7dd42c598c7b53ed0b4bc831d8e4a139b16bd22b43069a47ab9bc174eabcc9,true,,SRC-F005,https://www.incheon.go.kr/mayor_8/MA040101/view?curPage=195&repSeq=DOM_0000000012620245,2026-08-31T21:16:29+09:00
documents\하남 미사\2014-06-30_LH_미사강변도시_첫_입주_시작.html,2014-06-30_LH_미사강변도시_첫_입주_시작.html,.html,text/html,84392,8aabe1b7f7511cce6a13994ef8a2bac916de0089e07419d7f0c2c80534a24999,true,,SRC-H025,https://www.lh.or.kr/gallery.es?act=view&b_list=8&bid=0003&keyField=&list_no=7400&mid=a10502000000&nPage=420&orderby=&vlist_no_npage=672;https://www.lh.or.kr/galleryDownload.es?bid=0003&list_no=7400&seq=1,2026-08-31T21:16:29+09:00
하남시 시내버스 - 하남시청.pdf,하남시 시내버스 - 하남시청.pdf,.pdf,application/pdf,344362,8ac431b91d3d060832a9e275cef5f02f8f259cf1b8a41b8716d2cd3bc3ab32d2,true,,SRC-E1-C09,https://www.hanam.go.kr/www/contents.do?key=5540,2026-08-31T21:16:29+09:00
documents\위례\2021-12-16_지하철_8호선_남위례역_18일_개통.html,2021-12-16_지하철_8호선_남위례역_18일_개통.html,.html,text/html,110869,8bd8f0178588d76612028c4594297b046ddda3b45289e9092fb76e0a5eb7d489,true,,SRC-H017,https://mediahub.seoul.go.kr/archives/2003528,2026-08-31T21:16:29+09:00
documents\화성 동탄2\2026-05-29_화성동탄2_C-27블록_공공분양주택_입주자모집공고.html,2026-05-29_화성동탄2_C-27블록_공공분양주택_입주자모집공고.html,.html,text/html,197054,8c425455ac503ddd63d6d6a57eab177703472928873e315bffedf97995c2872e,true,,SRC-E1-A01,https://apply.lh.or.kr/lhapply/apply/wt/wrtanc/selectWrtancInfo.do?panId=0000061101&ccrCnntSysDsCd=02&uppAisTpCd=05&aisTpCd=05&mi=1027,2026-08-31T21:16:29+09:00
"하남미사지구 광역교통개선대책 변경, 확정된 바 없어.pdf","하남미사지구 광역교통개선대책 변경, 확정된 바 없어.pdf",.pdf,application/pdf,138219,8c8756bf0041e944a8ce2c1e3d1d8e3aa16e34722cd7c5643a68f09fb3e5a5d9,true,,SRC-PDF-106-PROM-1,https://www.korea.kr/common/searchPrint.do,2026-09-02T18:18:06+09:00
documents\화성 동탄2\2024-03-29_GTX-A_수서_동탄_구간_3월_30일_개통.html,2024-03-29_GTX-A_수서_동탄_구간_3월_30일_개통.html,.html,text/html,58587,8d574faa72a6fcb866671e00af961c8a3435f8db51695c18c372357547b79bc7,true,,SRC-H005,https://www.molit.go.kr/USR/NEWS/m_72/dtl.jsp?id=95089607&lcmspage=2,2026-08-31T21:16:29+09:00
documents\고양 창릉\2020-12-29_남양주왕숙_고양창릉_신도시_교통대책_확정.html,2020-12-29_남양주왕숙_고양창릉_신도시_교통대책_확정.html,.html,text/html,35788,8ee7a86658599816f214698b17e6e112177ba0732f00d6aeccf725dfc5e59a66,true,,SRC-F021,https://www.molit.go.kr/mta/USR/N0201/m_36770/dtl.jsp?id=95084988&lcmspage=1;https://www.molit.go.kr/portal/common/download/DownloadMltm2.jsp?FilePath=/upload/portal/DextUpload/202012/20201229_092632_077.hwp&FileName=201230(%EC%A1%B0%EA%B0%84)%EB%82%A8%EC%96%91%EC%A3%BC%EC%99%95%EC%88%99_%EA%B3%A0%EC%96%91%EC%B0%BD%EB%A6%89%20%EC%8B%A0%EB%8F%84%EC%8B%9C%20%EA%B5%90%ED%86%B5%EB%8C%80%EC%B1%85%20%ED%99%95%EC%A0%95(%EA%B3%B5%EA%B3%B5%ED%83%9D%EC%A7%80%EA%B8%B0%ED%9A%8D%EA%B3%BC%20%EA%B4%91%EC%97%AD%EA%B5%90%ED%86%B5%EC%A0%95%EC%B1%85%EA%B3%BC).hwp,2026-08-31T21:16:29+09:00
민생토론회(교통) _ 국토교통부.pdf,민생토론회(교통) _ 국토교통부.pdf,.pdf,application/pdf,1333685,8f0fe3faf922f11b696f2037df4e39f81f0469ee14c22ff396095a3bede4965c,true,,SRC-F016,https://www.molit.go.kr/2024plan_traffic/main.jsp,2026-08-31T21:16:29+09:00
bodo_2.pdf,bodo_2.pdf,.pdf,application/pdf,2962879,90f107e315964eadde4d306bc9bd50f6b4883562335c9cbb3a6a6c4b486b8c77,true,,SRC-F010;SRC-F022,https://www.molit.go.kr/2024plan_traffic/news/bodo_2.pdf,2026-08-31T21:16:29+09:00
documents\고양 창릉\2024-01-25_신도시_광역교통_개선_투자계획.pdf,2024-01-25_신도시_광역교통_개선_투자계획.pdf,.pdf,application/pdf,2962879,90f107e315964eadde4d306bc9bd50f6b4883562335c9cbb3a6a6c4b486b8c77,false,bodo_2.pdf,SRC-F010;SRC-F022,https://www.molit.go.kr/2024plan_traffic/news/bodo_2.pdf,2026-08-31T21:16:29+09:00
documents\남양주 왕숙\2024-01-25_신도시_광역교통_개선_투자계획.pdf,2024-01-25_신도시_광역교통_개선_투자계획.pdf,.pdf,application/pdf,2962879,90f107e315964eadde4d306bc9bd50f6b4883562335c9cbb3a6a6c4b486b8c77,false,bodo_2.pdf,SRC-F010;SRC-F022,https://www.molit.go.kr/2024plan_traffic/news/bodo_2.pdf,2026-08-31T21:16:29+09:00
미사강변도시 A25블록 10년 공공임대주택리츠 입주자 모집.pdf,미사강변도시 A25블록 10년 공공임대주택리츠 입주자 모집.pdf,.pdf,application/pdf,164613,90fcc484062c53afba4d33beaa9b5e0e5027ca7eea745254829727621b4dea52,true,,SRC-PDF-085-OCCU-1,,2026-09-02T18:18:06+09:00
"오 시장, 12월 개통 '위례선 트램' 현장점검… _교통체계 혁신, 지역상권 활성화_ _ 시정뉴스 _ 소통공간 _ 서울특별시장.pdf","오 시장, 12월 개통 '위례선 트램' 현장점검… _교통체계 혁신, 지역상권 활성화_ _ 시정뉴스 _ 소통공간 _ 서울특별시장.pdf",.pdf,application/pdf,480814,91764a04183cf52a403ab40f3f4eb7de4a23120b84df4d271aa7ae5fcc0d0b83,true,,SRC-H016,https://mayor.seoul.go.kr/oh/seoul/newsView.do?curPage=4&photoGallerySn=4287,2026-08-31T21:16:29+09:00
documents\남양주 다산\2018-02-27_다산신도시_상업_주유소용지_공급공고.html,2018-02-27_다산신도시_상업_주유소용지_공급공고.html,.html,text/html,209811,947d3813b20833a7f52050eb889950247ca7f92e84e71745f4a9652b4ddcf3a2,true,,SRC-H022,https://buy.gh.or.kr/land/svc/announce/land_announce_html.jsp?strFile=00586_201802271541281.jsp,2026-08-31T21:16:29+09:00
documents\김포 한강\2011-06-30_김포한강신도시_아파트_첫_입주_등_입주물량_증가세.html,2011-06-30_김포한강신도시_아파트_첫_입주_등_입주물량_증가세.html,.html,text/html,61161,9ad6d54a2e031812263f4e52c1c1a6da2f6a69c9ef0c2c261dfc10f1c386d0ce,true,,SRC-H007,https://www.molit.go.kr/USR/NEWS/m_71/dtl.jsp?id=95068404&lcmspage=346,2026-08-31T21:16:29+09:00
documents\위례\2020-11-19_위례지구_A1-5BL__A1-12BL_분양주택_입주자_모집.html,2020-11-19_위례지구_A1-5BL__A1-12BL_분양주택_입주자_모집.html,.html,text/html,127826,9bfb5fd75d138d350deeff3a082f5c7910d568cbe9f2b4d933ea1bab35950a26,true,,SRC-E1-A06,https://mediahub.seoul.go.kr/archives/1302679,2026-08-31T21:16:29+09:00
documents\김포 한강\2022-11-11_수도권_서부지역의_광역교통_확충_등_지역현안_해결_추진.html,2022-11-11_수도권_서부지역의_광역교통_확충_등_지역현안_해결_추진.html,.html,text/html,69200,9cc46a0d922e79590787a43049feb1a04f75fdb6ca7a5f4c16d9a68f6b207409,true,,,,
imported\SRC-F012\경기도， 별내선 개통. 남양주 별내에서 잠실까지 27분이면 간다. 김동연， “구리， 남양주. 경기동북부 주민들 교통 숨통 확 트일 것”.hwpx,경기도， 별내선 개통. 남양주 별내에서 잠실까지 27분이면 간다. 김동연， “구리， 남양주. 경기동북부 주민들 교통 숨통 확 트일 것”.hwpx,.hwpx,application/haansofthwpx,221949,9cff104b4f41afbe4669f7a111d11ca3712b641fe4d2a7d52e5ec8fa9b6b8b2d,true,,SRC-H023,https://gnews.gg.go.kr/briefing/brief_gongbo_view.do?BS_CODE=s017&number=62697&subject_Code=BO01,2026-08-31T21:16:29+09:00
imported\SRC-H023\경기도， 별내선 개통. 남양주 별내에서 잠실까지 27분이면 간다. 김동연， “구리， 남양주. 경기동북부 주민들 교통 숨통 확 트일 것”.hwpx,경기도， 별내선 개통. 남양주 별내에서 잠실까지 27분이면 간다. 김동연， “구리， 남양주. 경기동북부 주민들 교통 숨통 확 트일 것”.hwpx,.hwpx,application/haansofthwpx,221949,9cff104b4f41afbe4669f7a111d11ca3712b641fe4d2a7d52e5ec8fa9b6b8b2d,false,imported\SRC-F012\경기도， 별내선 개통. 남양주 별내에서 잠실까지 27분이면 간다. 김동연， “구리， 남양주. 경기동북부 주민들 교통 숨통 확 트일 것”.hwpx,SRC-H023,https://gnews.gg.go.kr/briefing/brief_gongbo_view.do?BS_CODE=s017&number=62697&subject_Code=BO01,2026-08-31T21:16:29+09:00
documents\위례\2026-02-26_김용석_대광위원장__위례신도시_광역교통개선대책_점검.html,2026-02-26_김용석_대광위원장__위례신도시_광역교통개선대책_점검.html,.html,text/html,61661,9d33b78322fa981272be62037cfae20837fac617fddb71188aaa84ba0a2b9959,true,,SRC-E1-C06,https://www.molit.go.kr/USR/NEWS/dtl.jsp?lcmspage=15&id=95091747;https://www.molit.go.kr/portal/common/download/DownloadMltm2.jsp?FilePath=/upload/portal/DextUpload/202602/20260226_170340_608.hwpx&FileName=260226(%EB%8F%99%EC%A0%95)%20%EA%B9%80%EC%9A%A9%EC%84%9D%20%EB%8C%80%EA%B4%91%EC%9C%84%EC%9B%90%EC%9E%A5%20%EC%9C%84%EB%A1%80%EC%8B%A0%EB%8F%84%EC%8B%9C%20%EA%B4%91%EC%97%AD%EA%B5%90%ED%86%B5%EA%B0%9C%EC%84%A0%EB%8C%80%EC%B1%85%20%EC%A0%90%EA%B2%80(%EA%B4%91%EC%97%AD%EA%B5%90%ED%86%B5%EC%A0%95%EC%B1%85%EA%B3%BC).hwpx,2026-08-31T21:16:29+09:00
imported\SRC-H025\140630_LH_미사강변도시_첫_입주_시작.hwp,140630_LH_미사강변도시_첫_입주_시작.hwp,.hwp,application/haansofthwp,167936,9deb6701eac845967d257f313f011c97ed6ec7eb1114ca44f3e0a42072099b06,true,,SRC-H025,https://www.lh.or.kr/gallery.es?act=view&b_list=8&bid=0003&keyField=&list_no=7400&mid=a10502000000&nPage=420&orderby=&vlist_no_npage=672;https://www.lh.or.kr/galleryDownload.es?bid=0003&list_no=7400&seq=1,2026-08-31T21:16:29+09:00
documents\인천 계양\2021-01-24_인천계양_부천대장_광역교통개선대책_확정.html,2021-01-24_인천계양_부천대장_광역교통개선대책_확정.html,.html,text/html,27350,9eaae5277162495e97ddf189edad305711b636676a8daa566b7f3466375b35c5,true,,SRC-F003,https://www.molit.go.kr/mta/USR/N0201/m_36770/dtl.jsp?id=95085094&lcmspage=2,2026-08-31T21:16:29+09:00
★(정정)남양주왕숙A-1BL공공분양입주자모집공고문.pdf,★(정정)남양주왕숙A-1BL공공분양입주자모집공고문.pdf,.pdf,application/pdf,1443442,9f8e43212a22fdd573254ea59bd1cd1ba3f8d1ac7a1494b97682b50c65adc95b,true,,SRC-PDF-069-OCCU-1,https://apply.lh.or.kr/lhapply/lhFile.do?fileid=62861708,2026-09-02T18:18:06+09:00
imported\SRC-E2-A10\E2-A10.html,E2-A10.html,.html,text/html,195256,a058acb1e85fad8cf75c7c6feeeb60d395ea4f064fb66f6d7aa5b1ed5b967025,false,refetched\E2-A10.html,SRC-E2-A10,https://apply.lh.or.kr/lhapply/apply/wt/wrtanc/selectWrtancInfo.do?panId=0000060863&ccrCnntSysDsCd=02&uppAisTpCd=05&aisTpCd=05&mi=1027,2026-08-31T21:16:29+09:00
refetched\E2-A10.html,E2-A10.html,.html,text/html,195256,a058acb1e85fad8cf75c7c6feeeb60d395ea4f064fb66f6d7aa5b1ed5b967025,true,,SRC-E2-A10,https://apply.lh.or.kr/lhapply/apply/wt/wrtanc/selectWrtancInfo.do?panId=0000060863&ccrCnntSysDsCd=02&uppAisTpCd=05&aisTpCd=05&mi=1027,2026-08-31T21:16:29+09:00
documents\김포 한강\2019-09-27__김포_지하철시대_열렸다__28일_첫_열차_출발.html,2019-09-27__김포_지하철시대_열렸다__28일_첫_열차_출발.html,.html,text/html,152367,a265b079ba28e19d5d576585c0af3b05651915e777695e20644851113feb8e10,true,,SRC-H011,https://gimpo.go.kr/news/selectBbsNttView.do?bbsNo=466&key=9377&nttNo=94282&pageIndex=124&pageUnit=10&searchCnd=all&searchKrwd=%EC%96%B4%EB%A6%B0%EC%9D%B4,2026-08-31T21:16:29+09:00
documents\화성 동탄2\2022-06-16_수원_호매실_17일__화성_동탄2지구_21일__광역교통_주민간담회_개최.pdf,2022-06-16_수원_호매실_17일__화성_동탄2지구_21일__광역교통_주민간담회_개최.pdf,.pdf,application/pdf,61789,a27d8c520db11a7da4c8dc60168a373f40ed7f87cbee81d6da883b550f43e871,true,,SRC-PDF-050-PROM-1,,2026-09-02T18:18:06+09:00
documents\부천 대장\2026-07-23_부천대장_A5_A6블록_행복주택_입주자_최초모집.html,2026-07-23_부천대장_A5_A6블록_행복주택_입주자_최초모집.html,.html,text/html,245515,a2c5229416956e228a75c90d8b04952434069c504ad625280c6dea584731fd86,true,,SRC-F025,https://apply.lh.or.kr/lhapply/apply/wt/wrtanc/selectWrtancInfo.do?aisTpCd=42&ccrCnntSysDsCd=03&panId=2015122300020448&uppAisTpCd=39,2026-08-31T21:16:29+09:00
(참고자료)김포양곡_행복주택_사회적기업공간_위치_및_공간현황.pdf,(참고자료)김포양곡_행복주택_사회적기업공간_위치_및_공간현황.pdf,.pdf,application/pdf,11321040,a3c74951c8e5c04931fc3d631c069bf6b22718e2978eb0d577e1941c58393e7f,true,,SRC-H009,https://lh.or.kr/boardDownload.es?bid=0034&list_no=646642&seq=3,2026-08-31T21:16:29+09:00
documents\김포 한강\2017_김포양곡_행복주택_지역위치도_교통망도.pdf,2017_김포양곡_행복주택_지역위치도_교통망도.pdf,.pdf,application/pdf,11321040,a3c74951c8e5c04931fc3d631c069bf6b22718e2978eb0d577e1941c58393e7f,false,(참고자료)김포양곡_행복주택_사회적기업공간_위치_및_공간현황.pdf,SRC-H009,https://lh.or.kr/boardDownload.es?bid=0034&list_no=646642&seq=3,2026-08-31T21:16:29+09:00
documents\부천 대장\2025-04-30_부천대장_A8블록_공공분양주택_입주자모집공고.html,2025-04-30_부천대장_A8블록_공공분양주택_입주자모집공고.html,.html,text/html,195279,a3f97246c7b08c98b53bbd90c7304fa0c90093ff5dce1ea14ba53279df9073d0,true,,SRC-F026,https://apply.lh.or.kr/lhapply/apply/wt/wrtanc/selectWrtancInfo.do?aisTpCd=05&ccrCnntSysDsCd=02&mi=1027&panId=0000060865&uppAisTpCd=05,2026-08-31T21:16:29+09:00
"김상호 하남시장, “5호선 개통은 마을, 도시, 일자리 잇는 촉진제”.pdf","김상호 하남시장, “5호선 개통은 마을, 도시, 일자리 잇는 촉진제”.pdf",.pdf,application/pdf,300202,a462e80e674ef097b025a5d6a1fd147bba70fc5ecd04a37c12c03435d394b18d,true,,SRC-PDF-074-ACTU-1;SRC-PDF-074-ACTU-2,,2026-09-02T18:18:06+09:00
"(정정)고양창릉S-5,S-6블록공공분양주택입주자모집공고문.pdf","(정정)고양창릉S-5,S-6블록공공분양주택입주자모집공고문.pdf",.pdf,application/pdf,1479031,a65a5c4807f9e93fe2cd6c465ccaaccae2657d5b48db24ded879e80b26468319,true,,SRC-PDF-007-OCCU-1,https://apply.lh.or.kr/lhapply/lhFile.do?fileid=60606564,2026-09-02T18:18:06+09:00
documents\남양주 다산\2024-07-03_다산역_개통에_따른_버스노선_변경_알림.html,2024-07-03_다산역_개통에_따른_버스노선_변경_알림.html,.html,text/html,308399,a6d4837d85331f74a95b9c531d00a4408cda460dd10a7dbd2df4eed29ca65a66,true,,SRC-E1-C07,https://www.nyj.go.kr/www/selectBbsNttView.do?key=2481&bbsNo=62&nttNo=482937,2026-08-31T21:16:29+09:00
documents\하남 미사\2023-09-18_하남시__미사순환_마을버스_노선_개통.html,2023-09-18_하남시__미사순환_마을버스_노선_개통.html,.html,text/html,320313,a78261741b0877bb01912251029dd366f3a12629616cc0a470b9063b4f950f75,true,,SRC-E1-C09,https://www.hanam.go.kr/www/contents.do?key=5540,2026-08-31T21:16:29+09:00
제259회 제1차 본회의(2011.05.03. 화요일) _ 경기도의회 회의록 _ 경기도의회.pdf,제259회 제1차 본회의(2011.05.03. 화요일) _ 경기도의회 회의록 _ 경기도의회.pdf,.pdf,application/pdf,305141,a7dd2379b5b5c8ef62f841f11759dc858b2f3a120b4f0f27f9ff50b737a17289,true,,SRC-PDF-100-DOC,https://kms.ggc.go.kr/html/mntsPrint.html,2026-09-02T18:18:06+09:00
친환경 트램 '위례선' 시범운행 시작…내년 하반기 개통 _ 서울시 - 내 손안에 서울.pdf,친환경 트램 '위례선' 시범운행 시작…내년 하반기 개통 _ 서울시 - 내 손안에 서울.pdf,.pdf,application/pdf,1256869,a9beb607d64a9ebdabe680bf68c20f0f2cfd347c8d24d9a0a3d82b30fa1094bc,true,,SRC-PDF-105-PROM-1,https://mediahub.seoul.go.kr/news/article/newsArticlePrintPopup.do?articleNo=2015526,2026-09-02T18:18:06+09:00
documents\남양주 왕숙\2022-03-18_진접선_개통__남양주의_새로운_길이_열립니다.html,2022-03-18_진접선_개통__남양주의_새로운_길이_열립니다.html,.html,text/html,61591,ad7806c3360f86c8f5018922d0dd6b57fff128514c7e81757630cbccc5cc5e8e,true,,SRC-F011,https://www.molit.go.kr/USR/NEWS/m_71/dtl.jsp?id=95086587&lcmspage=60,2026-08-31T21:16:29+09:00
인쇄하기 - 하남시청.pdf,인쇄하기 - 하남시청.pdf,.pdf,application/pdf,264218,ade438681fd2b080ed26cbafd823416f4d95a0df7fed95a67f508db4ccb0ac7c,true,,SRC-PDF-097-BASI-1;SRC-PDF-097-BASI-2,https://www.hanam.go.kr/common/print.jsp?siteId=sosik&title=%EB%B3%B4%EB%8F%84%EC%9E%90%EB%A3%8C,2026-09-02T18:18:06+09:00
documents\화성 동탄2\2016-12-09__Start_SRT__기대_속_첫_출발.html,2016-12-09__Start_SRT__기대_속_첫_출발.html,.html,text/html,42904,afe281f924c5c9a6d36b273d524df37506d339837651f6160fe0b006d24eab68,true,,SRC-H006,https://www.srail.or.kr/cms/article/view.do?pageId=KR0502000000&postNo=56,2026-08-31T21:16:29+09:00
김포한강센트럴블루힐10년공공임대주택리츠예비입주자모집공고(25.10.28).pdf,김포한강센트럴블루힐10년공공임대주택리츠예비입주자모집공고(25.10.28).pdf,.pdf,application/pdf,386968,b0c5c614416bcefdea6f27d7eb88f9a6be6c9a728f9a8bc0380f9356db04e18d,true,,SRC-PDF-077-OCCU-1,https://apply.lh.or.kr/lhapply/lhFile.do?fileid=64029507,2026-09-02T18:18:06+09:00
(최종)250331_교산푸르지오더퍼스트_입주자모집공고.pdf,(최종)250331_교산푸르지오더퍼스트_입주자모집공고.pdf,.pdf,application/pdf,2611355,b247b3e65cb7029821c352a345952c0fb73323ae3462b90b52f5b653dca1a2f5,true,,SRC-PDF-014-OCCU-1,https://apply.lh.or.kr/lhapply/lhFile.do?fileid=61210841,2026-09-02T18:18:06+09:00
221026(석간)_수원_호매실_화성_동탄2_광역교통특별대책_발표(광역교통정책과).pdf,221026(석간)_수원_호매실_화성_동탄2_광역교통특별대책_발표(광역교통정책과).pdf,.pdf,application/pdf,694415,b289b7a3fb07c631744d95e58f66b47e45e0a4347c138c16684c58554010050c,true,,SRC-PDF-025-PROM-1,,2026-09-02T18:18:06+09:00
documents\target_refresh_20260902\SRC-E2-C09_2026-09-02.html,SRC-E2-C09_2026-09-02.html,.html,text/html,200067,b4d142f0e99e8a8aaa8092f2623ce0f5daaaf4ab93fd899f06d19e2550185ca4,true,,SRC-E2-C09,https://apply.lh.or.kr/lhapply/apply/wt/wrtanc/selectWrtancInfo.do?panId=0000061134&ccrCnntSysDsCd=02&uppAisTpCd=05&aisTpCd=05&mi=1027,2026-09-02T00:00:00+09:00
다산지금A1블록 국민임대주택 입주자모집공고문(200827).pdf,다산지금A1블록 국민임대주택 입주자모집공고문(200827).pdf,.pdf,application/pdf,1114862,b742188f7e7a4d25e76a9e308fece038462ad1460e35f54b631a7ac587408d8d,true,,SRC-PDF-082-OCCU-1,https://www.myhome.go.kr/hws/com/fms/cvplFileDownload.do,2026-09-02T18:18:06+09:00
documents\하남 미사\2015_하남미사_A12_A16블록_임대주택_공고.html,2015_하남미사_A12_A16블록_임대주택_공고.html,.html,text/html,209394,b80ebe4971273ae1477ba64d399b7b698cb1bd64c64ae016640ad4876422572c,true,,SRC-H026,https://apply.lh.or.kr/lhapply/apply/wt/wrtanc/selectWrtancInfo.do?aisTpCd=08&ccrCnntSysDsCd=02&mi=1026&panId=0000060513&uppAisTpCd=06,2026-08-31T21:16:29+09:00
imported\SRC-E1-B09\E1-B09.pdf,E1-B09.pdf,.pdf,application/pdf,397019,bc80d2e3ee3dadbec345a636c7840673b07f8bc9da12f3a14d21a33c94ed5d33,false,refetched\E1-B09.pdf,SRC-E1-B09;SRC-PDF-058-DOC,https://www.molit.go.kr/LCMS/DWN.jsp?fold=koreaNews/mobile/file&fileName=200521%2814%EC%8B%9C%EC%9D%B4%ED%9B%84%29+%ED%95%98%EB%82%A8%EA%B5%90%EC%82%B0+%EC%8B%A0%EB%8F%84%EC%8B%9C_%EA%B3%BC%EC%B2%9C%EC%A7%80%EA%B5%AC+%EA%B4%91%EC%97%AD%EA%B5%90%ED%86%B5%EA%B0%9C%EC%84%A0%EB%8C%80%EC%B1%85+%ED%99%95%EC%A0%95%28%EA%B3%B5%EA%B3%B5%ED%83%9D%EC%A7%80%EA%B8%B0%ED%9A%8D%EA%B3%BC%29.pdf;https://www.molit.go.kr/mta/USR/N0201/m_36770/dtl.jsp?id=95083918&lcmspage=88,2026-08-31T21:16:29+09:00;2026-09-02T18:18:06+09:00
refetched\E1-B09.pdf,E1-B09.pdf,.pdf,application/pdf,397019,bc80d2e3ee3dadbec345a636c7840673b07f8bc9da12f3a14d21a33c94ed5d33,true,,SRC-E1-B09;SRC-PDF-058-DOC,https://www.molit.go.kr/LCMS/DWN.jsp?fold=koreaNews/mobile/file&fileName=200521%2814%EC%8B%9C%EC%9D%B4%ED%9B%84%29+%ED%95%98%EB%82%A8%EA%B5%90%EC%82%B0+%EC%8B%A0%EB%8F%84%EC%8B%9C_%EA%B3%BC%EC%B2%9C%EC%A7%80%EA%B5%AC+%EA%B4%91%EC%97%AD%EA%B5%90%ED%86%B5%EA%B0%9C%EC%84%A0%EB%8C%80%EC%B1%85+%ED%99%95%EC%A0%95%28%EA%B3%B5%EA%B3%B5%ED%83%9D%EC%A7%80%EA%B8%B0%ED%9A%8D%EA%B3%BC%29.pdf;https://www.molit.go.kr/mta/USR/N0201/m_36770/dtl.jsp?id=95083918&lcmspage=88,2026-08-31T21:16:29+09:00;2026-09-02T18:18:06+09:00
documents\target_refresh_20260902\SRC-E1-A08_2026-09-02.html,SRC-E1-A08_2026-09-02.html,.html,text/html,182307,bdb1345c8170615daf356b35c1358f00753446231ba9c16bf125dddf7e83ec64,true,,SRC-E1-A08,https://www.myhome.go.kr/hws/portal/sch/selectRsdtRcritNtcDetailView.do?pblancId=6410,2026-09-02T00:00:00+09:00
김포한강Ac-05블록(센트럴블루힐)10년공공임대주택리츠예비입주자모집공고문(26.08.25).pdf,김포한강Ac-05블록(센트럴블루힐)10년공공임대주택리츠예비입주자모집공고문(26.08.25).pdf,.pdf,application/pdf,406347,bff83f4d343364fcf84955d49a59748b9f82b4116f02cfbfb70ca9e5c3ba6b9d,true,,SRC-PDF-076-OCCU-1,https://apply.lh.or.kr/lhapply/lhFile.do?fileid=68207078,2026-09-02T18:18:06+09:00
documents\target_refresh_20260902\SRC-E1-C08_2026-09-02.html,SRC-E1-C08_2026-09-02.html,.html,text/html,334932,c521312de632ca3c23f97f9c9d70fbf59a7154947a6b3f863e4d08b250f5cf71,true,,SRC-E1-C08,https://www.nyj.go.kr/www/selectBbsNttView.do?key=2498&bbsNo=68&pageIndex=405&pageUnit=8&searchCnd=all&nttNo=432164,2026-09-02T00:00:00+09:00
지하철 8호선 남위례역 18일 개통…잠실까지 15분 _ 서울시 - 내 손안에 서울.pdf,지하철 8호선 남위례역 18일 개통…잠실까지 15분 _ 서울시 - 내 손안에 서울.pdf,.pdf,application/pdf,2423032,c527d0ab39cb4e427fa62ce8c97d7f7b5074d06dcf2ac3af96ae616ddf7fdcc9,true,,SRC-PDF-102-ACTU-1;SRC-PDF-102-BASI-1,https://mediahub.seoul.go.kr/news/article/newsArticlePrintPopup.do?articleNo=2003528,2026-09-02T18:18:06+09:00
240719(조간)_수도권_동부지역__출퇴근_30분_시대_실현_4.4조원_규모의_철도·도로_사업_본격_추진(광역교통정책과) (1).pdf,240719(조간)_수도권_동부지역__출퇴근_30분_시대_실현_4.4조원_규모의_철도·도로_사업_본격_추진(광역교통정책과) (1).pdf,.pdf,application/pdf,1953774,c9e00558131c031e6df06cef301f3d81f8c0f0fe4f6eab31b670b0512414feab,true,,SRC-PDF-030-PROM-1;SRC-PDF-030-PROM-2;SRC-PDF-030-PROM-3;SRC-PDF-030-PROM-4,https://download.blog.naver.com/open/76e36ad9c291924e638cedd6ee0b7d0da9fd00e18b/EFsQabdNxbfO_to2E-QRigSVEg-Y6ehyel8RHzlnkwMqH4-2UXok7f3Qa-Ia2WlzxQumVzfBoIEPS0y029wXfoF_BOE/240719%28%EC%A1%B0%EA%B0%84%29_%EC%88%98%EB%8F%84%EA%B6%8C_%EB%8F%99%EB%B6%80%EC%A7%80%EC%97%AD__%EC%B6%9C%ED%87%B4%EA%B7%BC_30%EB%B6%84_%EC%8B%9C%EB%8C%80_%EC%8B%A4%ED%98%84_4.4%EC%A1%B0%EC%9B%90_%EA%B7%9C%EB%AA%A8%EC%9D%98_%EC%B2%A0%EB%8F%84%C2%B7%EB%8F%84%EB%A1%9C_%EC%82%AC%EC%97%85_%EB%B3%B8%EA%B2%A9_%EC%B6%94%EC%A7%84%28%EA%B4%91%EC%97%AD%EA%B5%90%ED%86%B5%EC%A0%95%EC%B1%85%EA%B3%BC%29%20%281%29.pdf,2026-09-02T18:18:06+09:00
documents\남양주 다산\2018-02-12_다산신도시_입주지원_특별대책반_본격_가동.html,2018-02-12_다산신도시_입주지원_특별대책반_본격_가동.html,.html,text/html,45208,cbfe676c61ddc941745739b811bc43bbb3f5a7a112c0298b4dc0bb62014a2085,true,,SRC-H020,https://gnews.gg.go.kr/briefing/brief_gongbo_view.do?BS_CODE=S017&number=36361,2026-08-31T21:16:29+09:00
documents\하남 교산\2024-01-25_2024년_교통_분야_민생토론회.html,2024-01-25_2024년_교통_분야_민생토론회.html,.html,text/html,43606,cf44511a66ef2ff733c9e6ee1c60fcd1eae70390a999d827e1b10f15519321d9,true,,SRC-F016,https://www.molit.go.kr/2024plan_traffic/main.jsp,2026-08-31T21:16:29+09:00
documents\고양 창릉\2021-01-24_3기_신도시__패스트트랙_교통대책_조기_확정_등으로_신속_공급.html,2021-01-24_3기_신도시__패스트트랙_교통대책_조기_확정_등으로_신속_공급.html,.html,text/html,27350,cf4ccec819b0d8c7d075b4764b8601176da04a11518277e0e2d2558c4ff86233,true,,SRC-E2-B09,http://www.molit.go.kr/mta/USR/N0201/m_36770/dtl.jsp?lcmspage=1&id=95085094,2026-08-31T21:16:29+09:00
부천대장A8블록공공분양주택입주자모집공고문.pdf,부천대장A8블록공공분양주택입주자모집공고문.pdf,.pdf,application/pdf,1433877,d225b71e078de3e7903d26ef108379f624797a80735d28f23efba6334c373912,true,,SRC-PDF-092-OCCU-1,https://apply.lh.or.kr/lhapply/lhFile.do?fileid=61606103,2026-09-02T18:18:06+09:00
documents\하남 교산\2025-03-31_교산_푸르지오_더_퍼스트_정정공고.html,2025-03-31_교산_푸르지오_더_퍼스트_정정공고.html,.html,text/html,192529,d32f5a13e0313fd406b65a4345ecd2b2ed97a521b75c7b75333a26ae6128c997,true,,SRC-F014,https://apply.lh.or.kr/lhapply/apply/wt/wrtanc/selectWrtancInfo.do?aisTpCd=05&ccrCnntSysDsCd=02&mi=1027&panId=0000060855&uppAisTpCd=05,2026-08-31T21:16:29+09:00
241212(조간)_GTX-A_운정중앙~서울역구간__12월_28일_개통(광역급행철도건설과).pdf,241212(조간)_GTX-A_운정중앙~서울역구간__12월_28일_개통(광역급행철도건설과).pdf,.pdf,application/pdf,7240195,d3bdc37aa3e72dd26cd4065e2019ef0154a1f93b16d3f0202d05f03b5fe8c968,true,,SRC-PDF-032-ACTU-1;SRC-PDF-032-BASI-1,https://www.molit.go.kr/LCMS/DWN.jsp?fold=koreaNews/mobile/file&fileName=241212%28%EC%A1%B0%EA%B0%84%29_GTX-A_%EC%9A%B4%EC%A0%95%EC%A4%91%EC%95%99%7E%EC%84%9C%EC%9A%B8%EC%97%AD%EA%B5%AC%EA%B0%84__12%EC%9B%94_28%EC%9D%BC_%EA%B0%9C%ED%86%B5%28%EA%B4%91%EC%97%AD%EA%B8%89%ED%96%89%EC%B2%A0%EB%8F%84%EA%B1%B4%EC%84%A4%EA%B3%BC%29.pdf,2026-09-02T18:18:06+09:00
documents\위례\2022-10-11_위례신도시_광역교통_개선대책.html,2022-10-11_위례신도시_광역교통_개선대책.html,.html,text/html,517093,d525efe8604cad985bae0ae4894829116ca3a99fb4e9b575ad4734fcf05434eb,true,,SRC-E1-B06,https://www.songpa.go.kr/www/contents.do?key=3343&,2026-08-31T21:16:29+09:00
221111(석간)_수도권_서부지역의_광역교통_확충_등_지역현안_해결_추진(공공택지조사과).pdf,221111(석간)_수도권_서부지역의_광역교통_확충_등_지역현안_해결_추진(공공택지조사과).pdf,.pdf,application/pdf,1152620,d7e578abba3c7c6fe3592dbebdaef288ee0ace8aeb5d4a35909946668e2838f1,true,,SRC-E1-B04,https://www.molit.go.kr/LCMS/DWN.jsp?fold=koreaNews/mobile/file&fileName=221111%28%EC%84%9D%EA%B0%84%29_%EC%88%98%EB%8F%84%EA%B6%8C_%EC%84%9C%EB%B6%80%EC%A7%80%EC%97%AD%EC%9D%98_%EA%B4%91%EC%97%AD%EA%B5%90%ED%86%B5_%ED%99%95%EC%B6%A9_%EB%93%B1_%EC%A7%80%EC%97%AD%ED%98%84%EC%95%88_%ED%95%B4%EA%B2%B0_%EC%B6%94%EC%A7%84%28%EA%B3%B5%EA%B3%B5%ED%83%9D%EC%A7%80%EC%A1%B0%EC%82%AC%EA%B3%BC%29.pdf,2026-08-31T21:16:29+09:00
imported\SRC-E1-B04\E1-B04.pdf,E1-B04.pdf,.pdf,application/pdf,1152620,d7e578abba3c7c6fe3592dbebdaef288ee0ace8aeb5d4a35909946668e2838f1,false,221111(석간)_수도권_서부지역의_광역교통_확충_등_지역현안_해결_추진(공공택지조사과).pdf,SRC-E1-B04,https://www.molit.go.kr/LCMS/DWN.jsp?fold=koreaNews/mobile/file&fileName=221111%28%EC%84%9D%EA%B0%84%29_%EC%88%98%EB%8F%84%EA%B6%8C_%EC%84%9C%EB%B6%80%EC%A7%80%EC%97%AD%EC%9D%98_%EA%B4%91%EC%97%AD%EA%B5%90%ED%86%B5_%ED%99%95%EC%B6%A9_%EB%93%B1_%EC%A7%80%EC%97%AD%ED%98%84%EC%95%88_%ED%95%B4%EA%B2%B0_%EC%B6%94%EC%A7%84%28%EA%B3%B5%EA%B3%B5%ED%83%9D%EC%A7%80%EC%A1%B0%EC%82%AC%EA%B3%BC%29.pdf,2026-08-31T21:16:29+09:00
refetched\E1-B04.pdf,E1-B04.pdf,.pdf,application/pdf,1152620,d7e578abba3c7c6fe3592dbebdaef288ee0ace8aeb5d4a35909946668e2838f1,false,221111(석간)_수도권_서부지역의_광역교통_확충_등_지역현안_해결_추진(공공택지조사과).pdf,SRC-E1-B04,https://www.molit.go.kr/LCMS/DWN.jsp?fold=koreaNews/mobile/file&fileName=221111%28%EC%84%9D%EA%B0%84%29_%EC%88%98%EB%8F%84%EA%B6%8C_%EC%84%9C%EB%B6%80%EC%A7%80%EC%97%AD%EC%9D%98_%EA%B4%91%EC%97%AD%EA%B5%90%ED%86%B5_%ED%99%95%EC%B6%A9_%EB%93%B1_%EC%A7%80%EC%97%AD%ED%98%84%EC%95%88_%ED%95%B4%EA%B2%B0_%EC%B6%94%EC%A7%84%28%EA%B3%B5%EA%B3%B5%ED%83%9D%EC%A7%80%EC%A1%B0%EC%82%AC%EA%B3%BC%29.pdf,2026-08-31T21:16:29+09:00
documents\하남 미사\2020-06_하남선_1단계_개통일_관련_안내.html,2020-06_하남선_1단계_개통일_관련_안내.html,.html,text/html,236870,d9976457dfd0c4b6efd024d40290267bba47a9f56c14fe6ab74f2f95e5062a25,true,,SRC-H028,https://www.hanam.go.kr/www/selectBbsNttView.do?bbsNo=944&key=3760&nttNo=115091,2026-08-31T21:16:29+09:00
221128(석간)_위례신도시_노면전차_사업으로_교통이_편리해진다(광역시설정책과).pdf,221128(석간)_위례신도시_노면전차_사업으로_교통이_편리해진다(광역시설정책과).pdf,.pdf,application/pdf,470583,da11fbf0ece767ab2872f6f40311e00bf7df9bceafc4f9ce045d9c29bb28ed92,true,,SRC-PDF-027-BASI-1;SRC-PDF-027-PROM-1,,2026-09-02T18:18:06+09:00
260226(동정) 김용석 대광위원장 위례신도시 광역교통개선대책 점검(광역교통정책과).pdf,260226(동정) 김용석 대광위원장 위례신도시 광역교통개선대책 점검(광역교통정책과).pdf,.pdf,application/pdf,444373,dbf2922f167bc6ed4a6e634ca45cd33925611b91d3696fffa35e4263bd88d3ad,true,,SRC-E1-C06,https://www.molit.go.kr/USR/NEWS/dtl.jsp?lcmspage=15&id=95091747;https://www.molit.go.kr/portal/common/download/DownloadMltm2.jsp?FilePath=/upload/portal/DextUpload/202602/20260226_170340_608.hwpx&FileName=260226(%EB%8F%99%EC%A0%95)%20%EA%B9%80%EC%9A%A9%EC%84%9D%20%EB%8C%80%EA%B4%91%EC%9C%84%EC%9B%90%EC%9E%A5%20%EC%9C%84%EB%A1%80%EC%8B%A0%EB%8F%84%EC%8B%9C%20%EA%B4%91%EC%97%AD%EA%B5%90%ED%86%B5%EA%B0%9C%EC%84%A0%EB%8C%80%EC%B1%85%20%EC%A0%90%EA%B2%80(%EA%B4%91%EC%97%AD%EA%B5%90%ED%86%B5%EC%A0%95%EC%B1%85%EA%B3%BC).hwpx,2026-08-31T21:16:29+09:00
보도자료 - 김포시뉴스포털.pdf,보도자료 - 김포시뉴스포털.pdf,.pdf,application/pdf,4564328,dbf7426f5af96c441bb07cbbd80a31ca690cde79a1dc426fac9700ba227bf998,true,,SRC-H011,https://gimpo.go.kr/news/selectBbsNttView.do?bbsNo=466&key=9377&nttNo=94282&pageIndex=124&pageUnit=10&searchCnd=all&searchKrwd=%EC%96%B4%EB%A6%B0%EC%9D%B4,2026-08-31T21:16:29+09:00
110624(조간)__11년_6~8월_입주예정_아파트_공개(주택정책과).pdf,110624(조간)__11년_6~8월_입주예정_아파트_공개(주택정책과).pdf,.pdf,application/pdf,350076,dc233154be5b674cb88e215791cc0f37d90bdbe94d06dff17e6fed269a0f7d9f,true,,SRC-PDF-015-OCCU-1,,2026-09-02T18:18:06+09:00
documents\남양주 다산\2022-12-29_남양주시_땡큐버스_노선체계_개선_공약이행.html,2022-12-29_남양주시_땡큐버스_노선체계_개선_공약이행.html,.html,text/html,39021,076c310f3337a0a95cba13b6d24a289aeb6cb43be1faeddd5f02dd184aa5e7a1,true,,,,
documents\target_refresh_20260902\SRC-E1-A04_2026-09-02.html,SRC-E1-A04_2026-09-02.html,.html,text/html,201072,dd1eea25a083869bc0080717335818364f5c6e839c8171398874506adedc1b68,true,,SRC-E1-A04,https://apply.lh.or.kr/lhapply/apply/wt/wrtanc/selectWrtancInfo.do?panId=0000061160&ccrCnntSysDsCd=02&uppAisTpCd=06&aisTpCd=08&mi=1026,2026-09-02T00:00:00+09:00
documents\인천 계양\2025-06-16_검단연장선_6월_28일_첫_운행.html,2025-06-16_검단연장선_6월_28일_첫_운행.html,.html,text/html,201789,ddfb5baf54349d7451558757ccc81658e2ff79b80a37285c9bb5ddd49dd36359,true,,SRC-F006,https://www.incheon.go.kr/IC010205/view?curPage=276&repSeq=DOM_0000000012563847,2026-08-31T21:16:29+09:00
documents\고양 창릉\2026-06-30_고양창릉_S-4블록_공공분양주택_입주자모집공고.html,2026-06-30_고양창릉_S-4블록_공공분양주택_입주자모집공고.html,.html,text/html,2775,def247ee3e61c7b5d8576d67e52b47efb3c3786432cc144a9e0ed757d84a253b,false,documents\부천 대장\2025-04-30_부천대장_A7블록_공공분양주택_입주자모집공고.html,,,
documents\남양주 왕숙\2025-07-24_남양주왕숙_A-1블록_공공분양주택_입주자모집공고.html,2025-07-24_남양주왕숙_A-1블록_공공분양주택_입주자모집공고.html,.html,text/html,2775,def247ee3e61c7b5d8576d67e52b47efb3c3786432cc144a9e0ed757d84a253b,false,documents\부천 대장\2025-04-30_부천대장_A7블록_공공분양주택_입주자모집공고.html,,,
documents\부천 대장\2025-04-30_부천대장_A7블록_공공분양주택_입주자모집공고.html,2025-04-30_부천대장_A7블록_공공분양주택_입주자모집공고.html,.html,text/html,2775,def247ee3e61c7b5d8576d67e52b47efb3c3786432cc144a9e0ed757d84a253b,true,,,,
documents\인천 계양\2024-09-30__정정공고_인천계양_A2블록_공공분양주택_입주자모집공고.html,2024-09-30__정정공고_인천계양_A2블록_공공분양주택_입주자모집공고.html,.html,text/html,2775,def247ee3e61c7b5d8576d67e52b47efb3c3786432cc144a9e0ed757d84a253b,false,documents\부천 대장\2025-04-30_부천대장_A7블록_공공분양주택_입주자모집공고.html,,,
documents\하남 교산\2025-03-31_교산_푸르지오_더_퍼스트_하남교산_A-2BL_공공분양주택_입주자모집공고.html,2025-03-31_교산_푸르지오_더_퍼스트_하남교산_A-2BL_공공분양주택_입주자모집공고.html,.html,text/html,2775,def247ee3e61c7b5d8576d67e52b47efb3c3786432cc144a9e0ed757d84a253b,false,documents\부천 대장\2025-04-30_부천대장_A7블록_공공분양주택_입주자모집공고.html,,,
documents\화성 동탄2\2026-05-29_LH__동탄2_공공분양_473가구_공급_7년만에_재개.html,2026-05-29_LH__동탄2_공공분양_473가구_공급_7년만에_재개.html,.html,text/html,2775,def247ee3e61c7b5d8576d67e52b47efb3c3786432cc144a9e0ed757d84a253b,false,documents\부천 대장\2025-04-30_부천대장_A7블록_공공분양주택_입주자모집공고.html,,,
documents\target_refresh_20260902\SRC-E1-B02_2026-09-02.html,SRC-E1-B02_2026-09-02.html,.html,text/html,61789,df2cbfe762270dabaf2c3911c19f4deeb857f4be18ac45241af3e8e696efe827,true,,SRC-E1-B02,https://www.molit.go.kr/USR/NEWS/m_71/dtl.jsp?id=95086846,2026-09-02T00:00:00+09:00
"인천시, 6월 27일 검단연장선 개통 기념행사 개최 … 28일 첫 운행.pdf","인천시, 6월 27일 검단연장선 개통 기념행사 개최 … 28일 첫 운행.pdf",.pdf,application/pdf,193780,dfdccd29d1cffe983af2ea5d909ff6fc9c5ea5aabe1a4167e04d8ce4029f36c4,true,,SRC-F006,https://www.incheon.go.kr/IC010205/view?curPage=276&repSeq=DOM_0000000012563847,2026-08-31T21:16:29+09:00
imported\SRC-E2-A07\E2-A07.html,E2-A07.html,.html,text/html,195523,dfe4326c581605d3dfd0a6807e14c2aa9eb1f2fd5234018da250e1ba2741ed62,false,refetched\E2-A07.html,SRC-E2-A07,https://apply.lh.or.kr/lhapply/apply/wt/wrtanc/selectWrtancInfo.do?panId=0000060920&ccrCnntSysDsCd=02&uppAisTpCd=05&aisTpCd=05&mi=1027,2026-08-31T21:16:29+09:00
refetched\E2-A07.html,E2-A07.html,.html,text/html,195523,dfe4326c581605d3dfd0a6807e14c2aa9eb1f2fd5234018da250e1ba2741ed62,true,,SRC-E2-A07,https://apply.lh.or.kr/lhapply/apply/wt/wrtanc/selectWrtancInfo.do?panId=0000060920&ccrCnntSysDsCd=02&uppAisTpCd=05&aisTpCd=05&mi=1027,2026-08-31T21:16:29+09:00
(참고자료)김포한강_행복주택_사회적기업공간_위치_및_공간_현황.pdf,(참고자료)김포한강_행복주택_사회적기업공간_위치_및_공간_현황.pdf,.pdf,application/pdf,20512357,e1ebc0fea640403e26a71cfea8ebace74b5da734ea1371ad0713ba9974d0da49,true,,SRC-H010,https://lh.or.kr/boardDownload.es?bid=0034&list_no=646666&seq=3,2026-08-31T21:16:29+09:00
documents\김포 한강\2017_김포한강_행복주택_지역위치도_교통망도.pdf,2017_김포한강_행복주택_지역위치도_교통망도.pdf,.pdf,application/pdf,20512357,e1ebc0fea640403e26a71cfea8ebace74b5da734ea1371ad0713ba9974d0da49,false,(참고자료)김포한강_행복주택_사회적기업공간_위치_및_공간_현황.pdf,SRC-H010,https://lh.or.kr/boardDownload.es?bid=0034&list_no=646666&seq=3,2026-08-31T21:16:29+09:00
documents\target_refresh_20260902\SRC-E1-B05_2026-09-02.html,SRC-E1-B05_2026-09-02.html,.html,text/html,23025,e32fe204aa721434cbce9866f87f1abebdb0b8a4b6f6ed5981c0e92cdd3244e6,true,,SRC-E1-B05,https://www.molit.go.kr/mta/USR/N0201/m_36770/dtl.jsp?lcmspage=1&id=95087500,2026-09-02T00:00:00+09:00
documents\고양 창릉\2025-01-31_고양창릉_A-4블록_신혼희망타운_입주자모집공고.html,2025-01-31_고양창릉_A-4블록_신혼희망타운_입주자모집공고.html,.html,text/html,192823,e4a387df85f8daae54bf9abeeb928f870bf686f83a27d2b04baa393e1403fadd,true,,SRC-F019,https://apply.lh.or.kr/lhapply/apply/wt/wrtanc/selectWrtancInfo.do?aisTpCd=39&ccrCnntSysDsCd=02&mi=1027&panId=0000060802&uppAisTpCd=39,2026-08-31T21:16:29+09:00
240809(조간)_남양주~잠실_27분__8월_10일_별내선_개통(광역시설정책과).pdf,240809(조간)_남양주~잠실_27분__8월_10일_별내선_개통(광역시설정책과).pdf,.pdf,application/pdf,1542929,e5df2c787de7dcb0a2e0db08463e2f03569396fed88580c86947a2197a284875,true,,SRC-PDF-031-ACTU-1;SRC-PDF-031-BASI-1,,2026-09-02T18:18:06+09:00
화성 동탄신도시∼김포공항 버스 노선 내달 1일부터 운행 _ 연합뉴스.pdf,화성 동탄신도시∼김포공항 버스 노선 내달 1일부터 운행 _ 연합뉴스.pdf,.pdf,application/pdf,438687,e8f57f80285b5bdd4a7c065b26e86816a49adf47b0621eb892b91b0ed574c58a,true,,SRC-E1-C01,,2026-08-31T21:16:29+09:00
(250131)고양창릉A-4블록신혼희망타운(공공분양)입주자모집공고문.pdf,(250131)고양창릉A-4블록신혼희망타운(공공분양)입주자모집공고문.pdf,.pdf,application/pdf,1014131,e9ecf26d9d265a70fb06ab20847c338f10a9bf24ef3dbf6ed58c57c6a251b931,true,,SRC-PDF-001-OCCU-1,https://apply.lh.or.kr/lhapply/lhFile.do?fileid=60487776,2026-09-02T18:18:06+09:00
220617(조간)_호매실_동탄2_광역교통_개선을_위해_주민의견_듣는다(광역교통정책과).pdf,220617(조간)_호매실_동탄2_광역교통_개선을_위해_주민의견_듣는다(광역교통정책과).pdf,.pdf,application/pdf,323021,ea078d9bb489eb228f003f5675c7825a8b6223f409e3dad8375bcf6a9e780378,true,,SRC-E1-B02,https://www.molit.go.kr/LCMS/DWN.jsp?fold=koreaNews/mobile/file&fileName=220617%28%EC%A1%B0%EA%B0%84%29_%ED%98%B8%EB%A7%A4%EC%8B%A4_%EB%8F%99%ED%83%842_%EA%B4%91%EC%97%AD%EA%B5%90%ED%86%B5_%EA%B0%9C%EC%84%A0%EC%9D%84_%EC%9C%84%ED%95%B4_%EC%A3%BC%EB%AF%BC%EC%9D%98%EA%B2%AC_%EB%93%A3%EB%8A%94%EB%8B%A4%28%EA%B4%91%EC%97%AD%EA%B5%90%ED%86%B5%EC%A0%95%EC%B1%85%EA%B3%BC%29.pdf,2026-08-31T21:16:29+09:00
imported\SRC-E1-B02\E1-B02.pdf,E1-B02.pdf,.pdf,application/pdf,323021,ea078d9bb489eb228f003f5675c7825a8b6223f409e3dad8375bcf6a9e780378,false,220617(조간)_호매실_동탄2_광역교통_개선을_위해_주민의견_듣는다(광역교통정책과).pdf,SRC-E1-B02,https://www.molit.go.kr/LCMS/DWN.jsp?fold=koreaNews/mobile/file&fileName=220617%28%EC%A1%B0%EA%B0%84%29_%ED%98%B8%EB%A7%A4%EC%8B%A4_%EB%8F%99%ED%83%842_%EA%B4%91%EC%97%AD%EA%B5%90%ED%86%B5_%EA%B0%9C%EC%84%A0%EC%9D%84_%EC%9C%84%ED%95%B4_%EC%A3%BC%EB%AF%BC%EC%9D%98%EA%B2%AC_%EB%93%A3%EB%8A%94%EB%8B%A4%28%EA%B4%91%EC%97%AD%EA%B5%90%ED%86%B5%EC%A0%95%EC%B1%85%EA%B3%BC%29.pdf,2026-08-31T21:16:29+09:00
refetched\E1-B02.pdf,E1-B02.pdf,.pdf,application/pdf,323021,ea078d9bb489eb228f003f5675c7825a8b6223f409e3dad8375bcf6a9e780378,false,220617(조간)_호매실_동탄2_광역교통_개선을_위해_주민의견_듣는다(광역교통정책과).pdf,SRC-E1-B02,https://www.molit.go.kr/LCMS/DWN.jsp?fold=koreaNews/mobile/file&fileName=220617%28%EC%A1%B0%EA%B0%84%29_%ED%98%B8%EB%A7%A4%EC%8B%A4_%EB%8F%99%ED%83%842_%EA%B4%91%EC%97%AD%EA%B5%90%ED%86%B5_%EA%B0%9C%EC%84%A0%EC%9D%84_%EC%9C%84%ED%95%B4_%EC%A3%BC%EB%AF%BC%EC%9D%98%EA%B2%AC_%EB%93%A3%EB%8A%94%EB%8B%A4%28%EA%B4%91%EC%97%AD%EA%B5%90%ED%86%B5%EC%A0%95%EC%B1%85%EA%B3%BC%29.pdf,2026-08-31T21:16:29+09:00
documents\부천 대장\확인불가_BRT_고급화_S-BRT__추진.html,확인불가_BRT_고급화_S-BRT__추진.html,.html,text/html,53484,ea7e2a95951f422d9bc6adee96f50dae36ad3fbc19b3e1d59600f6fbb5e48c15,true,,SRC-F004;SRC-F028,https://www.molit.go.kr/mta/USR/WPGE0201/m_36794/DTL.jsp,2026-08-31T21:16:29+09:00
documents\인천 계양\확인불가_BRT_고급화_S-BRT__추진.html,확인불가_BRT_고급화_S-BRT__추진.html,.html,text/html,53484,ea7e2a95951f422d9bc6adee96f50dae36ad3fbc19b3e1d59600f6fbb5e48c15,false,documents\부천 대장\확인불가_BRT_고급화_S-BRT__추진.html,SRC-F004;SRC-F028,https://www.molit.go.kr/mta/USR/WPGE0201/m_36794/DTL.jsp,2026-08-31T21:16:29+09:00
documents\위례\2026_위례선_트램_시운전_현장_점검.html,2026_위례선_트램_시운전_현장_점검.html,.html,text/html,23605,eb0691b05a0db8fea8ee8ff4fb1496334134756ecf2f8371760df812447e0679,true,,SRC-H016,https://mayor.seoul.go.kr/oh/seoul/newsView.do?curPage=4&photoGallerySn=4287,2026-08-31T21:16:29+09:00
"하남시, 2021년 ‘빛나는 하남’ 10대 뉴스 선정.pdf","하남시, 2021년 ‘빛나는 하남’ 10대 뉴스 선정.pdf",.pdf,application/pdf,404094,ec903ff08af3f81b601966e19ded4bbc7ec874605458f51aa9d213ffc322d3aa,true,,SRC-PDF-108-ACTU-1;SRC-PDF-108-ACTU-2;SRC-PDF-108-ACTU-3;SRC-PDF-108-PROM-1;SRC-PDF-108-PROM-2;SRC-PDF-108-PROM-3,,2026-09-02T18:18:06+09:00
201230(조간)남양주왕숙_고양창릉 신도시 교통대책 확정(공공택지기획과 광역교통정책과).pdf,201230(조간)남양주왕숙_고양창릉 신도시 교통대책 확정(공공택지기획과 광역교통정책과).pdf,.pdf,application/pdf,698887,ecc470f4fb71a5b29f7499ce815fe4f6605f9de139444664a3134be6e5dcd577,true,,SRC-PDF-019-PROM-1;SRC-PDF-019-PROM-2,https://allinpdf.com/Transmit/File_Download?DownloadPath=2026%2f08%2f31%2fbb0746e8-a368-447f-8345-252b4e8a7dd3.hwp-0001.pdf&FileName=201230(%ec%a1%b0%ea%b0%84)%eb%82%a8%ec%96%91%ec%a3%bc%ec%99%95%ec%88%99_%ea%b3%a0%ec%96%91%ec%b0%bd%eb%a6%89+%ec%8b%a0%eb%8f%84%ec%8b%9c+%ea%b5%90%ed%86%b5%eb%8c%80%ec%b1%85+%ed%99%95%ec%a0%95(%ea%b3%b5%ea%b3%b5%ed%83%9d%ec%a7%80%ea%b8%b0%ed%9a%8d%ea%b3%bc+%ea%b4%91%ec%97%ad%ea%b5%90%ed%86%b5%ec%a0%95%ec%b1%85%ea%b3%bc).hwp.pdf,2026-09-02T18:18:06+09:00
documents\하남 미사\2025-03-14_하남미사17단지_임대주택_입주자모집공고.html,2025-03-14_하남미사17단지_임대주택_입주자모집공고.html,.html,text/html,253207,ed89eaafefe6bedf10fbdd14d6ffd26f6db3ea172a6961e787b0659cb092edf4,true,,SRC-E1-A09,https://apply.lh.or.kr/lhapply/apply/wt/wrtanc/selectWrtancInfo.do?panId=2015122300017628&ccrCnntSysDsCd=03&uppAisTpCd=06&aisTpCd=07&mi=1026,2026-08-31T21:16:29+09:00
imported\SRC-E1-B01\E1-B01.pdf,E1-B01.pdf,.pdf,application/pdf,507009,ee97d54c55cef1585e0d54df1a891d04e68b3dbdc1c8fcde9b4cbc7ef7087556,false,refetched\E1-B01.pdf,SRC-E1-B01;SRC-PDF-053-DOC,https://www.molit.go.kr/LCMS/DWN.jsp?fold=koreaNews/mobile/file&fileName=221026%28%EC%84%9D%EA%B0%84%29_%EC%88%98%EC%9B%90_%ED%98%B8%EB%A7%A4%EC%8B%A4_%ED%99%94%EC%84%B1_%EB%8F%99%ED%83%842_%EA%B4%91%EC%97%AD%EA%B5%90%ED%86%B5%ED%8A%B9%EB%B3%84%EB%8C%80%EC%B1%85_%EB%B0%9C%ED%91%9C%28%EA%B4%91%EC%97%AD%EA%B5%90%ED%86%B5%EC%A0%95%EC%B1%85%EA%B3%BC%29.pdf;https://www.molit.go.kr/portal/common/download/DownloadMltm2.jsp?FilePath=/upload/portal/DextUpload/202210/20221026_094014_110.hwpx&FileName=221026(%EC%84%9D%EA%B0%84)_%EC%88%98%EC%9B%90_%ED%98%B8%EB%A7%A4%EC%8B%A4_%ED%99%94%EC%84%B1_%EB%8F%99%ED%83%842_%EA%B4%91%EC%97%AD%EA%B5%90%ED%86%B5%ED%8A%B9%EB%B3%84%EB%8C%80%EC%B1%85_%EB%B0%9C%ED%91%9C(%EA%B4%91%EC%97%AD%EA%B5%90%ED%86%B5%EC%A0%95%EC%B1%85%EA%B3%BC).hwpx,2026-08-31T21:16:29+09:00;2026-09-02T18:18:06+09:00
refetched\E1-B01.pdf,E1-B01.pdf,.pdf,application/pdf,507009,ee97d54c55cef1585e0d54df1a891d04e68b3dbdc1c8fcde9b4cbc7ef7087556,true,,SRC-E1-B01;SRC-PDF-053-DOC,https://www.molit.go.kr/LCMS/DWN.jsp?fold=koreaNews/mobile/file&fileName=221026%28%EC%84%9D%EA%B0%84%29_%EC%88%98%EC%9B%90_%ED%98%B8%EB%A7%A4%EC%8B%A4_%ED%99%94%EC%84%B1_%EB%8F%99%ED%83%842_%EA%B4%91%EC%97%AD%EA%B5%90%ED%86%B5%ED%8A%B9%EB%B3%84%EB%8C%80%EC%B1%85_%EB%B0%9C%ED%91%9C%28%EA%B4%91%EC%97%AD%EA%B5%90%ED%86%B5%EC%A0%95%EC%B1%85%EA%B3%BC%29.pdf;https://www.molit.go.kr/portal/common/download/DownloadMltm2.jsp?FilePath=/upload/portal/DextUpload/202210/20221026_094014_110.hwpx&FileName=221026(%EC%84%9D%EA%B0%84)_%EC%88%98%EC%9B%90_%ED%98%B8%EB%A7%A4%EC%8B%A4_%ED%99%94%EC%84%B1_%EB%8F%99%ED%83%842_%EA%B4%91%EC%97%AD%EA%B5%90%ED%86%B5%ED%8A%B9%EB%B3%84%EB%8C%80%EC%B1%85_%EB%B0%9C%ED%91%9C(%EA%B4%91%EC%97%AD%EA%B5%90%ED%86%B5%EC%A0%95%EC%B1%85%EA%B3%BC).hwpx,2026-08-31T21:16:29+09:00;2026-09-02T18:18:06+09:00
documents\남양주 왕숙\2020-12-29_남양주왕숙_고양창릉_신도시_교통대책_확정_.html,2020-12-29_남양주왕숙_고양창릉_신도시_교통대책_확정_.html,.html,text/html,35788,ef0529cf32bdcf2a2be5535bb4201829631146b7f6b6a2e3c2dd5e074c870a6d,true,,SRC-E2-B07,https://www.molit.go.kr/mta/USR/N0201/m_36770/dtl.jsp?lcmspage=2&id=95084988;https://www.molit.go.kr/portal/common/download/DownloadMltm2.jsp?FilePath=/upload/portal/DextUpload/202012/20201229_092632_077.hwp&FileName=201230(%EC%A1%B0%EA%B0%84)%EB%82%A8%EC%96%91%EC%A3%BC%EC%99%95%EC%88%99_%EA%B3%A0%EC%96%91%EC%B0%BD%EB%A6%89%20%EC%8B%A0%EB%8F%84%EC%8B%9C%20%EA%B5%90%ED%86%B5%EB%8C%80%EC%B1%85%20%ED%99%95%EC%A0%95(%EA%B3%B5%EA%B3%B5%ED%83%9D%EC%A7%80%EA%B8%B0%ED%9A%8D%EA%B3%BC%20%EA%B4%91%EC%97%AD%EA%B5%90%ED%86%B5%EC%A0%95%EC%B1%85%EA%B3%BC).hwp,2026-08-31T21:16:29+09:00
documents\남양주 다산\2024-07-18_8월_별내선_개통__버스_18개_노선___34대_증차___수도권_동부지역_출퇴근_30분_시대.html,2024-07-18_8월_별내선_개통__버스_18개_노선___34대_증차___수도권_동부지역_출퇴근_30분_시대.html,.html,text/html,2833,f338e93ecd2908b2c140c17399bdad495b6a4a3cb6e639e14c68c43bfa160ada,true,,,,
imported\SRC-H024\240809(조간)_남양주~잠실_27분__8월_10일_별내선_개통(광역시설정책과).hwpx,240809(조간)_남양주~잠실_27분__8월_10일_별내선_개통(광역시설정책과).hwpx,.hwpx,application/haansofthwpx,3214602,f4e6597f2b41e5740e7424835f8f210d91934f9b91c4b068d749f613e8817840,true,,SRC-H024,https://molit.go.kr/atmo/USR/N0201/m_36515/dtl.jsp?id=95090058&lcmspage=77;https://molit.go.kr/portal/common/download/DownloadMltm2.jsp?FilePath=/upload/portal/DextUpload/202408/20240808_100830_295.hwpx&FileName=240809(%EC%A1%B0%EA%B0%84)_%EB%82%A8%EC%96%91%EC%A3%BC~%EC%9E%A0%EC%8B%A4_27%EB%B6%84__8%EC%9B%94_10%EC%9D%BC_%EB%B3%84%EB%82%B4%EC%84%A0_%EA%B0%9C%ED%86%B5(%EA%B4%91%EC%97%AD%EC%8B%9C%EC%84%A4%EC%A0%95%EC%B1%85%EA%B3%BC).hwpx,2026-08-31T21:16:29+09:00
210629(15시이후)서부권 2기 신도시 (김포한강_인천검단) 교통개선 대책(광역시설운영과).pdf,210629(15시이후)서부권 2기 신도시 (김포한강_인천검단) 교통개선 대책(광역시설운영과).pdf,.pdf,application/pdf,803365,f54821ed2da56cc09c6281ab080ed96a84252a1fad9af1fff9c07bb78913eb1f,true,,SRC-E1-B03,https://www.molit.go.kr/LCMS/DWN.jsp?fold=koreaNews/mobile/file&fileName=210629%2815%EC%8B%9C%EC%9D%B4%ED%9B%84%29%EC%84%9C%EB%B6%80%EA%B6%8C+2%EA%B8%B0+%EC%8B%A0%EB%8F%84%EC%8B%9C+%28%EA%B9%80%ED%8F%AC%ED%95%9C%EA%B0%95_%EC%9D%B8%EC%B2%9C%EA%B2%80%EB%8B%A8%29+%EA%B5%90%ED%86%B5%EA%B0%9C%EC%84%A0+%EB%8C%80%EC%B1%85%28%EA%B4%91%EC%97%AD%EC%8B%9C%EC%84%A4%EC%9A%B4%EC%98%81%EA%B3%BC%29.pdf,2026-08-31T21:16:29+09:00
imported\SRC-E1-B03\E1-B03.pdf,E1-B03.pdf,.pdf,application/pdf,803365,f54821ed2da56cc09c6281ab080ed96a84252a1fad9af1fff9c07bb78913eb1f,false,210629(15시이후)서부권 2기 신도시 (김포한강_인천검단) 교통개선 대책(광역시설운영과).pdf,SRC-E1-B03,https://www.molit.go.kr/LCMS/DWN.jsp?fold=koreaNews/mobile/file&fileName=210629%2815%EC%8B%9C%EC%9D%B4%ED%9B%84%29%EC%84%9C%EB%B6%80%EA%B6%8C+2%EA%B8%B0+%EC%8B%A0%EB%8F%84%EC%8B%9C+%28%EA%B9%80%ED%8F%AC%ED%95%9C%EA%B0%95_%EC%9D%B8%EC%B2%9C%EA%B2%80%EB%8B%A8%29+%EA%B5%90%ED%86%B5%EA%B0%9C%EC%84%A0+%EB%8C%80%EC%B1%85%28%EA%B4%91%EC%97%AD%EC%8B%9C%EC%84%A4%EC%9A%B4%EC%98%81%EA%B3%BC%29.pdf,2026-08-31T21:16:29+09:00
refetched\E1-B03.pdf,E1-B03.pdf,.pdf,application/pdf,803365,f54821ed2da56cc09c6281ab080ed96a84252a1fad9af1fff9c07bb78913eb1f,false,210629(15시이후)서부권 2기 신도시 (김포한강_인천검단) 교통개선 대책(광역시설운영과).pdf,SRC-E1-B03,https://www.molit.go.kr/LCMS/DWN.jsp?fold=koreaNews/mobile/file&fileName=210629%2815%EC%8B%9C%EC%9D%B4%ED%9B%84%29%EC%84%9C%EB%B6%80%EA%B6%8C+2%EA%B8%B0+%EC%8B%A0%EB%8F%84%EC%8B%9C+%28%EA%B9%80%ED%8F%AC%ED%95%9C%EA%B0%95_%EC%9D%B8%EC%B2%9C%EA%B2%80%EB%8B%A8%29+%EA%B5%90%ED%86%B5%EA%B0%9C%EC%84%A0+%EB%8C%80%EC%B1%85%28%EA%B4%91%EC%97%AD%EC%8B%9C%EC%84%A4%EC%9A%B4%EC%98%81%EA%B3%BC%29.pdf,2026-08-31T21:16:29+09:00
documents\부천 대장\2025-11-03_소사-대곡선_사업현황.html,2025-11-03_소사-대곡선_사업현황.html,.html,text/html,156209,f66b4990197018219272aa85631fc7d627478966c4bb87d39cfeebd96de64df8,true,,SRC-F030,https://bucheon.go.kr/site/homepage/menu/viewMenu?menuid=148006006003003002,2026-08-31T21:16:29+09:00
(정정공고)인천계양A-2블록공공분양입주자모집공고문.pdf,(정정공고)인천계양A-2블록공공분양입주자모집공고문.pdf,.pdf,application/pdf,1486848,f7202e924988f383730f245784e37a1ec66f0f54d655fb3b8171c45314389195,true,,SRC-E2-A06,https://apply.lh.or.kr/lhapply/lhFile.do?fileid=58985631,2026-08-31T21:16:29+09:00
imported\SRC-E2-A06\(정정공고)인천계양A-2블록공공분양입주자모집공고문.pdf,(정정공고)인천계양A-2블록공공분양입주자모집공고문.pdf,.pdf,application/pdf,1486848,f7202e924988f383730f245784e37a1ec66f0f54d655fb3b8171c45314389195,false,(정정공고)인천계양A-2블록공공분양입주자모집공고문.pdf,SRC-E2-A06,https://apply.lh.or.kr/lhapply/lhFile.do?fileid=58985631,2026-08-31T21:16:29+09:00
documents\김포 한강\2021-06-29__참고__서부권_2기_신도시_김포한강__인천검단__교통개선_대책.pdf,2021-06-29__참고__서부권_2기_신도시_김포한강__인천검단__교통개선_대책.pdf,.pdf,application/pdf,352543,f73aeb4a71997f5df77ed1b4d5cd616609805096dc5b3333ed61b3dba5b62051,true,,SRC-PDF-044-PROM-1,,2026-09-02T18:18:06+09:00
청정하남-10월호-최종 단면-저해상.pdf,청정하남-10월호-최종 단면-저해상.pdf,.pdf,application/pdf,11319353,f7d1029283830f3ac7dfd255ec4b2f248fd38cb22aa444baaff4f759b04d80d0,true,,SRC-PDF-104-DOC,https://www.hanam.go.kr/DATA/newsletter/3223/20230920035612209_qnT7.pdf,2026-09-02T18:18:06+09:00
200521(14시이후) 하남교산 신도시_과천지구 광역교통개선대책 확정(공공택지기획과).pdf,200521(14시이후) 하남교산 신도시_과천지구 광역교통개선대책 확정(공공택지기획과).pdf,.pdf,application/pdf,563837,fb08785a7962ad8088d930c4598ac1d095187eb34f7a52ea2b675bb0f5fc72cc,true,,SRC-E1-B09;SRC-E2-B08;SRC-F015,https://www.molit.go.kr/LCMS/DWN.jsp?fold=koreaNews/mobile/file&fileName=200521%2814%EC%8B%9C%EC%9D%B4%ED%9B%84%29+%ED%95%98%EB%82%A8%EA%B5%90%EC%82%B0+%EC%8B%A0%EB%8F%84%EC%8B%9C_%EA%B3%BC%EC%B2%9C%EC%A7%80%EA%B5%AC+%EA%B4%91%EC%97%AD%EA%B5%90%ED%86%B5%EA%B0%9C%EC%84%A0%EB%8C%80%EC%B1%85+%ED%99%95%EC%A0%95%28%EA%B3%B5%EA%B3%B5%ED%83%9D%EC%A7%80%EA%B8%B0%ED%9A%8D%EA%B3%BC%29.pdf;https://www.molit.go.kr/mta/USR/N0201/m_36770/dtl.jsp?id=95083918&lcmspage=88;https://www.xn--3-3u6ey6lv7rsa.kr/kor/CMS/Board/Board.do?mCode=MN024&page=3&mode=view&mgr_seq=12&board_seq=135,2026-08-31T21:16:29+09:00
imported\SRC-E1-B09\200521(14시이후) 하남교산 신도시_과천지구 광역교통개선대책 확정(공공택지기획과).pdf,200521(14시이후) 하남교산 신도시_과천지구 광역교통개선대책 확정(공공택지기획과).pdf,.pdf,application/pdf,563837,fb08785a7962ad8088d930c4598ac1d095187eb34f7a52ea2b675bb0f5fc72cc,false,200521(14시이후) 하남교산 신도시_과천지구 광역교통개선대책 확정(공공택지기획과).pdf,SRC-E1-B09;SRC-E2-B08;SRC-F015,https://www.molit.go.kr/LCMS/DWN.jsp?fold=koreaNews/mobile/file&fileName=200521%2814%EC%8B%9C%EC%9D%B4%ED%9B%84%29+%ED%95%98%EB%82%A8%EA%B5%90%EC%82%B0+%EC%8B%A0%EB%8F%84%EC%8B%9C_%EA%B3%BC%EC%B2%9C%EC%A7%80%EA%B5%AC+%EA%B4%91%EC%97%AD%EA%B5%90%ED%86%B5%EA%B0%9C%EC%84%A0%EB%8C%80%EC%B1%85+%ED%99%95%EC%A0%95%28%EA%B3%B5%EA%B3%B5%ED%83%9D%EC%A7%80%EA%B8%B0%ED%9A%8D%EA%B3%BC%29.pdf;https://www.molit.go.kr/mta/USR/N0201/m_36770/dtl.jsp?id=95083918&lcmspage=88;https://www.xn--3-3u6ey6lv7rsa.kr/kor/CMS/Board/Board.do?mCode=MN024&page=3&mode=view&mgr_seq=12&board_seq=135,2026-08-31T21:16:29+09:00
imported\SRC-E2-B08\200521(14시이후) 하남교산 신도시_과천지구 광역교통개선대책 확정(공공택지기획과).pdf,200521(14시이후) 하남교산 신도시_과천지구 광역교통개선대책 확정(공공택지기획과).pdf,.pdf,application/pdf,563837,fb08785a7962ad8088d930c4598ac1d095187eb34f7a52ea2b675bb0f5fc72cc,false,200521(14시이후) 하남교산 신도시_과천지구 광역교통개선대책 확정(공공택지기획과).pdf,SRC-E1-B09;SRC-E2-B08;SRC-F015,https://www.molit.go.kr/LCMS/DWN.jsp?fold=koreaNews/mobile/file&fileName=200521%2814%EC%8B%9C%EC%9D%B4%ED%9B%84%29+%ED%95%98%EB%82%A8%EA%B5%90%EC%82%B0+%EC%8B%A0%EB%8F%84%EC%8B%9C_%EA%B3%BC%EC%B2%9C%EC%A7%80%EA%B5%AC+%EA%B4%91%EC%97%AD%EA%B5%90%ED%86%B5%EA%B0%9C%EC%84%A0%EB%8C%80%EC%B1%85+%ED%99%95%EC%A0%95%28%EA%B3%B5%EA%B3%B5%ED%83%9D%EC%A7%80%EA%B8%B0%ED%9A%8D%EA%B3%BC%29.pdf;https://www.molit.go.kr/mta/USR/N0201/m_36770/dtl.jsp?id=95083918&lcmspage=88;https://www.xn--3-3u6ey6lv7rsa.kr/kor/CMS/Board/Board.do?mCode=MN024&page=3&mode=view&mgr_seq=12&board_seq=135,2026-08-31T21:16:29+09:00
imported\SRC-F015\200521(14시이후) 하남교산 신도시_과천지구 광역교통개선대책 확정(공공택지기획과).pdf,200521(14시이후) 하남교산 신도시_과천지구 광역교통개선대책 확정(공공택지기획과).pdf,.pdf,application/pdf,563837,fb08785a7962ad8088d930c4598ac1d095187eb34f7a52ea2b675bb0f5fc72cc,false,200521(14시이후) 하남교산 신도시_과천지구 광역교통개선대책 확정(공공택지기획과).pdf,SRC-E1-B09;SRC-E2-B08;SRC-F015,https://www.molit.go.kr/LCMS/DWN.jsp?fold=koreaNews/mobile/file&fileName=200521%2814%EC%8B%9C%EC%9D%B4%ED%9B%84%29+%ED%95%98%EB%82%A8%EA%B5%90%EC%82%B0+%EC%8B%A0%EB%8F%84%EC%8B%9C_%EA%B3%BC%EC%B2%9C%EC%A7%80%EA%B5%AC+%EA%B4%91%EC%97%AD%EA%B5%90%ED%86%B5%EA%B0%9C%EC%84%A0%EB%8C%80%EC%B1%85+%ED%99%95%EC%A0%95%28%EA%B3%B5%EA%B3%B5%ED%83%9D%EC%A7%80%EA%B8%B0%ED%9A%8D%EA%B3%BC%29.pdf;https://www.molit.go.kr/mta/USR/N0201/m_36770/dtl.jsp?id=95083918&lcmspage=88;https://www.xn--3-3u6ey6lv7rsa.kr/kor/CMS/Board/Board.do?mCode=MN024&page=3&mode=view&mgr_seq=12&board_seq=135,2026-08-31T21:16:29+09:00
200521(14시이후)+하남교산+신도시_과천지구+광역교통개선대책+확정(공공택지기획과).pdf,200521(14시이후)+하남교산+신도시_과천지구+광역교통개선대책+확정(공공택지기획과).pdf,.pdf,application/pdf,563837,fbe43488370ed17260f5eb6525fcfb25d0453d9a5c2222cb252bf9de41dd62d1,true,,SRC-PDF-018-PROM-1,,2026-09-02T18:18:06+09:00
미사강변도시 A24블록 10년 공공임대주택리츠 입주자 모집.pdf,미사강변도시 A24블록 10년 공공임대주택리츠 입주자 모집.pdf,.pdf,application/pdf,164969,fe6a75eea6be0515dd7aae147197495ec4ecbc0e96e953f867d6a3d269c7dcbd,true,,SRC-PDF-084-OCCU-1,,2026-09-02T18:18:06+09:00
documents\남양주 다산\2018-12-12_남양주_다산역_A2_경기행복주택_입주자모집.html,2018-12-12_남양주_다산역_A2_경기행복주택_입주자모집.html,.html,text/html,2862,ff77b98e0e52ceeee6c20d00168b11a81f1045cae05afdb11308724afb7851d5,true,,,,
