obs_date,slot_hhmm,citycode,nodeid,outcome,retry_count,called_at_kst,http_status,result_code,result_msg,item_count,raw_path,schema_version
2026-09-04,0820,31130,GGB222001318,ok_with_items,0,2026-09-04T08:21:13.134107+09:00,200,00,NORMAL SERVICE.,25,evidence/arrival_raw/2026-09-04/31130_GGB222001318_0820.json,v1
2026-09-04,0825,31130,GGB222001318,ok_with_items,0,2026-09-04T08:25:03.452787+09:00,200,00,NORMAL SERVICE.,25,evidence/arrival_raw/2026-09-04/31130_GGB222001318_0825.json,v1
2026-09-04,0830,31130,GGB222001318,ok_with_items,0,2026-09-04T08:30:05.050242+09:00,200,00,NORMAL SERVICE.,24,evidence/arrival_raw/2026-09-04/31130_GGB222001318_0830.json,v1
2026-09-04,0835,31130,GGB222001318,ok_with_items,0,2026-09-04T08:37:14.666912+09:00,200,00,NORMAL SERVICE.,25,evidence/arrival_raw/2026-09-04/31130_GGB222001318_0835.json,v1
2026-09-04,0840,31130,GGB222001318,ok_with_items,0,2026-09-04T08:40:33.892469+09:00,200,00,NORMAL SERVICE.,25,evidence/arrival_raw/2026-09-04/31130_GGB222001318_0840.json,v1
2026-09-04,0845,31130,GGB222001318,ok_with_items,0,2026-09-04T08:45:24.285282+09:00,200,00,NORMAL SERVICE.,25,evidence/arrival_raw/2026-09-04/31130_GGB222001318_0845.json,v1
2026-09-04,0850,31130,GGB222001318,ok_with_items,0,2026-09-04T08:50:17.606757+09:00,200,00,NORMAL SERVICE.,24,evidence/arrival_raw/2026-09-04/31130_GGB222001318_0850.json,v1
2026-09-04,0855,31130,GGB222001318,ok_with_items,0,2026-09-04T08:55:03.212744+09:00,200,00,NORMAL SERVICE.,24,evidence/arrival_raw/2026-09-04/31130_GGB222001318_0855.json,v1
2026-09-04,1700,31130,GGB222001318,ok_with_items,0,2026-09-04T17:00:05.814852+09:00,200,00,NORMAL SERVICE.,25,evidence/arrival_raw/2026-09-04/31130_GGB222001318_1700.json,v1
2026-09-04,1705,31130,GGB222001318,ok_with_items,0,2026-09-04T17:05:02.873740+09:00,200,00,NORMAL SERVICE.,25,evidence/arrival_raw/2026-09-04/31130_GGB222001318_1705.json,v1
2026-09-04,1710,31130,GGB222001318,ok_with_items,0,2026-09-04T17:10:04.427984+09:00,200,00,NORMAL SERVICE.,25,evidence/arrival_raw/2026-09-04/31130_GGB222001318_1710.json,v1
2026-09-04,1720,31130,GGB222001318,ok_with_items,0,2026-09-04T17:20:05.002493+09:00,200,00,NORMAL SERVICE.,24,evidence/arrival_raw/2026-09-04/31130_GGB222001318_1720.json,v1
2026-09-04,1725,31130,GGB222001318,ok_with_items,0,2026-09-04T17:25:02.870955+09:00,200,00,NORMAL SERVICE.,24,evidence/arrival_raw/2026-09-04/31130_GGB222001318_1725.json,v1
2026-09-04,1730,31130,GGB222001318,ok_with_items,0,2026-09-04T17:30:03.145959+09:00,200,00,NORMAL SERVICE.,24,evidence/arrival_raw/2026-09-04/31130_GGB222001318_1730.json,v1
2026-09-04,1735,31130,GGB222001318,ok_empty,0,2026-09-04T17:35:05.182428+09:00,200,00,NORMAL SERVICE.,0,evidence/arrival_raw/2026-09-04/31130_GGB222001318_1735.json,v1
2026-09-04,1740,31130,GGB222001318,ok_with_items,0,2026-09-04T17:40:03.625048+09:00,200,00,NORMAL SERVICE.,24,evidence/arrival_raw/2026-09-04/31130_GGB222001318_1740.json,v1
2026-09-04,1745,31130,GGB222001318,ok_with_items,0,2026-09-04T17:45:03.539022+09:00,200,00,NORMAL SERVICE.,24,evidence/arrival_raw/2026-09-04/31130_GGB222001318_1745.json,v1
2026-09-04,1750,31130,GGB222001318,ok_with_items,0,2026-09-04T17:50:04.289654+09:00,200,00,NORMAL SERVICE.,24,evidence/arrival_raw/2026-09-04/31130_GGB222001318_1750.json,v1
2026-09-04,1800,31130,GGB222001318,ok_with_items,0,2026-09-04T18:00:03.029129+09:00,200,00,NORMAL SERVICE.,24,evidence/arrival_raw/2026-09-04/31130_GGB222001318_1800.json,v1
2026-09-04,1805,31130,GGB222001318,ok_with_items,0,2026-09-04T18:05:03.611737+09:00,200,00,NORMAL SERVICE.,24,evidence/arrival_raw/2026-09-04/31130_GGB222001318_1805.json,v1
2026-09-04,1810,31130,GGB222001318,ok_with_items,0,2026-09-04T18:10:03.093682+09:00,200,00,NORMAL SERVICE.,24,evidence/arrival_raw/2026-09-04/31130_GGB222001318_1810.json,v1
2026-09-04,1815,31130,GGB222001318,ok_with_items,0,2026-09-04T18:15:04.720325+09:00,200,00,NORMAL SERVICE.,24,evidence/arrival_raw/2026-09-04/31130_GGB222001318_1815.json,v1
2026-09-04,1820,31130,GGB222001318,ok_with_items,0,2026-09-04T18:20:03.105612+09:00,200,00,NORMAL SERVICE.,24,evidence/arrival_raw/2026-09-04/31130_GGB222001318_1820.json,v1
2026-09-04,1825,31130,GGB222001318,ok_with_items,0,2026-09-04T18:25:03.453872+09:00,200,00,NORMAL SERVICE.,25,evidence/arrival_raw/2026-09-04/31130_GGB222001318_1825.json,v1
2026-09-04,1830,31130,GGB222001318,ok_with_items,0,2026-09-04T18:30:03.803234+09:00,200,00,NORMAL SERVICE.,25,evidence/arrival_raw/2026-09-04/31130_GGB222001318_1830.json,v1
2026-09-04,1835,31130,GGB222001318,ok_with_items,0,2026-09-04T18:35:03.178458+09:00,200,00,NORMAL SERVICE.,25,evidence/arrival_raw/2026-09-04/31130_GGB222001318_1835.json,v1
2026-09-04,1840,31130,GGB222001318,ok_with_items,0,2026-09-04T18:40:03.204023+09:00,200,00,NORMAL SERVICE.,25,evidence/arrival_raw/2026-09-04/31130_GGB222001318_1840.json,v1
2026-09-04,1845,31130,GGB222001318,ok_with_items,0,2026-09-04T18:45:04.101998+09:00,200,00,NORMAL SERVICE.,24,evidence/arrival_raw/2026-09-04/31130_GGB222001318_1845.json,v1
2026-09-04,1850,31130,GGB222001318,ok_with_items,0,2026-09-04T18:50:03.362632+09:00,200,00,NORMAL SERVICE.,24,evidence/arrival_raw/2026-09-04/31130_GGB222001318_1850.json,v1
2026-09-04,1855,31130,GGB222001318,ok_with_items,0,2026-09-04T18:55:03.418865+09:00,200,00,NORMAL SERVICE.,24,evidence/arrival_raw/2026-09-04/31130_GGB222001318_1855.json,v1
2026-09-07,0700,31130,GGB222001318,ok_with_items,0,2026-09-07T07:00:05.259150+09:00,200,00,NORMAL SERVICE.,26,evidence/arrival_raw/2026-09-07/31130_GGB222001318_0700.json,v1
2026-09-07,0705,31130,GGB222001318,ok_with_items,0,2026-09-07T07:05:03.046354+09:00,200,00,NORMAL SERVICE.,26,evidence/arrival_raw/2026-09-07/31130_GGB222001318_0705.json,v1
2026-09-07,0710,31130,GGB222001318,ok_with_items,0,2026-09-07T07:10:04.161735+09:00,200,00,NORMAL SERVICE.,28,evidence/arrival_raw/2026-09-07/31130_GGB222001318_0710.json,v1
2026-09-07,0715,31130,GGB222001318,ok_with_items,0,2026-09-07T07:15:02.827925+09:00,200,00,NORMAL SERVICE.,28,evidence/arrival_raw/2026-09-07/31130_GGB222001318_0715.json,v1
2026-09-07,0720,31130,GGB222001318,ok_with_items,0,2026-09-07T07:20:02.466262+09:00,200,00,NORMAL SERVICE.,27,evidence/arrival_raw/2026-09-07/31130_GGB222001318_0720.json,v1
2026-09-07,0725,31130,GGB222001318,ok_with_items,0,2026-09-07T07:25:03.391997+09:00,200,00,NORMAL SERVICE.,26,evidence/arrival_raw/2026-09-07/31130_GGB222001318_0725.json,v1
2026-09-07,0730,31130,GGB222001318,ok_with_items,0,2026-09-07T07:30:03.501880+09:00,200,00,NORMAL SERVICE.,26,evidence/arrival_raw/2026-09-07/31130_GGB222001318_0730.json,v1
2026-09-07,0735,31130,GGB222001318,ok_with_items,0,2026-09-07T07:35:02.713037+09:00,200,00,NORMAL SERVICE.,26,evidence/arrival_raw/2026-09-07/31130_GGB222001318_0735.json,v1
2026-09-07,0745,31130,GGB222001318,ok_with_items,0,2026-09-07T07:45:02.559600+09:00,200,00,NORMAL SERVICE.,26,evidence/arrival_raw/2026-09-07/31130_GGB222001318_0745.json,v1
2026-09-07,0750,31130,GGB222001318,ok_with_items,0,2026-09-07T07:50:02.738473+09:00,200,00,NORMAL SERVICE.,26,evidence/arrival_raw/2026-09-07/31130_GGB222001318_0750.json,v1
2026-09-07,0755,31130,GGB222001318,ok_with_items,0,2026-09-07T07:55:02.923476+09:00,200,00,NORMAL SERVICE.,26,evidence/arrival_raw/2026-09-07/31130_GGB222001318_0755.json,v1
2026-09-07,0805,31130,GGB222001318,ok_with_items,0,2026-09-07T08:05:02.498085+09:00,200,00,NORMAL SERVICE.,26,evidence/arrival_raw/2026-09-07/31130_GGB222001318_0805.json,v1
2026-09-07,0810,31130,GGB222001318,ok_with_items,0,2026-09-07T08:10:02.802771+09:00,200,00,NORMAL SERVICE.,26,evidence/arrival_raw/2026-09-07/31130_GGB222001318_0810.json,v1
2026-09-07,0815,31130,GGB222001318,ok_with_items,0,2026-09-07T08:15:03.278953+09:00,200,00,NORMAL SERVICE.,26,evidence/arrival_raw/2026-09-07/31130_GGB222001318_0815.json,v1
2026-09-07,0820,31130,GGB222001318,ok_with_items,0,2026-09-07T08:20:03.256869+09:00,200,00,NORMAL SERVICE.,26,evidence/arrival_raw/2026-09-07/31130_GGB222001318_0820.json,v1
2026-09-07,0825,31130,GGB222001318,ok_with_items,0,2026-09-07T08:25:02.917827+09:00,200,00,NORMAL SERVICE.,26,evidence/arrival_raw/2026-09-07/31130_GGB222001318_0825.json,v1
2026-09-07,0830,31130,GGB222001318,ok_with_items,0,2026-09-07T08:30:02.939605+09:00,200,00,NORMAL SERVICE.,25,evidence/arrival_raw/2026-09-07/31130_GGB222001318_0830.json,v1
2026-09-07,0835,31130,GGB222001318,ok_with_items,0,2026-09-07T08:35:03.167635+09:00,200,00,NORMAL SERVICE.,25,evidence/arrival_raw/2026-09-07/31130_GGB222001318_0835.json,v1
2026-09-07,0840,31130,GGB222001318,ok_with_items,0,2026-09-07T08:40:03.967801+09:00,200,00,NORMAL SERVICE.,25,evidence/arrival_raw/2026-09-07/31130_GGB222001318_0840.json,v1
2026-09-07,0845,31130,GGB222001318,ok_with_items,0,2026-09-07T08:45:03.025234+09:00,200,00,NORMAL SERVICE.,25,evidence/arrival_raw/2026-09-07/31130_GGB222001318_0845.json,v1
2026-09-07,0850,31130,GGB222001318,ok_with_items,0,2026-09-07T08:50:03.244032+09:00,200,00,NORMAL SERVICE.,25,evidence/arrival_raw/2026-09-07/31130_GGB222001318_0850.json,v1
2026-09-07,1700,31130,GGB222001318,ok_with_items,0,2026-09-07T17:00:06.654954+09:00,200,00,NORMAL SERVICE.,25,evidence/arrival_raw/2026-09-07/31130_GGB222001318_1700.json,v1
2026-09-07,1705,31130,GGB222001318,ok_with_items,0,2026-09-07T17:05:03.407330+09:00,200,00,NORMAL SERVICE.,25,evidence/arrival_raw/2026-09-07/31130_GGB222001318_1705.json,v1
2026-09-07,1710,31130,GGB222001318,ok_with_items,0,2026-09-07T17:10:02.661082+09:00,200,00,NORMAL SERVICE.,25,evidence/arrival_raw/2026-09-07/31130_GGB222001318_1710.json,v1
2026-09-07,1715,31130,GGB222001318,ok_with_items,0,2026-09-07T17:15:03.175003+09:00,200,00,NORMAL SERVICE.,25,evidence/arrival_raw/2026-09-07/31130_GGB222001318_1715.json,v1
2026-09-07,1720,31130,GGB222001318,ok_with_items,0,2026-09-07T17:20:02.961539+09:00,200,00,NORMAL SERVICE.,25,evidence/arrival_raw/2026-09-07/31130_GGB222001318_1720.json,v1
2026-09-07,1725,31130,GGB222001318,ok_with_items,0,2026-09-07T17:25:04.254916+09:00,200,00,NORMAL SERVICE.,24,evidence/arrival_raw/2026-09-07/31130_GGB222001318_1725.json,v1
2026-09-07,1730,31130,GGB222001318,ok_with_items,0,2026-09-07T17:30:03.327265+09:00,200,00,NORMAL SERVICE.,24,evidence/arrival_raw/2026-09-07/31130_GGB222001318_1730.json,v1
2026-09-07,1735,31130,GGB222001318,ok_with_items,0,2026-09-07T17:35:03.648491+09:00,200,00,NORMAL SERVICE.,24,evidence/arrival_raw/2026-09-07/31130_GGB222001318_1735.json,v1
2026-09-07,1740,31130,GGB222001318,ok_with_items,0,2026-09-07T17:40:02.877025+09:00,200,00,NORMAL SERVICE.,24,evidence/arrival_raw/2026-09-07/31130_GGB222001318_1740.json,v1
2026-09-07,1745,31130,GGB222001318,ok_with_items,0,2026-09-07T17:45:03.045213+09:00,200,00,NORMAL SERVICE.,24,evidence/arrival_raw/2026-09-07/31130_GGB222001318_1745.json,v1
2026-09-07,1750,31130,GGB222001318,ok_with_items,0,2026-09-07T17:50:05.460914+09:00,200,00,NORMAL SERVICE.,24,evidence/arrival_raw/2026-09-07/31130_GGB222001318_1750.json,v1
2026-09-07,1800,31130,GGB222001318,ok_with_items,0,2026-09-07T18:00:02.926731+09:00,200,00,NORMAL SERVICE.,24,evidence/arrival_raw/2026-09-07/31130_GGB222001318_1800.json,v1
2026-09-07,1805,31130,GGB222001318,ok_with_items,0,2026-09-07T18:05:04.178690+09:00,200,00,NORMAL SERVICE.,24,evidence/arrival_raw/2026-09-07/31130_GGB222001318_1805.json,v1
2026-09-07,1810,31130,GGB222001318,ok_with_items,0,2026-09-07T18:10:03.142351+09:00,200,00,NORMAL SERVICE.,24,evidence/arrival_raw/2026-09-07/31130_GGB222001318_1810.json,v1
2026-09-07,1815,31130,GGB222001318,ok_with_items,0,2026-09-07T18:15:03.188661+09:00,200,00,NORMAL SERVICE.,24,evidence/arrival_raw/2026-09-07/31130_GGB222001318_1815.json,v1
2026-09-07,1820,31130,GGB222001318,ok_with_items,0,2026-09-07T18:20:03.393025+09:00,200,00,NORMAL SERVICE.,24,evidence/arrival_raw/2026-09-07/31130_GGB222001318_1820.json,v1
2026-09-07,1825,31130,GGB222001318,ok_with_items,0,2026-09-07T18:25:03.909488+09:00,200,00,NORMAL SERVICE.,25,evidence/arrival_raw/2026-09-07/31130_GGB222001318_1825.json,v1
2026-09-07,1830,31130,GGB222001318,ok_with_items,0,2026-09-07T18:30:03.253296+09:00,200,00,NORMAL SERVICE.,25,evidence/arrival_raw/2026-09-07/31130_GGB222001318_1830.json,v1
2026-09-07,1835,31130,GGB222001318,ok_with_items,0,2026-09-07T18:35:05.726482+09:00,200,00,NORMAL SERVICE.,25,evidence/arrival_raw/2026-09-07/31130_GGB222001318_1835.json,v1
2026-09-07,1840,31130,GGB222001318,ok_with_items,0,2026-09-07T18:40:06.848045+09:00,200,00,NORMAL SERVICE.,25,evidence/arrival_raw/2026-09-07/31130_GGB222001318_1840.json,v1
2026-09-07,1845,31130,GGB222001318,api_error,0,2026-09-07T18:45:03.251802+09:00,0,REQ_EXCEPTION,"HTTPSConnectionPool(host='apis.data.go.kr', port=443): Max retries exceeded with url: /1613000/ArvlInfoInqireService/getSttnAcctoArvlPrearngeInfoList?serviceKey=REDACTED&cityCode=31130&nodeId=GGB222001318&numOfRows=100&pageNo=1&_type=json (Caused by NameResolutionError(""HTTPSConnection(host='apis.data.go.kr', port=443): Failed to resolve 'apis.data.go.kr' ([Errno 11001] getaddrinfo failed)""))",0,,v1
2026-09-07,1845,31130,GGB222001318,ok_with_items,1,2026-09-07T18:45:14.351828+09:00,200,00,NORMAL SERVICE.,24,evidence/arrival_raw/2026-09-07/31130_GGB222001318_1845.json,v1
2026-09-07,1850,31130,GGB222001318,ok_with_items,0,2026-09-07T18:50:02.739835+09:00,200,00,NORMAL SERVICE.,24,evidence/arrival_raw/2026-09-07/31130_GGB222001318_1850.json,v1
2026-09-07,1855,31130,GGB222001318,ok_with_items,0,2026-09-07T18:55:03.276662+09:00,200,00,NORMAL SERVICE.,24,evidence/arrival_raw/2026-09-07/31130_GGB222001318_1855.json,v1
2026-09-08,0700,31130,GGB222001318,ok_with_items,0,2026-09-08T07:00:07.266079+09:00,200,00,NORMAL SERVICE.,26,evidence/arrival_raw/2026-09-08/31130_GGB222001318_0700.json,v1
2026-09-08,0705,31130,GGB222001318,ok_with_items,0,2026-09-08T07:05:03.776896+09:00,200,00,NORMAL SERVICE.,27,evidence/arrival_raw/2026-09-08/31130_GGB222001318_0705.json,v1
2026-09-08,0710,31130,GGB222001318,ok_with_items,0,2026-09-08T07:10:04.728257+09:00,200,00,NORMAL SERVICE.,28,evidence/arrival_raw/2026-09-08/31130_GGB222001318_0710.json,v1
2026-09-08,0715,31130,GGB222001318,ok_with_items,0,2026-09-08T07:15:04.372383+09:00,200,00,NORMAL SERVICE.,28,evidence/arrival_raw/2026-09-08/31130_GGB222001318_0715.json,v1
2026-09-08,0720,31130,GGB222001318,ok_with_items,0,2026-09-08T07:20:03.080240+09:00,200,00,NORMAL SERVICE.,28,evidence/arrival_raw/2026-09-08/31130_GGB222001318_0720.json,v1
2026-09-08,0725,31130,GGB222001318,ok_with_items,0,2026-09-08T07:25:03.657267+09:00,200,00,NORMAL SERVICE.,26,evidence/arrival_raw/2026-09-08/31130_GGB222001318_0725.json,v1
2026-09-08,0730,31130,GGB222001318,ok_with_items,0,2026-09-08T07:30:06.009976+09:00,200,00,NORMAL SERVICE.,26,evidence/arrival_raw/2026-09-08/31130_GGB222001318_0730.json,v1
2026-09-08,0735,31130,GGB222001318,ok_with_items,0,2026-09-08T07:35:03.378595+09:00,200,00,NORMAL SERVICE.,26,evidence/arrival_raw/2026-09-08/31130_GGB222001318_0735.json,v1
2026-09-08,0740,31130,GGB222001318,ok_with_items,0,2026-09-08T07:40:02.641060+09:00,200,00,NORMAL SERVICE.,26,evidence/arrival_raw/2026-09-08/31130_GGB222001318_0740.json,v1
2026-09-08,0745,31130,GGB222001318,ok_with_items,0,2026-09-08T07:45:03.225772+09:00,200,00,NORMAL SERVICE.,26,evidence/arrival_raw/2026-09-08/31130_GGB222001318_0745.json,v1
2026-09-08,0750,31130,GGB222001318,ok_with_items,0,2026-09-08T07:50:03.368543+09:00,200,00,NORMAL SERVICE.,26,evidence/arrival_raw/2026-09-08/31130_GGB222001318_0750.json,v1
2026-09-08,0755,31130,GGB222001318,ok_with_items,0,2026-09-08T07:55:03.453826+09:00,200,00,NORMAL SERVICE.,25,evidence/arrival_raw/2026-09-08/31130_GGB222001318_0755.json,v1
2026-09-08,0800,31130,GGB222001318,ok_with_items,0,2026-09-08T08:00:02.926771+09:00,200,00,NORMAL SERVICE.,26,evidence/arrival_raw/2026-09-08/31130_GGB222001318_0800.json,v1
2026-09-08,0805,31130,GGB222001318,ok_with_items,0,2026-09-08T08:05:03.290780+09:00,200,00,NORMAL SERVICE.,26,evidence/arrival_raw/2026-09-08/31130_GGB222001318_0805.json,v1
2026-09-08,0810,31130,GGB222001318,ok_with_items,0,2026-09-08T08:10:03.228701+09:00,200,00,NORMAL SERVICE.,26,evidence/arrival_raw/2026-09-08/31130_GGB222001318_0810.json,v1
2026-09-08,0815,31130,GGB222001318,ok_with_items,0,2026-09-08T08:15:03.703791+09:00,200,00,NORMAL SERVICE.,25,evidence/arrival_raw/2026-09-08/31130_GGB222001318_0815.json,v1
2026-09-08,0820,31130,GGB222001318,ok_with_items,0,2026-09-08T08:20:03.527101+09:00,200,00,NORMAL SERVICE.,25,evidence/arrival_raw/2026-09-08/31130_GGB222001318_0820.json,v1
2026-09-08,0825,31130,GGB222001318,ok_with_items,0,2026-09-08T08:25:03.168460+09:00,200,00,NORMAL SERVICE.,25,evidence/arrival_raw/2026-09-08/31130_GGB222001318_0825.json,v1
2026-09-08,0830,31130,GGB222001318,ok_with_items,0,2026-09-08T08:30:03.183262+09:00,200,00,NORMAL SERVICE.,25,evidence/arrival_raw/2026-09-08/31130_GGB222001318_0830.json,v1
2026-09-08,0835,31130,GGB222001318,ok_with_items,0,2026-09-08T08:35:07.307650+09:00,200,00,NORMAL SERVICE.,25,evidence/arrival_raw/2026-09-08/31130_GGB222001318_0835.json,v1
2026-09-08,0840,31130,GGB222001318,ok_with_items,0,2026-09-08T08:40:04.976329+09:00,200,00,NORMAL SERVICE.,25,evidence/arrival_raw/2026-09-08/31130_GGB222001318_0840.json,v1
2026-09-08,0845,31130,GGB222001318,ok_with_items,0,2026-09-08T08:45:03.265699+09:00,200,00,NORMAL SERVICE.,25,evidence/arrival_raw/2026-09-08/31130_GGB222001318_0845.json,v1
2026-09-08,0850,31130,GGB222001318,ok_with_items,0,2026-09-08T08:50:03.401313+09:00,200,00,NORMAL SERVICE.,25,evidence/arrival_raw/2026-09-08/31130_GGB222001318_0850.json,v1
2026-09-08,0855,31130,GGB222001318,ok_with_items,0,2026-09-08T08:55:03.928216+09:00,200,00,NORMAL SERVICE.,25,evidence/arrival_raw/2026-09-08/31130_GGB222001318_0855.json,v1
2026-09-08,1700,31130,GGB222001318,ok_with_items,0,2026-09-08T17:00:05.802504+09:00,200,00,NORMAL SERVICE.,25,evidence/arrival_raw/2026-09-08/31130_GGB222001318_1700.json,v1
2026-09-08,1705,31130,GGB222001318,ok_with_items,0,2026-09-08T17:05:03.753090+09:00,200,00,NORMAL SERVICE.,25,evidence/arrival_raw/2026-09-08/31130_GGB222001318_1705.json,v1
2026-09-08,1710,31130,GGB222001318,ok_with_items,0,2026-09-08T17:10:03.334018+09:00,200,00,NORMAL SERVICE.,25,evidence/arrival_raw/2026-09-08/31130_GGB222001318_1710.json,v1
2026-09-08,1715,31130,GGB222001318,ok_with_items,0,2026-09-08T17:15:06.557073+09:00,200,00,NORMAL SERVICE.,25,evidence/arrival_raw/2026-09-08/31130_GGB222001318_1715.json,v1
2026-09-08,1720,31130,GGB222001318,ok_with_items,0,2026-09-08T17:20:03.834023+09:00,200,00,NORMAL SERVICE.,24,evidence/arrival_raw/2026-09-08/31130_GGB222001318_1720.json,v1
2026-09-08,1725,31130,GGB222001318,ok_with_items,0,2026-09-08T17:25:07.324104+09:00,200,00,NORMAL SERVICE.,24,evidence/arrival_raw/2026-09-08/31130_GGB222001318_1725.json,v1
2026-09-08,1730,31130,GGB222001318,ok_with_items,0,2026-09-08T17:30:03.520466+09:00,200,00,NORMAL SERVICE.,24,evidence/arrival_raw/2026-09-08/31130_GGB222001318_1730.json,v1
2026-09-08,1735,31130,GGB222001318,ok_with_items,0,2026-09-08T17:35:04.064306+09:00,200,00,NORMAL SERVICE.,24,evidence/arrival_raw/2026-09-08/31130_GGB222001318_1735.json,v1
2026-09-08,1740,31130,GGB222001318,ok_with_items,0,2026-09-08T17:40:04.289368+09:00,200,00,NORMAL SERVICE.,24,evidence/arrival_raw/2026-09-08/31130_GGB222001318_1740.json,v1
2026-09-08,1745,31130,GGB222001318,api_error,0,2026-09-08T17:45:05.190333+09:00,0,REQ_EXCEPTION,"HTTPSConnectionPool(host='apis.data.go.kr', port=443): Read timed out. (read timeout=10)",0,,v1
2026-09-08,1750,31130,GGB222001318,ok_with_items,0,2026-09-08T17:50:03.288200+09:00,200,00,NORMAL SERVICE.,24,evidence/arrival_raw/2026-09-08/31130_GGB222001318_1750.json,v1
2026-09-08,1745,31130,GGB222001318,ok_with_items,1,2026-09-08T17:50:04.828302+09:00,200,00,NORMAL SERVICE.,24,evidence/arrival_raw/2026-09-08/31130_GGB222001318_1745.json,v1
2026-09-08,1755,31130,GGB222001318,ok_with_items,0,2026-09-08T17:55:04.581818+09:00,200,00,NORMAL SERVICE.,24,evidence/arrival_raw/2026-09-08/31130_GGB222001318_1755.json,v1
2026-09-08,1800,31130,GGB222001318,ok_with_items,0,2026-09-08T18:00:03.842126+09:00,200,00,NORMAL SERVICE.,24,evidence/arrival_raw/2026-09-08/31130_GGB222001318_1800.json,v1
2026-09-08,1805,31130,GGB222001318,ok_with_items,0,2026-09-08T18:05:04.800950+09:00,200,00,NORMAL SERVICE.,24,evidence/arrival_raw/2026-09-08/31130_GGB222001318_1805.json,v1
2026-09-08,1810,31130,GGB222001318,ok_with_items,0,2026-09-08T18:10:03.872494+09:00,200,00,NORMAL SERVICE.,24,evidence/arrival_raw/2026-09-08/31130_GGB222001318_1810.json,v1
2026-09-08,1815,31130,GGB222001318,ok_with_items,0,2026-09-08T18:15:07.934501+09:00,200,00,NORMAL SERVICE.,24,evidence/arrival_raw/2026-09-08/31130_GGB222001318_1815.json,v1
2026-09-08,1820,31130,GGB222001318,ok_with_items,0,2026-09-08T18:20:05.122587+09:00,200,00,NORMAL SERVICE.,23,evidence/arrival_raw/2026-09-08/31130_GGB222001318_1820.json,v1
2026-09-08,1825,31130,GGB222001318,ok_with_items,0,2026-09-08T18:25:06.028187+09:00,200,00,NORMAL SERVICE.,25,evidence/arrival_raw/2026-09-08/31130_GGB222001318_1825.json,v1
2026-09-08,1830,31130,GGB222001318,ok_with_items,0,2026-09-08T18:30:04.050599+09:00,200,00,NORMAL SERVICE.,25,evidence/arrival_raw/2026-09-08/31130_GGB222001318_1830.json,v1
2026-09-08,1835,31130,GGB222001318,ok_with_items,0,2026-09-08T18:35:03.876129+09:00,200,00,NORMAL SERVICE.,25,evidence/arrival_raw/2026-09-08/31130_GGB222001318_1835.json,v1
2026-09-08,1840,31130,GGB222001318,ok_with_items,0,2026-09-08T18:40:05.140212+09:00,200,00,NORMAL SERVICE.,25,evidence/arrival_raw/2026-09-08/31130_GGB222001318_1840.json,v1
2026-09-08,1845,31130,GGB222001318,ok_with_items,0,2026-09-08T18:45:03.923531+09:00,200,00,NORMAL SERVICE.,25,evidence/arrival_raw/2026-09-08/31130_GGB222001318_1845.json,v1
2026-09-08,1850,31130,GGB222001318,ok_with_items,0,2026-09-08T18:50:03.933944+09:00,200,00,NORMAL SERVICE.,24,evidence/arrival_raw/2026-09-08/31130_GGB222001318_1850.json,v1
2026-09-08,1855,31130,GGB222001318,ok_with_items,0,2026-09-08T18:55:07.727617+09:00,200,00,NORMAL SERVICE.,24,evidence/arrival_raw/2026-09-08/31130_GGB222001318_1855.json,v1
2026-09-09,0700,31130,GGB222001318,ok_with_items,0,2026-09-09T07:00:05.002417+09:00,200,00,NORMAL SERVICE.,26,evidence/arrival_raw/2026-09-09/31130_GGB222001318_0700.json,v1
2026-09-09,0705,31130,GGB222001318,ok_with_items,0,2026-09-09T07:05:03.184275+09:00,200,00,NORMAL SERVICE.,27,evidence/arrival_raw/2026-09-09/31130_GGB222001318_0705.json,v1
2026-09-09,0710,31130,GGB222001318,ok_with_items,0,2026-09-09T07:10:03.511950+09:00,200,00,NORMAL SERVICE.,28,evidence/arrival_raw/2026-09-09/31130_GGB222001318_0710.json,v1
2026-09-09,0715,31130,GGB222001318,ok_with_items,0,2026-09-09T07:15:02.707088+09:00,200,00,NORMAL SERVICE.,28,evidence/arrival_raw/2026-09-09/31130_GGB222001318_0715.json,v1
2026-09-09,0720,31130,GGB222001318,ok_with_items,0,2026-09-09T07:20:02.798283+09:00,200,00,NORMAL SERVICE.,27,evidence/arrival_raw/2026-09-09/31130_GGB222001318_0720.json,v1
2026-09-09,0725,31130,GGB222001318,ok_with_items,0,2026-09-09T07:25:03.042895+09:00,200,00,NORMAL SERVICE.,26,evidence/arrival_raw/2026-09-09/31130_GGB222001318_0725.json,v1
2026-09-09,0730,31130,GGB222001318,ok_with_items,0,2026-09-09T07:30:05.105518+09:00,200,00,NORMAL SERVICE.,26,evidence/arrival_raw/2026-09-09/31130_GGB222001318_0730.json,v1
2026-09-09,0735,31130,GGB222001318,ok_with_items,0,2026-09-09T07:35:04.265075+09:00,200,00,NORMAL SERVICE.,25,evidence/arrival_raw/2026-09-09/31130_GGB222001318_0735.json,v1
2026-09-09,0740,31130,GGB222001318,ok_with_items,0,2026-09-09T07:40:03.382938+09:00,200,00,NORMAL SERVICE.,26,evidence/arrival_raw/2026-09-09/31130_GGB222001318_0740.json,v1
2026-09-09,0745,31130,GGB222001318,ok_with_items,0,2026-09-09T07:45:04.012094+09:00,200,00,NORMAL SERVICE.,26,evidence/arrival_raw/2026-09-09/31130_GGB222001318_0745.json,v1
2026-09-09,0750,31130,GGB222001318,ok_with_items,0,2026-09-09T07:50:02.724715+09:00,200,00,NORMAL SERVICE.,26,evidence/arrival_raw/2026-09-09/31130_GGB222001318_0750.json,v1
2026-09-09,0755,31130,GGB222001318,ok_with_items,0,2026-09-09T07:55:03.912016+09:00,200,00,NORMAL SERVICE.,25,evidence/arrival_raw/2026-09-09/31130_GGB222001318_0755.json,v1
2026-09-09,0800,31130,GGB222001318,ok_with_items,0,2026-09-09T08:00:07.342616+09:00,200,00,NORMAL SERVICE.,26,evidence/arrival_raw/2026-09-09/31130_GGB222001318_0800.json,v1
2026-09-09,0805,31130,GGB222001318,ok_with_items,0,2026-09-09T08:05:06.891366+09:00,200,00,NORMAL SERVICE.,26,evidence/arrival_raw/2026-09-09/31130_GGB222001318_0805.json,v1
2026-09-09,0810,31130,GGB222001318,ok_with_items,0,2026-09-09T08:10:05.950844+09:00,200,00,NORMAL SERVICE.,26,evidence/arrival_raw/2026-09-09/31130_GGB222001318_0810.json,v1
2026-09-09,0815,31130,GGB222001318,ok_with_items,0,2026-09-09T08:15:03.234275+09:00,200,00,NORMAL SERVICE.,25,evidence/arrival_raw/2026-09-09/31130_GGB222001318_0815.json,v1
2026-09-09,0820,31130,GGB222001318,ok_with_items,0,2026-09-09T08:20:03.352878+09:00,200,00,NORMAL SERVICE.,25,evidence/arrival_raw/2026-09-09/31130_GGB222001318_0820.json,v1
2026-09-09,0825,31130,GGB222001318,ok_with_items,0,2026-09-09T08:25:02.785059+09:00,200,00,NORMAL SERVICE.,25,evidence/arrival_raw/2026-09-09/31130_GGB222001318_0825.json,v1
2026-09-09,0830,31130,GGB222001318,ok_with_items,0,2026-09-09T08:30:08.134326+09:00,200,00,NORMAL SERVICE.,25,evidence/arrival_raw/2026-09-09/31130_GGB222001318_0830.json,v1
2026-09-09,0835,31130,GGB222001318,ok_with_items,0,2026-09-09T08:35:04.185567+09:00,200,00,NORMAL SERVICE.,25,evidence/arrival_raw/2026-09-09/31130_GGB222001318_0835.json,v1
2026-09-09,0840,31130,GGB222001318,ok_with_items,0,2026-09-09T08:40:04.612831+09:00,200,00,NORMAL SERVICE.,25,evidence/arrival_raw/2026-09-09/31130_GGB222001318_0840.json,v1
2026-09-09,0845,31130,GGB222001318,ok_with_items,0,2026-09-09T08:45:03.758748+09:00,200,00,NORMAL SERVICE.,25,evidence/arrival_raw/2026-09-09/31130_GGB222001318_0845.json,v1
2026-09-09,0850,31130,GGB222001318,ok_with_items,0,2026-09-09T08:50:03.328433+09:00,200,00,NORMAL SERVICE.,24,evidence/arrival_raw/2026-09-09/31130_GGB222001318_0850.json,v1
2026-09-09,0855,31130,GGB222001318,ok_with_items,0,2026-09-09T08:55:10.732522+09:00,200,00,NORMAL SERVICE.,24,evidence/arrival_raw/2026-09-09/31130_GGB222001318_0855.json,v1
2026-09-09,1700,31130,GGB222001318,ok_with_items,0,2026-09-09T17:00:04.860512+09:00,200,00,NORMAL SERVICE.,25,evidence/arrival_raw/2026-09-09/31130_GGB222001318_1700.json,v1
2026-09-09,1705,31130,GGB222001318,ok_with_items,0,2026-09-09T17:05:02.805411+09:00,200,00,NORMAL SERVICE.,25,evidence/arrival_raw/2026-09-09/31130_GGB222001318_1705.json,v1
2026-09-09,1710,31130,GGB222001318,ok_with_items,0,2026-09-09T17:10:03.039578+09:00,200,00,NORMAL SERVICE.,25,evidence/arrival_raw/2026-09-09/31130_GGB222001318_1710.json,v1
2026-09-09,1715,31130,GGB222001318,ok_with_items,0,2026-09-09T17:15:03.077501+09:00,200,00,NORMAL SERVICE.,25,evidence/arrival_raw/2026-09-09/31130_GGB222001318_1715.json,v1
2026-09-09,1720,31130,GGB222001318,ok_with_items,0,2026-09-09T17:20:03.029607+09:00,200,00,NORMAL SERVICE.,25,evidence/arrival_raw/2026-09-09/31130_GGB222001318_1720.json,v1
2026-09-09,1725,31130,GGB222001318,ok_with_items,0,2026-09-09T17:25:02.765408+09:00,200,00,NORMAL SERVICE.,24,evidence/arrival_raw/2026-09-09/31130_GGB222001318_1725.json,v1
2026-09-09,1730,31130,GGB222001318,ok_with_items,0,2026-09-09T17:30:02.426762+09:00,200,00,NORMAL SERVICE.,24,evidence/arrival_raw/2026-09-09/31130_GGB222001318_1730.json,v1
2026-09-09,1735,31130,GGB222001318,ok_with_items,0,2026-09-09T17:35:02.781821+09:00,200,00,NORMAL SERVICE.,24,evidence/arrival_raw/2026-09-09/31130_GGB222001318_1735.json,v1
2026-09-09,1740,31130,GGB222001318,ok_with_items,0,2026-09-09T17:40:02.846607+09:00,200,00,NORMAL SERVICE.,24,evidence/arrival_raw/2026-09-09/31130_GGB222001318_1740.json,v1
2026-09-09,1745,31130,GGB222001318,ok_with_items,0,2026-09-09T17:45:02.699695+09:00,200,00,NORMAL SERVICE.,24,evidence/arrival_raw/2026-09-09/31130_GGB222001318_1745.json,v1
2026-09-09,1750,31130,GGB222001318,ok_with_items,0,2026-09-09T17:50:03.176146+09:00,200,00,NORMAL SERVICE.,24,evidence/arrival_raw/2026-09-09/31130_GGB222001318_1750.json,v1
2026-09-09,1755,31130,GGB222001318,ok_with_items,0,2026-09-09T17:55:02.695258+09:00,200,00,NORMAL SERVICE.,24,evidence/arrival_raw/2026-09-09/31130_GGB222001318_1755.json,v1
2026-09-09,1800,31130,GGB222001318,ok_with_items,0,2026-09-09T18:00:02.731574+09:00,200,00,NORMAL SERVICE.,24,evidence/arrival_raw/2026-09-09/31130_GGB222001318_1800.json,v1
2026-09-09,1805,31130,GGB222001318,ok_empty,0,2026-09-09T18:05:03.177873+09:00,200,00,NORMAL SERVICE.,0,evidence/arrival_raw/2026-09-09/31130_GGB222001318_1805.json,v1
2026-09-09,1810,31130,GGB222001318,ok_with_items,0,2026-09-09T18:10:02.622845+09:00,200,00,NORMAL SERVICE.,24,evidence/arrival_raw/2026-09-09/31130_GGB222001318_1810.json,v1
2026-09-09,1815,31130,GGB222001318,ok_with_items,0,2026-09-09T18:15:03.014839+09:00,200,00,NORMAL SERVICE.,24,evidence/arrival_raw/2026-09-09/31130_GGB222001318_1815.json,v1
2026-09-09,1820,31130,GGB222001318,ok_with_items,0,2026-09-09T18:20:02.848590+09:00,200,00,NORMAL SERVICE.,24,evidence/arrival_raw/2026-09-09/31130_GGB222001318_1820.json,v1
2026-09-09,1825,31130,GGB222001318,ok_with_items,0,2026-09-09T18:25:03.098796+09:00,200,00,NORMAL SERVICE.,25,evidence/arrival_raw/2026-09-09/31130_GGB222001318_1825.json,v1
2026-09-09,1830,31130,GGB222001318,ok_with_items,0,2026-09-09T18:30:02.826130+09:00,200,00,NORMAL SERVICE.,25,evidence/arrival_raw/2026-09-09/31130_GGB222001318_1830.json,v1
2026-09-09,1835,31130,GGB222001318,ok_with_items,0,2026-09-09T18:35:03.202411+09:00,200,00,NORMAL SERVICE.,25,evidence/arrival_raw/2026-09-09/31130_GGB222001318_1835.json,v1
2026-09-09,1840,31130,GGB222001318,ok_with_items,0,2026-09-09T18:40:02.910233+09:00,200,00,NORMAL SERVICE.,25,evidence/arrival_raw/2026-09-09/31130_GGB222001318_1840.json,v1
2026-09-09,1845,31130,GGB222001318,ok_with_items,0,2026-09-09T18:45:02.721108+09:00,200,00,NORMAL SERVICE.,25,evidence/arrival_raw/2026-09-09/31130_GGB222001318_1845.json,v1
2026-09-09,1850,31130,GGB222001318,ok_with_items,0,2026-09-09T18:50:02.474425+09:00,200,00,NORMAL SERVICE.,24,evidence/arrival_raw/2026-09-09/31130_GGB222001318_1850.json,v1
2026-09-09,1855,31130,GGB222001318,ok_with_items,0,2026-09-09T18:55:03.061824+09:00,200,00,NORMAL SERVICE.,24,evidence/arrival_raw/2026-09-09/31130_GGB222001318_1855.json,v1
2026-09-10,0715,31130,GGB222001318,ok_with_items,0,2026-09-10T07:15:04.666636+09:00,200,00,NORMAL SERVICE.,27,evidence/arrival_raw/2026-09-10/31130_GGB222001318_0715.json,v1
2026-09-10,0720,31130,GGB222001318,ok_with_items,0,2026-09-10T07:20:03.296182+09:00,200,00,NORMAL SERVICE.,27,evidence/arrival_raw/2026-09-10/31130_GGB222001318_0720.json,v1
2026-09-10,0725,31130,GGB222001318,ok_with_items,0,2026-09-10T07:25:03.262399+09:00,200,00,NORMAL SERVICE.,26,evidence/arrival_raw/2026-09-10/31130_GGB222001318_0725.json,v1
2026-09-10,0730,31130,GGB222001318,ok_with_items,0,2026-09-10T07:30:02.697254+09:00,200,00,NORMAL SERVICE.,24,evidence/arrival_raw/2026-09-10/31130_GGB222001318_0730.json,v1
2026-09-10,0735,31130,GGB222001318,ok_with_items,0,2026-09-10T07:35:02.671746+09:00,200,00,NORMAL SERVICE.,25,evidence/arrival_raw/2026-09-10/31130_GGB222001318_0735.json,v1
2026-09-10,0740,31130,GGB222001318,ok_with_items,0,2026-09-10T07:40:02.144347+09:00,200,00,NORMAL SERVICE.,26,evidence/arrival_raw/2026-09-10/31130_GGB222001318_0740.json,v1
2026-09-10,0745,31130,GGB222001318,ok_with_items,0,2026-09-10T07:45:01.753031+09:00,200,00,NORMAL SERVICE.,26,evidence/arrival_raw/2026-09-10/31130_GGB222001318_0745.json,v1
2026-09-10,0755,31130,GGB222001318,ok_with_items,0,2026-09-10T07:55:01.712962+09:00,200,00,NORMAL SERVICE.,26,evidence/arrival_raw/2026-09-10/31130_GGB222001318_0755.json,v1
2026-09-10,0800,31130,GGB222001318,ok_with_items,0,2026-09-10T08:00:01.597430+09:00,200,00,NORMAL SERVICE.,26,evidence/arrival_raw/2026-09-10/31130_GGB222001318_0800.json,v1
2026-09-10,0805,31130,GGB222001318,ok_with_items,0,2026-09-10T08:05:01.869307+09:00,200,00,NORMAL SERVICE.,25,evidence/arrival_raw/2026-09-10/31130_GGB222001318_0805.json,v1
2026-09-10,0810,31130,GGB222001318,ok_with_items,0,2026-09-10T08:10:01.602849+09:00,200,00,NORMAL SERVICE.,25,evidence/arrival_raw/2026-09-10/31130_GGB222001318_0810.json,v1
2026-09-10,0815,31130,GGB222001318,ok_with_items,0,2026-09-10T08:15:01.800836+09:00,200,00,NORMAL SERVICE.,26,evidence/arrival_raw/2026-09-10/31130_GGB222001318_0815.json,v1
2026-09-10,0820,31130,GGB222001318,ok_with_items,0,2026-09-10T08:20:02.023074+09:00,200,00,NORMAL SERVICE.,26,evidence/arrival_raw/2026-09-10/31130_GGB222001318_0820.json,v1
2026-09-10,0825,31130,GGB222001318,ok_with_items,0,2026-09-10T08:25:01.770105+09:00,200,00,NORMAL SERVICE.,25,evidence/arrival_raw/2026-09-10/31130_GGB222001318_0825.json,v1
2026-09-10,0830,31130,GGB222001318,ok_with_items,0,2026-09-10T08:30:01.635805+09:00,200,00,NORMAL SERVICE.,25,evidence/arrival_raw/2026-09-10/31130_GGB222001318_0830.json,v1
2026-09-10,0835,31130,GGB222001318,ok_with_items,0,2026-09-10T08:35:01.791118+09:00,200,00,NORMAL SERVICE.,25,evidence/arrival_raw/2026-09-10/31130_GGB222001318_0835.json,v1
2026-09-10,0840,31130,GGB222001318,ok_with_items,0,2026-09-10T08:40:01.734425+09:00,200,00,NORMAL SERVICE.,25,evidence/arrival_raw/2026-09-10/31130_GGB222001318_0840.json,v1
2026-09-10,0845,31130,GGB222001318,ok_with_items,0,2026-09-10T08:45:01.843245+09:00,200,00,NORMAL SERVICE.,25,evidence/arrival_raw/2026-09-10/31130_GGB222001318_0845.json,v1
2026-09-10,0850,31130,GGB222001318,ok_with_items,0,2026-09-10T08:50:03.958110+09:00,200,00,NORMAL SERVICE.,25,evidence/arrival_raw/2026-09-10/31130_GGB222001318_0850.json,v1
2026-09-10,0855,31130,GGB222001318,ok_with_items,0,2026-09-10T08:55:02.461559+09:00,200,00,NORMAL SERVICE.,25,evidence/arrival_raw/2026-09-10/31130_GGB222001318_0855.json,v1
2026-09-10,1700,31130,GGB222001318,ok_with_items,0,2026-09-10T17:00:02.827003+09:00,200,00,NORMAL SERVICE.,25,evidence/arrival_raw/2026-09-10/31130_GGB222001318_1700.json,v1
2026-09-10,1705,31130,GGB222001318,ok_with_items,0,2026-09-10T17:05:02.671740+09:00,200,00,NORMAL SERVICE.,25,evidence/arrival_raw/2026-09-10/31130_GGB222001318_1705.json,v1
2026-09-10,1710,31130,GGB222001318,ok_with_items,0,2026-09-10T17:10:02.175553+09:00,200,00,NORMAL SERVICE.,25,evidence/arrival_raw/2026-09-10/31130_GGB222001318_1710.json,v1
2026-09-10,1715,31130,GGB222001318,ok_empty,0,2026-09-10T17:15:02.403402+09:00,200,00,NORMAL SERVICE.,0,evidence/arrival_raw/2026-09-10/31130_GGB222001318_1715.json,v1
2026-09-10,1720,31130,GGB222001318,ok_with_items,0,2026-09-10T17:20:03.701126+09:00,200,00,NORMAL SERVICE.,25,evidence/arrival_raw/2026-09-10/31130_GGB222001318_1720.json,v1
2026-09-10,1725,31130,GGB222001318,ok_with_items,0,2026-09-10T17:25:07.915042+09:00,200,00,NORMAL SERVICE.,24,evidence/arrival_raw/2026-09-10/31130_GGB222001318_1725.json,v1
2026-09-10,1730,31130,GGB222001318,ok_with_items,0,2026-09-10T17:30:02.702323+09:00,200,00,NORMAL SERVICE.,24,evidence/arrival_raw/2026-09-10/31130_GGB222001318_1730.json,v1
2026-09-10,1735,31130,GGB222001318,ok_with_items,0,2026-09-10T17:35:05.468935+09:00,200,00,NORMAL SERVICE.,24,evidence/arrival_raw/2026-09-10/31130_GGB222001318_1735.json,v1
2026-09-10,1740,31130,GGB222001318,ok_with_items,0,2026-09-10T17:40:02.484810+09:00,200,00,NORMAL SERVICE.,24,evidence/arrival_raw/2026-09-10/31130_GGB222001318_1740.json,v1
2026-09-10,1745,31130,GGB222001318,ok_with_items,0,2026-09-10T17:45:02.711049+09:00,200,00,NORMAL SERVICE.,24,evidence/arrival_raw/2026-09-10/31130_GGB222001318_1745.json,v1
2026-09-10,1750,31130,GGB222001318,ok_with_items,0,2026-09-10T17:50:07.911268+09:00,200,00,NORMAL SERVICE.,24,evidence/arrival_raw/2026-09-10/31130_GGB222001318_1750.json,v1
2026-09-10,1755,31130,GGB222001318,ok_empty,0,2026-09-10T17:55:05.002754+09:00,200,00,NORMAL SERVICE.,0,evidence/arrival_raw/2026-09-10/31130_GGB222001318_1755.json,v1
2026-09-10,1800,31130,GGB222001318,ok_with_items,0,2026-09-10T18:00:02.508385+09:00,200,00,NORMAL SERVICE.,24,evidence/arrival_raw/2026-09-10/31130_GGB222001318_1800.json,v1
2026-09-10,1805,31130,GGB222001318,ok_with_items,0,2026-09-10T18:05:03.517089+09:00,200,00,NORMAL SERVICE.,24,evidence/arrival_raw/2026-09-10/31130_GGB222001318_1805.json,v1
2026-09-10,1810,31130,GGB222001318,ok_with_items,0,2026-09-10T18:10:03.803728+09:00,200,00,NORMAL SERVICE.,24,evidence/arrival_raw/2026-09-10/31130_GGB222001318_1810.json,v1
2026-09-10,1820,31130,GGB222001318,ok_with_items,0,2026-09-10T18:20:05.385071+09:00,200,00,NORMAL SERVICE.,24,evidence/arrival_raw/2026-09-10/31130_GGB222001318_1820.json,v1
2026-09-10,1825,31130,GGB222001318,ok_with_items,0,2026-09-10T18:25:02.495094+09:00,200,00,NORMAL SERVICE.,25,evidence/arrival_raw/2026-09-10/31130_GGB222001318_1825.json,v1
2026-09-10,1830,31130,GGB222001318,ok_with_items,0,2026-09-10T18:30:03.574110+09:00,200,00,NORMAL SERVICE.,25,evidence/arrival_raw/2026-09-10/31130_GGB222001318_1830.json,v1
2026-09-10,1835,31130,GGB222001318,ok_with_items,0,2026-09-10T18:35:02.672550+09:00,200,00,NORMAL SERVICE.,25,evidence/arrival_raw/2026-09-10/31130_GGB222001318_1835.json,v1
2026-09-10,1840,31130,GGB222001318,ok_with_items,0,2026-09-10T18:40:03.288937+09:00,200,00,NORMAL SERVICE.,25,evidence/arrival_raw/2026-09-10/31130_GGB222001318_1840.json,v1
2026-09-10,1845,31130,GGB222001318,ok_with_items,0,2026-09-10T18:45:02.412122+09:00,200,00,NORMAL SERVICE.,24,evidence/arrival_raw/2026-09-10/31130_GGB222001318_1845.json,v1
2026-09-10,1850,31130,GGB222001318,ok_with_items,0,2026-09-10T18:50:11.835653+09:00,200,00,NORMAL SERVICE.,24,evidence/arrival_raw/2026-09-10/31130_GGB222001318_1850.json,v1
2026-09-10,1855,31130,GGB222001318,ok_with_items,0,2026-09-10T18:55:02.348981+09:00,200,00,NORMAL SERVICE.,24,evidence/arrival_raw/2026-09-10/31130_GGB222001318_1855.json,v1
2026-09-11,0700,31130,GGB222001318,ok_with_items,0,2026-09-11T07:00:03.978086+09:00,200,00,NORMAL SERVICE.,26,evidence/arrival_raw/2026-09-11/31130_GGB222001318_0700.json,v1
2026-09-11,0705,31130,GGB222001318,ok_with_items,0,2026-09-11T07:05:02.383829+09:00,200,00,NORMAL SERVICE.,28,evidence/arrival_raw/2026-09-11/31130_GGB222001318_0705.json,v1
2026-09-11,0710,31130,GGB222001318,ok_with_items,0,2026-09-11T07:10:02.233667+09:00,200,00,NORMAL SERVICE.,28,evidence/arrival_raw/2026-09-11/31130_GGB222001318_0710.json,v1
2026-09-11,0715,31130,GGB222001318,ok_with_items,0,2026-09-11T07:15:02.327980+09:00,200,00,NORMAL SERVICE.,28,evidence/arrival_raw/2026-09-11/31130_GGB222001318_0715.json,v1
2026-09-11,0720,31130,GGB222001318,ok_with_items,0,2026-09-11T07:20:02.961215+09:00,200,00,NORMAL SERVICE.,28,evidence/arrival_raw/2026-09-11/31130_GGB222001318_0720.json,v1
2026-09-11,0725,31130,GGB222001318,ok_with_items,0,2026-09-11T07:25:02.407987+09:00,200,00,NORMAL SERVICE.,26,evidence/arrival_raw/2026-09-11/31130_GGB222001318_0725.json,v1
2026-09-11,0730,31130,GGB222001318,ok_with_items,0,2026-09-11T07:30:02.093215+09:00,200,00,NORMAL SERVICE.,26,evidence/arrival_raw/2026-09-11/31130_GGB222001318_0730.json,v1
2026-09-11,0735,31130,GGB222001318,ok_with_items,0,2026-09-11T07:35:03.411384+09:00,200,00,NORMAL SERVICE.,25,evidence/arrival_raw/2026-09-11/31130_GGB222001318_0735.json,v1
2026-09-11,0740,31130,GGB222001318,ok_with_items,0,2026-09-11T07:40:02.147054+09:00,200,00,NORMAL SERVICE.,26,evidence/arrival_raw/2026-09-11/31130_GGB222001318_0740.json,v1
2026-09-11,0745,31130,GGB222001318,ok_with_items,0,2026-09-11T07:45:07.474197+09:00,200,00,NORMAL SERVICE.,26,evidence/arrival_raw/2026-09-11/31130_GGB222001318_0745.json,v1
2026-09-11,0750,31130,GGB222001318,ok_with_items,0,2026-09-11T07:50:02.341450+09:00,200,00,NORMAL SERVICE.,26,evidence/arrival_raw/2026-09-11/31130_GGB222001318_0750.json,v1
2026-09-11,0800,31130,GGB222001318,ok_with_items,0,2026-09-11T08:00:01.910199+09:00,200,00,NORMAL SERVICE.,26,evidence/arrival_raw/2026-09-11/31130_GGB222001318_0800.json,v1
2026-09-11,0805,31130,GGB222001318,ok_with_items,0,2026-09-11T08:05:01.949984+09:00,200,00,NORMAL SERVICE.,26,evidence/arrival_raw/2026-09-11/31130_GGB222001318_0805.json,v1
2026-09-11,0810,31130,GGB222001318,ok_with_items,0,2026-09-11T08:10:01.976053+09:00,200,00,NORMAL SERVICE.,26,evidence/arrival_raw/2026-09-11/31130_GGB222001318_0810.json,v1
2026-09-11,0815,31130,GGB222001318,ok_with_items,0,2026-09-11T08:15:02.036708+09:00,200,00,NORMAL SERVICE.,26,evidence/arrival_raw/2026-09-11/31130_GGB222001318_0815.json,v1
2026-09-11,0820,31130,GGB222001318,ok_with_items,0,2026-09-11T08:20:02.438717+09:00,200,00,NORMAL SERVICE.,25,evidence/arrival_raw/2026-09-11/31130_GGB222001318_0820.json,v1
2026-09-11,0825,31130,GGB222001318,ok_with_items,0,2026-09-11T08:25:01.835571+09:00,200,00,NORMAL SERVICE.,25,evidence/arrival_raw/2026-09-11/31130_GGB222001318_0825.json,v1
2026-09-11,0830,31130,GGB222001318,ok_with_items,0,2026-09-11T08:30:01.870101+09:00,200,00,NORMAL SERVICE.,25,evidence/arrival_raw/2026-09-11/31130_GGB222001318_0830.json,v1
2026-09-11,0835,31130,GGB222001318,ok_with_items,0,2026-09-11T08:35:02.773057+09:00,200,00,NORMAL SERVICE.,25,evidence/arrival_raw/2026-09-11/31130_GGB222001318_0835.json,v1
2026-09-11,0840,31130,GGB222001318,ok_with_items,0,2026-09-11T08:40:03.120272+09:00,200,00,NORMAL SERVICE.,25,evidence/arrival_raw/2026-09-11/31130_GGB222001318_0840.json,v1
2026-09-11,0845,31130,GGB222001318,ok_with_items,0,2026-09-11T08:45:02.255593+09:00,200,00,NORMAL SERVICE.,25,evidence/arrival_raw/2026-09-11/31130_GGB222001318_0845.json,v1
2026-09-11,0850,31130,GGB222001318,ok_with_items,0,2026-09-11T08:50:06.539865+09:00,200,00,NORMAL SERVICE.,24,evidence/arrival_raw/2026-09-11/31130_GGB222001318_0850.json,v1
2026-09-11,0855,31130,GGB222001318,ok_with_items,0,2026-09-11T08:55:11.487237+09:00,200,00,NORMAL SERVICE.,25,evidence/arrival_raw/2026-09-11/31130_GGB222001318_0855.json,v1
2026-09-11,1700,31130,GGB222001318,api_error,0,2026-09-11T17:00:02.650462+09:00,0,REQ_EXCEPTION,"HTTPSConnectionPool(host='apis.data.go.kr', port=443): Read timed out. (read timeout=10)",0,,v1
2026-09-11,1700,31130,GGB222001318,ok_with_items,1,2026-09-11T17:00:13.201690+09:00,200,00,NORMAL SERVICE.,25,evidence/arrival_raw/2026-09-11/31130_GGB222001318_1700.json,v1
2026-09-11,1705,31130,GGB222001318,ok_with_items,0,2026-09-11T17:05:03.343097+09:00,200,00,NORMAL SERVICE.,25,evidence/arrival_raw/2026-09-11/31130_GGB222001318_1705.json,v1
2026-09-11,1710,31130,GGB222001318,ok_with_items,0,2026-09-11T17:10:03.276752+09:00,200,00,NORMAL SERVICE.,25,evidence/arrival_raw/2026-09-11/31130_GGB222001318_1710.json,v1
2026-09-11,1715,31130,GGB222001318,ok_with_items,0,2026-09-11T17:15:02.149408+09:00,200,00,NORMAL SERVICE.,25,evidence/arrival_raw/2026-09-11/31130_GGB222001318_1715.json,v1
2026-09-11,1720,31130,GGB222001318,ok_empty,0,2026-09-11T17:20:02.092410+09:00,200,00,NORMAL SERVICE.,0,evidence/arrival_raw/2026-09-11/31130_GGB222001318_1720.json,v1
2026-09-11,1725,31130,GGB222001318,ok_with_items,0,2026-09-11T17:25:02.129796+09:00,200,00,NORMAL SERVICE.,25,evidence/arrival_raw/2026-09-11/31130_GGB222001318_1725.json,v1
2026-09-11,1730,31130,GGB222001318,ok_with_items,0,2026-09-11T17:30:02.067130+09:00,200,00,NORMAL SERVICE.,24,evidence/arrival_raw/2026-09-11/31130_GGB222001318_1730.json,v1
2026-09-11,1735,31130,GGB222001318,ok_with_items,0,2026-09-11T17:35:06.427856+09:00,200,00,NORMAL SERVICE.,24,evidence/arrival_raw/2026-09-11/31130_GGB222001318_1735.json,v1
2026-09-11,1740,31130,GGB222001318,ok_with_items,0,2026-09-11T17:40:02.172742+09:00,200,00,NORMAL SERVICE.,24,evidence/arrival_raw/2026-09-11/31130_GGB222001318_1740.json,v1
2026-09-11,1745,31130,GGB222001318,ok_with_items,0,2026-09-11T17:45:02.943198+09:00,200,00,NORMAL SERVICE.,24,evidence/arrival_raw/2026-09-11/31130_GGB222001318_1745.json,v1
2026-09-11,1750,31130,GGB222001318,ok_with_items,0,2026-09-11T17:50:03.333527+09:00,200,00,NORMAL SERVICE.,24,evidence/arrival_raw/2026-09-11/31130_GGB222001318_1750.json,v1
2026-09-11,1755,31130,GGB222001318,ok_with_items,0,2026-09-11T17:55:02.267374+09:00,200,00,NORMAL SERVICE.,24,evidence/arrival_raw/2026-09-11/31130_GGB222001318_1755.json,v1
2026-09-11,1800,31130,GGB222001318,ok_with_items,0,2026-09-11T18:00:02.402583+09:00,200,00,NORMAL SERVICE.,24,evidence/arrival_raw/2026-09-11/31130_GGB222001318_1800.json,v1
2026-09-11,1805,31130,GGB222001318,ok_with_items,0,2026-09-11T18:05:02.269983+09:00,200,00,NORMAL SERVICE.,24,evidence/arrival_raw/2026-09-11/31130_GGB222001318_1805.json,v1
2026-09-11,1810,31130,GGB222001318,ok_with_items,0,2026-09-11T18:10:01.995231+09:00,200,00,NORMAL SERVICE.,24,evidence/arrival_raw/2026-09-11/31130_GGB222001318_1810.json,v1
2026-09-11,1815,31130,GGB222001318,ok_with_items,0,2026-09-11T18:15:02.007613+09:00,200,00,NORMAL SERVICE.,24,evidence/arrival_raw/2026-09-11/31130_GGB222001318_1815.json,v1
2026-09-11,1820,31130,GGB222001318,ok_with_items,0,2026-09-11T18:20:02.768660+09:00,200,00,NORMAL SERVICE.,24,evidence/arrival_raw/2026-09-11/31130_GGB222001318_1820.json,v1
2026-09-11,1825,31130,GGB222001318,ok_with_items,0,2026-09-11T18:25:02.488730+09:00,200,00,NORMAL SERVICE.,25,evidence/arrival_raw/2026-09-11/31130_GGB222001318_1825.json,v1
2026-09-11,1830,31130,GGB222001318,ok_with_items,0,2026-09-11T18:30:02.869706+09:00,200,00,NORMAL SERVICE.,25,evidence/arrival_raw/2026-09-11/31130_GGB222001318_1830.json,v1
2026-09-11,1835,31130,GGB222001318,ok_with_items,0,2026-09-11T18:35:03.370154+09:00,200,00,NORMAL SERVICE.,25,evidence/arrival_raw/2026-09-11/31130_GGB222001318_1835.json,v1
2026-09-11,1845,31130,GGB222001318,ok_with_items,0,2026-09-11T18:45:02.190980+09:00,200,00,NORMAL SERVICE.,25,evidence/arrival_raw/2026-09-11/31130_GGB222001318_1845.json,v1
2026-09-11,1850,31130,GGB222001318,ok_with_items,0,2026-09-11T18:50:02.605216+09:00,200,00,NORMAL SERVICE.,24,evidence/arrival_raw/2026-09-11/31130_GGB222001318_1850.json,v1
2026-09-11,1855,31130,GGB222001318,ok_with_items,0,2026-09-11T18:55:02.537438+09:00,200,00,NORMAL SERVICE.,24,evidence/arrival_raw/2026-09-11/31130_GGB222001318_1855.json,v1
