candidate_id,development,event_type,event_date,date_precision,date_lower_bound,date_upper_bound,source_url,local_path,sha256,review_status
A01,Dongtan2,occupancy_planned_block,2029년 06월,month,2029-06-01,2029-06-30,https://apply.lh.or.kr/lhapply/apply/wt/wrtanc/selectWrtancInfo.do?panId=0000061101&ccrCnntSysDsCd=02&uppAisTpCd=05&aisTpCd=05&mi=1027,data/raw/evidence/documents/화성 동탄2/2026-05-29_화성동탄2_C-27블록_공공분양주택_입주자모집공고.html,8c425455ac503ddd63d6d6a57eab177703472928873e315bffedf97995c2872e,human_verified
A02,Dongtan2,occupancy_planned_block,2029년 06월,month,2029-06-01,2029-06-30,https://apply.lh.or.kr/lhapply/apply/wt/wrtanc/selectWrtancInfo.do?panId=0000061101&ccrCnntSysDsCd=02&uppAisTpCd=05&aisTpCd=05&mi=1027,data/raw/evidence/refetched/E1-A02.html,483a159ffdcd7600d071b1685f6411f9cbfc6159229dc73d2c118476b8c21b7d,human_verified
A03,Gimpo Hangang,occupancy_planned_block,2020년 06월,month,2020-06-01,2020-06-30,https://apply.lh.or.kr/lhapply/apply/wt/wrtanc/selectWrtancInfo.do?panId=0000061106&ccrCnntSysDsCd=02&uppAisTpCd=06&aisTpCd=08&mi=1026,data/raw/evidence/documents/김포 한강/2026-06-19_김포한강_Ac-01a블록_10년_공공임대주택리츠_입주자_모집공고.html,1b2ff982d5fe4cfb4d4ee83f764c717069b1e2c97fd538e2a99a78d88520c0fa,human_verified
A04,Gimpo Hangang,occupancy_planned_block,2017-08,month,2017-08-01,2017-08-31,https://apply.lh.or.kr/lhapply/apply/wt/wrtanc/selectWrtancInfo.do?panId=0000061160&ccrCnntSysDsCd=02&uppAisTpCd=06&aisTpCd=08&mi=1026,data/raw/evidence/documents/target_refresh_20260902/SRC-E1-A04_2026-09-02.html,dd1eea25a083869bc0080717335818364f5c6e839c8171398874506adedc1b68,human_verified
A05,Wirye,occupancy_first_planned,2013-12,month,2013-12-01,2013-12-31,https://www.korea.kr/news/policyNewsView.do?newsId=148723111,data/raw/evidence/documents/위례/2011-11-29_위례신도시_보금자리_2949가구_내달_5일부터_본청약.html,0d97e44a94f96b7a2b340bfcb7c3a8364acd7bed754b4c12ace566c1aa71f6c2,human_verified
A06,Wirye,occupancy_planned_block,2021.8.,month,2021-08-01,2021-08-31,https://mediahub.seoul.go.kr/archives/1302679,data/raw/evidence/documents/위례/2020-11-19_위례지구_A1-5BL__A1-12BL_분양주택_입주자_모집.html,9bfb5fd75d138d350deeff3a082f5c7910d568cbe9f2b4d933ea1bab35950a26,human_verified
A07,Namyangju Dasan,occupancy_planned_block,2016년,year,2016-01-01,2016-12-31,https://www.myhome.go.kr/hws/portal/sch/selectRsdtRcritNtcDetailView.do?pblancId=7766,data/raw/evidence/documents/남양주 다산/2015-08-11_다산신도시_지금지구_A1블록_국민임대주택_입주자모집공고.html,2514f69cab8c2f81040add73d02a37db5347508a5714c2acfa347bfffe0258d4,human_verified
A08,Namyangju Dasan,occupancy_planned_block,,unknown,,,https://www.myhome.go.kr/hws/portal/sch/selectRsdtRcritNtcDetailView.do?pblancId=6410,data/raw/evidence/＇25년 상반기 경기행복주택 예비입주자 추가모집 공고.pdf,17e730dc3c2b81cfa2c2e820f79ca45e50b657236b8cb5870235dfbf463083b2,rejected
A09,Hanam Misa,occupancy_planned_block,2016.07,month,2016-07-01,2016-07-31,https://apply.lh.or.kr/lhapply/apply/wt/wrtanc/selectWrtancInfo.do?panId=2015122300017628&ccrCnntSysDsCd=03&uppAisTpCd=06&aisTpCd=07&mi=1026,data/raw/evidence/documents/하남 미사/2025-03-14_하남미사17단지_임대주택_입주자모집공고.html,ed89eaafefe6bedf10fbdd14d6ffd26f6db3ea172a6961e787b0659cb092edf4,human_verified
A10,Hanam Misa,occupancy_planned_block,2018-11,month,2018-11-01,2018-11-30,https://www.myhome.go.kr/hws/portal/sch/selectRsdtRcritNtcDetailView.do?pblancId=920,data/raw/evidence/미사강변도시 A24블록 10년 공공임대주택리츠 입주자 모집.pdf,fe6a75eea6be0515dd7aae147197495ec4ecbc0e96e953f867d6a3d269c7dcbd,human_verified
B01,Dongtan2,basic_service,2023년 상반기,half_year,2023-01-01,2023-06-30,https://www.molit.go.kr/LCMS/DWN.jsp?fold=koreaNews/mobile/file&fileName=221026%28%EC%84%9D%EA%B0%84%29_%EC%88%98%EC%9B%90_%ED%98%B8%EB%A7%A4%EC%8B%A4_%ED%99%94%EC%84%B1_%EB%8F%99%ED%83%842_%EA%B4%91%EC%97%AD%EA%B5%90%ED%86%B5%ED%8A%B9%EB%B3%84%EB%8C%80%EC%B1%85_%EB%B0%9C%ED%91%9C%28%EA%B4%91%EC%97%AD%EA%B5%90%ED%86%B5%EC%A0%95%EC%B1%85%EA%B3%BC%29.pdf,data/raw/evidence/refetched/E1-B01.pdf,ee97d54c55cef1585e0d54df1a891d04e68b3dbdc1c8fcde9b4cbc7ef7087556,human_verified
B02,Dongtan2,plan_confirmation,,unknown,,,https://www.molit.go.kr/USR/NEWS/m_71/dtl.jsp?id=95086846,data/raw/evidence/220617(조간)_호매실_동탄2_광역교통_개선을_위해_주민의견_듣는다(광역교통정책과).pdf,ea078d9bb489eb228f003f5675c7825a8b6223f409e3dad8375bcf6a9e780378,rejected
B03,Gimpo Hangang,plan_confirmation,2021년 6월,month,2021-06-01,2021-06-30,https://www.molit.go.kr/LCMS/DWN.jsp?fold=koreaNews/mobile/file&fileName=210629%2815%EC%8B%9C%EC%9D%B4%ED%9B%84%29%EC%84%9C%EB%B6%80%EA%B6%8C+2%EA%B8%B0+%EC%8B%A0%EB%8F%84%EC%8B%9C+%28%EA%B9%80%ED%8F%AC%ED%95%9C%EA%B0%95_%EC%9D%B8%EC%B2%9C%EA%B2%80%EB%8B%A8%29+%EA%B5%90%ED%86%B5%EA%B0%9C%EC%84%A0+%EB%8C%80%EC%B1%85%28%EA%B4%91%EC%97%AD%EC%8B%9C%EC%84%A4%EC%9A%B4%EC%98%81%EA%B3%BC%29.pdf,data/raw/evidence/210629(15시이후)서부권 2기 신도시 (김포한강_인천검단) 교통개선 대책(광역시설운영과).pdf,f54821ed2da56cc09c6281ab080ed96a84252a1fad9af1fff9c07bb78913eb1f,needs_human
B04,Gimpo Hangang,plan_confirmation,2022년 11월,month,2022-11-01,2022-11-30,https://www.molit.go.kr/LCMS/DWN.jsp?fold=koreaNews/mobile/file&fileName=221111%28%EC%84%9D%EA%B0%84%29_%EC%88%98%EB%8F%84%EA%B6%8C_%EC%84%9C%EB%B6%80%EC%A7%80%EC%97%AD%EC%9D%98_%EA%B4%91%EC%97%AD%EA%B5%90%ED%86%B5_%ED%99%95%EC%B6%A9_%EB%93%B1_%EC%A7%80%EC%97%AD%ED%98%84%EC%95%88_%ED%95%B4%EA%B2%B0_%EC%B6%94%EC%A7%84%28%EA%B3%B5%EA%B3%B5%ED%83%9D%EC%A7%80%EC%A1%B0%EC%82%AC%EA%B3%BC%29.pdf,data/raw/evidence/221111(석간)_수도권_서부지역의_광역교통_확충_등_지역현안_해결_추진(공공택지조사과).pdf,d7e578abba3c7c6fe3592dbebdaef288ee0ace8aeb5d4a35909946668e2838f1,needs_human
B05,Wirye,,2025-09,month,2025-09-01,2025-09-30,https://www.molit.go.kr/mta/USR/N0201/m_36770/dtl.jsp?lcmspage=1&id=95087500,data/raw/evidence/documents/target_refresh_20260902/SRC-E1-B05_2026-09-02.html,e32fe204aa721434cbce9866f87f1abebdb0b8a4b6f6ed5981c0e92cdd3244e6,duplicate
B06,Wirye,plan_confirmation,2014.5.12,day,2014-05-12,2014-05-12,https://www.songpa.go.kr/www/contents.do?key=3343&,data/raw/evidence/documents/위례/2022-10-11_위례신도시_광역교통_개선대책.html,d525efe8604cad985bae0ae4894829116ca3a99fb4e9b575ad4734fcf05434eb,human_verified
B07,Namyangju Dasan,plan_confirmation,2020-12-29,day,2020-12-29,2020-12-29,https://www.molit.go.kr/mta/USR/N0201/m_36770/dtl.jsp?lcmspage=2&id=95084988,data/raw/evidence/documents/남양주 다산/2020-12-29_남양주왕숙_고양창릉_신도시_교통대책_확정_.html,773ef92a950674c20a9fb0ee461fea3e5344baeb0c2fb6d8346a5011f0d3c107,human_verified
B08,Namyangju Dasan,basic_service,2024-08-10,day,2024-08-10,2024-08-10,https://www.korea.kr/news/policyNewsView.do?newsId=148931611,data/raw/evidence/240719(조간)_수도권_동부지역__출퇴근_30분_시대_실현_4.4조원_규모의_철도·도로_사업_본격_추진(광역교통정책과) (1).pdf,c9e00558131c031e6df06cef301f3d81f8c0f0fe4f6eab31b670b0512414feab,human_verified
B09,Hanam Misa,plan_confirmation,2020-05-21,day,2020-05-21,2020-05-21,https://www.molit.go.kr/LCMS/DWN.jsp?fold=koreaNews/mobile/file&fileName=200521%2814%EC%8B%9C%EC%9D%B4%ED%9B%84%29+%ED%95%98%EB%82%A8%EA%B5%90%EC%82%B0+%EC%8B%A0%EB%8F%84%EC%8B%9C_%EA%B3%BC%EC%B2%9C%EC%A7%80%EA%B5%AC+%EA%B4%91%EC%97%AD%EA%B5%90%ED%86%B5%EA%B0%9C%EC%84%A0%EB%8C%80%EC%B1%85+%ED%99%95%EC%A0%95%28%EA%B3%B5%EA%B3%B5%ED%83%9D%EC%A7%80%EA%B8%B0%ED%9A%8D%EA%B3%BC%29.pdf,data/raw/evidence/refetched/E1-B09.pdf,bc80d2e3ee3dadbec345a636c7840673b07f8bc9da12f3a14d21a33c94ed5d33,needs_human
B10,Hanam Misa,plan_confirmation,,unknown,,,https://www.korea.kr/briefing/policyBriefingView.do?newsId=148775695,data/raw/evidence/documents/target_refresh_20260902/SRC-E1-B10_2026-09-02.html,1929aa409048a60bb18bcd573aa1d833e8f5288a2dc71c67de384878e9c0e983,rejected
C01,Dongtan2,basic_service,2023-02-01,day,2023-02-01,2023-02-01,,data/raw/evidence/화성 동탄신도시∼김포공항 버스 노선 내달 1일부터 운행 _ 연합뉴스.pdf,e8f57f80285b5bdd4a7c065b26e86816a49adf47b0621eb892b91b0ed574c58a,rejected
C02,Dongtan2,basic_service,2023-02-01,day,2023-02-01,2023-02-01,,data/raw/evidence/화성 동탄신도시∼김포공항 버스 노선 내달 1일부터 운행 _ 연합뉴스.pdf,e8f57f80285b5bdd4a7c065b26e86816a49adf47b0621eb892b91b0ed574c58a,duplicate
C03,Gimpo Hangang,basic_service,2024-01-02,day,2024-01-02,2024-01-02,https://www.hanam.go.kr/www/contents.do?key=3262,data/raw/evidence/documents/김포 한강/2024-01-02_8849번_하남-미사-김포_인천공항__운행시간_정보.html,08bd470d778e7846c46e553e410cfe82112162b8754acb030315bc5e98978d3c,human_verified
C04,Gimpo Hangang,basic_service,2023-02-01,day,2023-02-01,2023-02-01,,data/raw/evidence/화성 동탄신도시∼김포공항 버스 노선 내달 1일부터 운행 _ 연합뉴스.pdf,e8f57f80285b5bdd4a7c065b26e86816a49adf47b0621eb892b91b0ed574c58a,rejected
C05,Wirye,promise_date,2025년 9월,month,2025-09-01,2025-09-30,https://www.molit.go.kr/mta/USR/N0201/m_36770/dtl.jsp?lcmspage=1&id=95087500,data/raw/evidence/documents/위례/2022-11-28_대광위__28일_위례선_도시철도사업_사업계획_승인_착공__25년_개통.html,22dc29dedf04c77cb34775024aa5ad13c497e6c8416d7583bf027987b632af64,human_verified
C06,Wirye,promise_date,2026년 말,month,2026-12-01,2026-12-31,https://www.molit.go.kr/USR/NEWS/dtl.jsp?lcmspage=15&id=95091747,data/raw/evidence/documents/위례/2026-02-26_김용석_대광위원장__위례신도시_광역교통개선대책_점검.html,9d33b78322fa981272be62037cfae20837fac617fddb71188aaa84ba0a2b9959,human_verified
C07,Namyangju Dasan,basic_service,2024.07.13.,day,2024-07-13,2024-07-13,https://www.nyj.go.kr/www/selectBbsNttView.do?key=2481&bbsNo=62&nttNo=482937,data/raw/evidence/documents/남양주 다산/2024-07-03_다산역_개통에_따른_버스노선_변경_알림.html,a6d4837d85331f74a95b9c531d00a4408cda460dd10a7dbd2df4eed29ca65a66,human_verified
C08,Namyangju Dasan,basic_service,2023-03-01,day,2023-03-01,2023-03-01,https://www.nyj.go.kr/www/selectBbsNttView.do?key=2498&bbsNo=68&pageIndex=405&pageUnit=8&searchCnd=all&nttNo=432164,data/raw/evidence/documents/target_refresh_20260902/SRC-E1-C08_2026-09-02.html,c521312de632ca3c23f97f9c9d70fbf59a7154947a6b3f863e4d08b250f5cf71,human_verified
C09,Hanam Misa,basic_service,2023-09-18,day,2023-09-18,2023-09-18,https://www.hanam.go.kr/www/contents.do?key=5540,data/raw/evidence/documents/하남 미사/2023-09-18_하남시__미사순환_마을버스_노선_개통.html,a78261741b0877bb01912251029dd366f3a12629616cc0a470b9063b4f950f75,human_verified
C10,Hanam Misa,basic_service,2024-01-02,day,2024-01-02,2024-01-02,https://www.hanam.go.kr/www/contents.do?key=3262,data/raw/evidence/documents/김포 한강/2024-01-02_8849번_하남-미사-김포_인천공항__운행시간_정보.html,08bd470d778e7846c46e553e410cfe82112162b8754acb030315bc5e98978d3c,duplicate
A06,인천 계양,occupancy_planned_block,2026년 12월,month,2026-12-01,2026-12-31,https://apply.lh.or.kr/lhapply/lhFile.do?fileid=58985631,data/raw/evidence/(정정공고)인천계양A-2블록공공분양입주자모집공고문.pdf,f7202e924988f383730f245784e37a1ec66f0f54d655fb3b8171c45314389195,duplicate
A07,남양주 왕숙,occupancy_planned_block,2028년 08월,month,2028-08-01,2028-08-31,https://apply.lh.or.kr/lhapply/apply/wt/wrtanc/selectWrtancInfo.do?panId=0000060920&ccrCnntSysDsCd=02&uppAisTpCd=05&aisTpCd=05&mi=1027,data/raw/evidence/refetched/E2-A07.html,dfe4326c581605d3dfd0a6807e14c2aa9eb1f2fd5234018da250e1ba2741ed62,duplicate
A08,하남 교산,occupancy_planned_block,2029년 06월,month,2029-06-01,2029-06-30,https://apply.lh.or.kr/lhapply/apply/wt/wrtanc/selectWrtancInfo.do?aisTpCd=05&ccrCnntSysDsCd=02&mi=1027&panId=0000060855&uppAisTpCd=05,data/raw/evidence/refetched/E2-A08.html,08dd45cadec7c5190d70c69f04a8723764a45beba7ab2fc216d67517dae884f2,duplicate
A09,고양 창릉,occupancy_planned_block,2030년 03월,month,2030-03-01,2030-03-31,https://apply.lh.or.kr/lhapply/apply/wt/wrtanc/selectWrtancInfo.do?panId=0000061121&ccrCnntSysDsCd=02&uppAisTpCd=05&aisTpCd=05&mi=1027,data/raw/evidence/refetched/E2-A09.html,889eb0c955d3b04442e9440d46fabb3c71e119b73a65e85394374d9dae759cf7,duplicate
A10,부천 대장,occupancy_planned_block,2028년 01월,month,2028-01-01,2028-01-31,https://apply.lh.or.kr/lhapply/apply/wt/wrtanc/selectWrtancInfo.do?panId=0000060863&ccrCnntSysDsCd=02&uppAisTpCd=05&aisTpCd=05&mi=1027,data/raw/evidence/refetched/E2-A10.html,a058acb1e85fad8cf75c7c6feeeb60d395ea4f064fb66f6d7aa5b1ed5b967025,duplicate
B06,인천 계양,plan_confirmation,2020.12.30,day,2020-12-30,2020-12-30,http://www.molit.go.kr/mta/USR/N0201/m_36770/dtl.jsp?lcmspage=1&id=95085094,data/raw/evidence/documents/인천 계양/2021-01-24_3기_신도시__패스트트랙_교통대책_조기_확정_등으로_신속_공급.html,0553e1245c054ee29e36c23d0263cc561e243ece1b77a9e987de1d594e4cd66b,needs_human
B07,남양주 왕숙,plan_confirmation,2020-12-29,day,2020-12-29,2020-12-29,https://www.molit.go.kr/mta/USR/N0201/m_36770/dtl.jsp?lcmspage=2&id=95084988,data/raw/evidence/documents/남양주 왕숙/2020-12-29_남양주왕숙_고양창릉_신도시_교통대책_확정_.html,ef0529cf32bdcf2a2be5535bb4201829631146b7f6b6a2e3c2dd5e074c870a6d,needs_human
B08,하남 교산,plan_confirmation,2020-05-21,day,2020-05-21,2020-05-21,https://www.xn--3-3u6ey6lv7rsa.kr/kor/CMS/Board/Board.do?mCode=MN024&page=3&mode=view&mgr_seq=12&board_seq=135,data/raw/evidence/documents/하남 교산/2020-05-21_하남교산__과천지구_광역교통개선대책_확정.html,0adfc0053fb55223522d96d48316b3437838b03fa268aa79333c47e8d5ffbfac,needs_human
B09,고양 창릉,plan_confirmation,2020.12.30,day,2020-12-30,2020-12-30,http://www.molit.go.kr/mta/USR/N0201/m_36770/dtl.jsp?lcmspage=1&id=95085094,data/raw/evidence/documents/고양 창릉/2021-01-24_3기_신도시__패스트트랙_교통대책_조기_확정_등으로_신속_공급.html,cf4ccec819b0d8c7d075b4764b8601176da04a11518277e0e2d2558c4ff86233,needs_human
B10,부천 대장,plan_confirmation,2020.12.30,day,2020-12-30,2020-12-30,http://www.molit.go.kr/mta/USR/N0201/m_36770/dtl.jsp?lcmspage=1&id=95085094,data/raw/evidence/documents/부천 대장/2021-01-24_3기_신도시__패스트트랙_교통대책_조기_확정_등으로_신속_공급.html,31f5ea11323f9ed9188ac1643293212a8479e34bb69bae7ac0a70da00be3c351,needs_human
C06,인천 계양,actual_operation,2026년 12월,month,2026-12-01,2026-12-31,https://www.incheon.go.kr/cool/COOL010501/view?petitSn=2048913,data/raw/evidence/documents/인천 계양/2026-05-01_계양신도시_광역버스_신설과_관련하여.html,120b9f301e1b07a0695be78eac9daf0e54ef75452ed07a6f0f838cc005603fe8,human_verified
C07,남양주 왕숙,occupancy_planned_block,2028-08,month,2028-08-01,2028-08-31,https://www.molit.go.kr/LCMS/DWN.jsp?fold=koreaNews/mobile/file&fileName=250724%28%EC%84%9D%EA%B0%84%29+3%EA%B8%B0+%EC%8B%A0%EB%8F%84%EC%8B%9C+%EB%82%A8%EC%96%91%EC%A3%BC%EC%99%95%EC%88%99+%EC%B2%AB+%EA%B3%B5%EA%B8%89+%EA%B0%9C%EC%8B%9C%28%EA%B3%B5%EA%B3%B5%ED%83%9D%EC%A7%80%EA%B4%80%EB%A6%AC%EA%B3%BC%29.pdf,data/raw/evidence/250724(석간) 3기 신도시 남양주왕숙 첫 공급 개시(공공택지관리과).pdf,75b73130d02612d7c1c05f64b5a800a662554d854abc4445e565e0caf2439cb6,human_verified
C08,하남 교산,occupancy_planned_block,2029-06,month,2029-06-01,2029-06-30,https://www.myhome.go.kr/hws/portal/bbs/selectBoardHappyNewsDetailView.do?nttId=797,data/raw/evidence/documents/target_refresh_20260902/SRC-E2-C08_2026-09-02.html,1453c59d79bae2b543831e37cb145e8c1bebfe7c99937945ca331b2e3f50ce85,human_verified
C09,고양 창릉,occupancy_planned_block,2030-03,month,2030-03-01,2030-03-31,https://apply.lh.or.kr/lhapply/apply/wt/wrtanc/selectWrtancInfo.do?panId=0000061134&ccrCnntSysDsCd=02&uppAisTpCd=05&aisTpCd=05&mi=1027,data/raw/evidence/(정정)(정정)고양창릉S-4블록공공분양입주자모집공고문.pdf,25311d447e7f43c48655b96613b1ff2bc56371612a268932071bfb8429e5107d,human_verified
C10,부천 대장,occupancy_planned_block,,unknown,,,https://apply.lh.or.kr/lhapply/apply/wt/wrtanc/selectWrtancInfo.do?panId=0000060706&ccrCnntSysDsCd=02&uppAisTpCd=05&aisTpCd=05&mi=1027,data/raw/evidence/documents/target_refresh_20260902/SRC-E2-C10_2026-09-02.html,74cef30b17bd093346b8467ab7653e9d4bf48c1c71e30d2e0463b87a751f2a7e,rejected
F001,인천 계양,occupancy_planned_block,Dec-26,month,2026-12-01,2026-12-31,https://apply.lh.or.kr/lhapply/apply/wt/wrtanc/selectWrtancInfo.do?aisTpCd=05&ccrCnntSysDsCd=02&mi=1027&panId=0000060752&uppAisTpCd=05,data/raw/evidence/documents/인천 계양/2024-09-20_인천계양_A2_공공분양주택_입주자모집공고.html,01bc504183290e9396f18bb39c2584d4b17399188a016a4cba5351052a00c011,human_verified
F002,인천 계양,occupancy_planned_block,Dec-26,month,2026-12-01,2026-12-31,https://apply.lh.or.kr/lhapply/apply/wt/wrtanc/selectWrtancInfo.do?aisTpCd=23&ccrCnntSysDsCd=04&panId=BN-0001331&uppAisTpCd=22,data/raw/evidence/documents/인천 계양/2026-07-10_인천계양_A3블록_단지내상가_재분양공고.html,0d9239bb1c0b7c81b51ba1a7bde70f065d119672d3b0d3f67655838c0ec98dfd,human_verified
F003,인천 계양,plan_confirmation,미정,unknown,,,https://www.molit.go.kr/mta/USR/N0201/m_36770/dtl.jsp?id=95085094&lcmspage=2,data/raw/evidence/documents/인천 계양/2021-01-24_인천계양_부천대장_광역교통개선대책_확정.html,9eaae5277162495e97ddf189edad305711b636676a8daa566b7f3466375b35c5,needs_human
F004,인천 계양,promise_date,2026,unknown,,,https://www.molit.go.kr/mta/USR/WPGE0201/m_36794/DTL.jsp,data/raw/evidence/documents/부천 대장/확인불가_BRT_고급화_S-BRT__추진.html,ea7e2a95951f422d9bc6adee96f50dae36ad3fbc19b3e1d59600f6fbb5e48c15,needs_human
F005,인천 계양,basic_service,2025-06-28,day,2025-06-28,2025-06-28,https://www.incheon.go.kr/mayor_8/MA040101/view?curPage=195&repSeq=DOM_0000000012620245,data/raw/evidence/documents/인천 계양/2025-06-28_인천도시철도_1호선_검단연장선_개통.html,8a7dd42c598c7b53ed0b4bc831d8e4a139b16bd22b43069a47ab9bc174eabcc9,human_verified
F006,인천 계양,basic_service,2025-06-28,day,2025-06-28,2025-06-28,https://www.incheon.go.kr/IC010205/view?curPage=276&repSeq=DOM_0000000012563847,data/raw/evidence/documents/인천 계양/2025-06-16_검단연장선_6월_28일_첫_운행.html,ddfb5baf54349d7451558757ccc81658e2ff79b80a37285c9bb5ddd49dd36359,human_verified
F007,남양주 왕숙,occupancy_planned_block,Aug-28,month,2028-08-01,2028-08-31,https://apply.lh.or.kr/lhapply/apply/wt/wrtanc/selectWrtancInfo.do?aisTpCd=05&ccrCnntSysDsCd=02&mi=1027&panId=0000060926&uppAisTpCd=05,data/raw/evidence/documents/남양주 왕숙/2025_남양주왕숙_A-1블록_공공분양주택_입주자모집공고.html,3d2fbd3e41f74d681d9633ab3443d963b9e101185935e096e1b754b22d05ec88,human_verified
F008,남양주 왕숙,occupancy_planned_block,Aug-28,month,2028-08-01,2028-08-31,https://apply.lh.or.kr/lhapply/apply/wt/wrtanc/selectWrtancInfo.do?aisTpCd=39&ccrCnntSysDsCd=02&mi=1027&panId=0000060921&uppAisTpCd=39,data/raw/evidence/documents/남양주 왕숙/2025-07-24_남양주왕숙_A-2블록_신혼희망타운_입주자모집공고.html,722d39198a5909bee3459cfb78f636dc4d2f072bab7405d14fa04d358d0840d7,human_verified
F009,남양주 왕숙,promise_date,2028,year,2028-01-01,2028-12-31,https://www.molit.go.kr/mta/USR/N0201/m_36770/dtl.jsp?id=95084988&lcmspage=1,data/raw/evidence/documents/남양주 왕숙/2020-12-29_남양주왕숙_고양창릉_신도시_교통대책_확정.html,6dae1eeca5a29545344277026e601cfbe8230b042347f95b2aa9f4cf88b17409,human_verified
F010,남양주 왕숙,plan_confirmation,미정,unknown,,,https://www.molit.go.kr/2024plan_traffic/news/bodo_2.pdf,data/raw/evidence/bodo_2.pdf,90f107e315964eadde4d306bc9bd50f6b4883562335c9cbb3a6a6c4b486b8c77,needs_human
F011,남양주 왕숙,basic_service,2022-03-19,day,2022-03-19,2022-03-19,https://www.molit.go.kr/USR/NEWS/m_71/dtl.jsp?id=95086587&lcmspage=60,data/raw/evidence/documents/남양주 왕숙/2022-03-18_진접선_개통__남양주의_새로운_길이_열립니다.html,ad7806c3360f86c8f5018922d0dd6b57fff128514c7e81757630cbccc5cc5e8e,human_verified
F012,남양주 왕숙,basic_service,2024-08-10,day,2024-08-10,2024-08-10,https://gnews.gg.go.kr/briefing/brief_gongbo_view.do?BS_CODE=s017&number=62697&subject_Code=BO01,data/raw/evidence/documents/남양주 왕숙/2024-08-10_별내선_개통__첫_열차_운행.html,7426809fef38ea73371315bb6b00306b5876f9570b98d55705d620541531d6a2,duplicate
F013,하남 교산,occupancy_planned_block,Jun-29,month,2029-06-01,2029-06-30,https://apply.lh.or.kr/lhapply/apply/wt/wrtanc/selectWrtancInfo.do?aisTpCd=05&ccrCnntSysDsCd=02&mi=1027&panId=0000060838&uppAisTpCd=05,data/raw/evidence/documents/하남 교산/2025-03-31_교산_푸르지오_더_퍼스트_입주자모집공고.html,6148722fa9e6fb4ef4ecf538e89bd1564b5e371ee3578caa4e6d9048936852be,human_verified
F014,하남 교산,occupancy_planned_block,Jun-29,month,2029-06-01,2029-06-30,https://apply.lh.or.kr/lhapply/apply/wt/wrtanc/selectWrtancInfo.do?aisTpCd=05&ccrCnntSysDsCd=02&mi=1027&panId=0000060855&uppAisTpCd=05,data/raw/evidence/documents/하남 교산/2025-03-31_교산_푸르지오_더_퍼스트_정정공고.html,d32f5a13e0313fd406b65a4345ecd2b2ed97a521b75c7b75333a26ae6128c997,human_verified
F015,하남 교산,promise_date,2028,year,2028-01-01,2028-12-31,https://www.molit.go.kr/mta/USR/N0201/m_36770/dtl.jsp?id=95083918&lcmspage=88,data/raw/evidence/documents/하남 교산/2020-05-21_하남교산_과천_광역교통개선대책_확정.html,4817a8af4673acbc0d43eece66ca74d2e9537fb6dec0abc36be2a178e75230b6,human_verified
F016,하남 교산,plan_confirmation,미정,unknown,,,https://www.molit.go.kr/2024plan_traffic/main.jsp,data/raw/evidence/documents/하남 교산/2024-01-25_2024년_교통_분야_민생토론회.html,cf44511a66ef2ff733c9e6ee1c60fcd1eae70390a999d827e1b10f15519321d9,needs_human
F017,하남 교산,basic_service,2020-08-08,day,2020-08-08,2020-08-08,https://www.hanam.go.kr/sosik/selectBbsNttView.do?bbsNo=1164&integrDeptCode=&key=10048&nttNo=210883&pageIndex=426&searchCnd=all&searchCtgry=&searchKrwd=&selectPageUnit=,data/raw/evidence/documents/하남 교산/2020-08-07_하남선_1단계_개통.html,268065f4354f3297624b33b5c737b4af1b40ad90f5bff6b53ce3936878e72500,duplicate
F018,하남 교산,basic_service,2021-03-27,day,2021-03-27,2021-03-27,https://www.hanam.go.kr/sosik/selectBbsNttView.do?bbsNo=1164&integrDeptCode=&key=10048&nttNo=321801&pageIndex=258&searchCnd=all&searchCtgry=&searchKrwd=&selectPageUnit=,data/raw/evidence/documents/하남 교산/2021-03-26_지하철_5호선_하남선_전_구간_개통.html,8075b0e7df9f7dbaf71bc879d8388fe5e3e8db8f74e6e4b74926612667684f1a,duplicate
F019,고양 창릉,occupancy_planned_block,Jan-28,month,2028-01-01,2028-01-31,https://apply.lh.or.kr/lhapply/apply/wt/wrtanc/selectWrtancInfo.do?aisTpCd=39&ccrCnntSysDsCd=02&mi=1027&panId=0000060802&uppAisTpCd=39,data/raw/evidence/documents/고양 창릉/2025-01-31_고양창릉_A-4블록_신혼희망타운_입주자모집공고.html,e4a387df85f8daae54bf9abeeb928f870bf686f83a27d2b04baa393e1403fadd,human_verified
F020,고양 창릉,occupancy_planned_block,Jan-28,month,2028-01-01,2028-01-31,https://apply.lh.or.kr/lhapply/apply/wt/wrtanc/selectWrtancInfo.do?aisTpCd=05&ccrCnntSysDsCd=02&mi=1027&panId=0000060807&uppAisTpCd=05,data/raw/evidence/documents/고양 창릉/2025-01-31_고양창릉_S-5블록_공공분양주택_입주자모집공고.html,19b4c82a88778520cbffc6fc57418825966d34b995b62ff6965cd59d3083eb81,human_verified
F021,고양 창릉,plan_confirmation,미정,unknown,,,https://www.molit.go.kr/mta/USR/N0201/m_36770/dtl.jsp?id=95084988&lcmspage=1,data/raw/evidence/documents/고양 창릉/2020-12-29_남양주왕숙_고양창릉_신도시_교통대책_확정.html,8ee7a86658599816f214698b17e6e112177ba0732f00d6aeccf725dfc5e59a66,needs_human
F022,고양 창릉,promise_date,미정,unknown,,,https://www.molit.go.kr/2024plan_traffic/news/bodo_2.pdf,data/raw/evidence/bodo_2.pdf,90f107e315964eadde4d306bc9bd50f6b4883562335c9cbb3a6a6c4b486b8c77,duplicate
F023,고양 창릉,actual_operation,2024-12-28,day,2024-12-28,2024-12-28,https://www.molit.go.kr/USR/NEWS/dtl.jsp?id=95090469&lcmspage=47,data/raw/evidence/documents/고양 창릉/2024-12-11_GTX-A_운정중앙_서울역_구간_12월_28일_개통.html,7a6ec410b2924164a236a0822a7dc0c53f48a479da8f2a672f6dae714cf189e1,human_verified
F024,고양 창릉,actual_operation,2023-07-01,day,2023-07-01,2023-07-01,https://www.molit.go.kr/USR/NEWS/m_72/dtl.jsp?id=95088517&lcmspage=5,data/raw/evidence/documents/고양 창릉/2023-06-30_대곡_소사_복선전철_7월_1일_개통.html,805805051e9bff565c9ea87ca545c58172d6fb52684c432d4476e5a0522eaf17,human_verified
F025,부천 대장,occupancy_planned_block,Nov-27,month,2027-11-01,2027-11-30,https://apply.lh.or.kr/lhapply/apply/wt/wrtanc/selectWrtancInfo.do?aisTpCd=42&ccrCnntSysDsCd=03&panId=2015122300020448&uppAisTpCd=39,data/raw/evidence/documents/부천 대장/2026-07-23_부천대장_A5_A6블록_행복주택_입주자_최초모집.html,a2c5229416956e228a75c90d8b04952434069c504ad625280c6dea584731fd86,human_verified
F026,부천 대장,occupancy_planned_block,Jan-28,month,2028-01-01,2028-01-31,https://apply.lh.or.kr/lhapply/apply/wt/wrtanc/selectWrtancInfo.do?aisTpCd=05&ccrCnntSysDsCd=02&mi=1027&panId=0000060865&uppAisTpCd=05,data/raw/evidence/documents/부천 대장/2025-04-30_부천대장_A8블록_공공분양주택_입주자모집공고.html,a3f97246c7b08c98b53bbd90c7304fa0c90093ff5dce1ea14ba53279df9073d0,human_verified
F027,부천 대장,plan_confirmation,미정,unknown,,,https://www.molit.go.kr/mta/USR/N0201/m_36770/dtl.jsp?id=95085094&lcmspage=2,data/raw/evidence/documents/부천 대장/2021-01-24_인천계양_부천대장_광역교통개선대책_확정.html,154c414897c7d63020ea7b9608ecd089af1a1ed7f4185e759a77ac2f09fef7b1,needs_human
F028,부천 대장,promise_date,2026,unknown,,,https://www.molit.go.kr/mta/USR/WPGE0201/m_36794/DTL.jsp,data/raw/evidence/documents/부천 대장/확인불가_BRT_고급화_S-BRT__추진.html,ea7e2a95951f422d9bc6adee96f50dae36ad3fbc19b3e1d59600f6fbb5e48c15,duplicate
F029,부천 대장,actual_operation,2023-07-01,day,2023-07-01,2023-07-01,https://www.molit.go.kr/USR/NEWS/m_72/dtl.jsp?id=95088517&lcmspage=5,data/raw/evidence/documents/부천 대장/2023-06-30_대곡_소사_복선전철_7월_1일_개통.html,3a440438e7ec34858de3d17f59dba5933f55f9ce9ba439a881006c9271a68f11,human_verified
F030,부천 대장,actual_operation,2023-07-01,day,2023-07-01,2023-07-01,https://bucheon.go.kr/site/homepage/menu/viewMenu?menuid=148006006003003002,data/raw/evidence/documents/부천 대장/2025-11-03_소사-대곡선_사업현황.html,f66b4990197018219272aa85631fc7d627478966c4bb87d39cfeebd96de64df8,human_verified
H001,Dongtan2,occupancy_start,Jan-15,day,2015-01-23,2015-01-23,https://www.lh.or.kr/gallery.es?act=view&b_list=8&bid=0003&keyField=&list_no=7977&mid=a10502000000&nPage=342&orderby=&vlist_no_npage=547,data/raw/evidence/documents/화성 동탄2/2015-01-23_LH_수도권_최대_신도시_동탄_2_지구__첫_입주_시작.html,186fbbd4158f0d99383f971b740a45594b0d65ff222357ec2be35ed32576ecdc,human_verified
H002,Dongtan2,plan_confirmation,Sep-12,month,2012-09-01,2012-09-30,https://www.molit.go.kr/USR/NEWS/m_18578/dtl.jsp?id=155208949&lcmspage=157,data/raw/evidence/documents/화성 동탄2/2007-05-11_동탄_2_신도시_개발계획_확정.html,192e29362a4c1c7ffd0383a68178cc767e91130b425d82bd9667b9cfc87350aa,human_verified
H003,Dongtan2,promise_date,2024-H1,half_year,2024-01-01,2024-06-30,https://www.molit.go.kr/mta/USR/N0201/m_36770/dtl.jsp?id=95087345&lcmspage=5,data/raw/evidence/documents/화성 동탄2/2022-10-26_수원호매실_화성동탄2_광역교통_특별대책.html,13a063885f63b7ed81d889fc19b67294ea7b718629b3e158a3c951490f286f1a,human_verified
H004,Dongtan2,plan_confirmation,미정,unknown,,,https://www.molit.go.kr/mta/USR/N0201/m_36770/dtl.jsp?id=95086846&lcmspage=1,data/raw/evidence/documents/화성 동탄2/2022-06-16_수원호매실_화성동탄2_광역교통_특별대책_주민간담회.html,8373e47f77ceeaf11f8f57611ad1bf042889d32f5045388bfcab532e3114134e,needs_human
H005,Dongtan2,actual_operation,2024-03-30,day,2024-03-30,2024-03-30,https://www.molit.go.kr/USR/NEWS/m_72/dtl.jsp?id=95089607&lcmspage=2,data/raw/evidence/documents/화성 동탄2/2024-03-29_GTX-A_수서_동탄_구간_3월_30일_개통.html,8d574faa72a6fcb866671e00af961c8a3435f8db51695c18c372357547b79bc7,human_verified
H006,Dongtan2,actual_operation,2016-12-09,day,2016-12-09,2016-12-09,https://www.srail.or.kr/cms/article/view.do?pageId=KR0502000000&postNo=56,data/raw/evidence/documents/화성 동탄2/2016-12-09__Start_SRT__기대_속_첫_출발.html,afe281f924c5c9a6d36b273d524df37506d339837651f6160fe0b006d24eab68,human_verified
H007,Gimpo Hangang,occupancy_start,2011-06-17,day,2011-06-17,2011-06-17,https://www.molit.go.kr/USR/NEWS/m_71/dtl.jsp?id=95068404&lcmspage=346,data/raw/evidence/documents/김포 한강/2011-06-30_김포한강신도시_아파트_첫_입주_등_입주물량_증가세.html,9ad6d54a2e031812263f4e52c1c1a6da2f6a69c9ef0c2c261dfc10f1c386d0ce,human_verified
H008,Gimpo Hangang,occupancy_start,Jun-11,month,2011-06-01,2011-06-30,https://kms.ggc.go.kr/cms/mntsViewer.do?mntsId=718,data/raw/evidence/documents/김포 한강/2011-05-03_경기도의회_제258회_임시회_회의록.html,4383ab01a57617fd5f9f980139afe773bf414b256f1f7dba188b4509bc0153e9,human_verified
H009,Gimpo Hangang,promise_date,2018,year,2018-01-01,2018-12-31,https://lh.or.kr/boardDownload.es?bid=0034&list_no=646642&seq=3,data/raw/evidence/(참고자료)김포양곡_행복주택_사회적기업공간_위치_및_공간현황.pdf,a3c74951c8e5c04931fc3d631c069bf6b22718e2978eb0d577e1941c58393e7f,human_verified
H010,Gimpo Hangang,promise_date,2018,year,2018-01-01,2018-12-31,https://lh.or.kr/boardDownload.es?bid=0034&list_no=646666&seq=3,data/raw/evidence/(참고자료)김포한강_행복주택_사회적기업공간_위치_및_공간_현황.pdf,e1ebc0fea640403e26a71cfea8ebace74b5da734ea1371ad0713ba9974d0da49,human_verified
H011,Gimpo Hangang,actual_operation,2019-09-28,day,2019-09-28,2019-09-28,https://gimpo.go.kr/news/selectBbsNttView.do?bbsNo=466&key=9377&nttNo=94282&pageIndex=124&pageUnit=10&searchCnd=all&searchKrwd=%EC%96%B4%EB%A6%B0%EC%9D%B4,data/raw/evidence/documents/김포 한강/2019-09-27__김포_지하철시대_열렸다__28일_첫_열차_출발.html,a265b079ba28e19d5d576585c0af3b05651915e777695e20644851113feb8e10,human_verified
H012,Gimpo Hangang,actual_operation,2019-09-28,day,2019-09-28,2019-09-28,https://www.gimpo.go.kr/site/portal/images/contents/cts7619_file01_202512.pdf,data/raw/evidence/documents/김포 한강/2025-12_2035년_김포도시기본계획_변경_주요내용.pdf,0fe071799169540ddae02383e3dcd67457b752ddf6d52e1f0881c4811e3aa8c1,human_verified
H013,Wirye,occupancy_start,Dec-13,month,2013-12-01,2013-12-31,https://mediahub.seoul.go.kr/archives/2015024,data/raw/evidence/documents/위례/2022_위례신도시_교통_현황과_개선_계획.html,5ad0c40f29df2cbebab51894f18a7aafeffd02c37107512bb52bc8de2ab0e702,human_verified
H014,Wirye,occupancy_planned_block,Nov-15,month,2015-11-01,2015-11-30,https://www.hanam.go.kr/sosik/selectBbsNttView.do?bbsNo=1164&integrDeptCode=&key=10048&nttNo=153910&pageIndex=901&searchCnd=all&searchCtgry=&searchKrwd=&selectPageUnit=,data/raw/evidence/documents/위례/2015-07-27_위례신도시_하남권역_입주대비_교통대책.html,7797c1100afd0c85cb91eaf6235494beb7c4a8d7136ebbd4cf8e2c35bb9a9aec,human_verified
H015,Wirye,promise_date,2026-H2,half_year,2026-07-01,2026-12-31,https://mediahub.seoul.go.kr/archives/2015526,data/raw/evidence/documents/위례/2025-09-05_위례선_트램__2026년_하반기_개통_목표.html,40bdcb00aff724a8a641044b5ef748ae63fa0f34704ea84ee5b0a51927aa9425,human_verified
H016,Wirye,promise_date,Dec-26,month,2026-12-01,2026-12-31,https://mayor.seoul.go.kr/oh/seoul/newsView.do?curPage=4&photoGallerySn=4287,data/raw/evidence/documents/위례/2026_위례선_트램_시운전_현장_점검.html,eb0691b05a0db8fea8ee8ff4fb1496334134756ecf2f8371760df812447e0679,human_verified
H017,Wirye,basic_service,2021-12-18,day,2021-12-18,2021-12-18,https://mediahub.seoul.go.kr/archives/2003528,data/raw/evidence/documents/위례/2021-12-16_지하철_8호선_남위례역_18일_개통.html,8bd8f0178588d76612028c4594297b046ddda3b45289e9092fb76e0a5eb7d489,human_verified
H018,Wirye,basic_service,2023-08-30,day,2023-08-30,2023-08-30,https://www.hanam.go.kr/cleanh/cleanhBbsNttWebView.do?key=4348&nttNo=2245,data/raw/evidence/documents/위례/2023-09_하남시_똑버스_운행.html,349f134b0941de89423042e3637348154dc8ca95e3a9b3da0f39f52cfce5ae27,human_verified
H019,Namyangju Dasan,occupancy_first_planned,Jan-18,month,2018-01-01,2018-01-31,https://kms.ggc.go.kr/cms/mntsViewer.do?mntsId=9247,data/raw/evidence/documents/남양주 다산/2016-07-18_경기도의회_제312회_임시회_회의록.html,3fc514500716ecb7f54fb787de4ed6ff89e09d04cc941be9deea346ab544af72,human_verified
H020,Namyangju Dasan,occupancy_start,2018,year,2018-01-01,2018-12-31,https://gnews.gg.go.kr/briefing/brief_gongbo_view.do?BS_CODE=S017&number=36361,data/raw/evidence/documents/남양주 다산/2018-02-12_다산신도시_입주지원_특별대책반_본격_가동.html,cbfe676c61ddc941745739b811bc43bbb3f5a7a112c0298b4dc0bb62014a2085,human_verified
H021,Namyangju Dasan,plan_confirmation,미정,unknown,,,https://www.gh.or.kr/gh/announcement-of-salerental001.do?articleNo=52607&attachNo=57912&mode=download,data/raw/evidence/(정정공고) 다산신도시 자연앤푸르지오 입주자모집 정정공고(A3).pdf,78e1f182e7fd0b7a08ca5d3c27ae6e6d7fda39a6479c6788bce1f18d7d80e999,human_verified
H022,Namyangju Dasan,promise_date,2022,year,2022-01-01,2022-12-31,https://buy.gh.or.kr/land/svc/announce/land_announce_html.jsp?strFile=00586_201802271541281.jsp,data/raw/evidence/documents/남양주 다산/2018-02-27_다산신도시_상업_주유소용지_공급공고.html,947d3813b20833a7f52050eb889950247ca7f92e84e71745f4a9652b4ddcf3a2,human_verified
H023,Namyangju Dasan,actual_operation,2024-08-10,day,2024-08-10,2024-08-10,https://gnews.gg.go.kr/briefing/brief_gongbo_view.do?BS_CODE=s017&number=62697&subject_Code=BO01,data/raw/evidence/documents/남양주 다산/2024-08-10_별내선_개통__첫_열차_운행.html,46c878afe7723b77f7ddfac3796a15c955700305935340ff93d2e072ddba5766,human_verified
H024,Namyangju Dasan,actual_operation,2024-08-10,day,2024-08-10,2024-08-10,https://molit.go.kr/atmo/USR/N0201/m_36515/dtl.jsp?id=95090058&lcmspage=77,data/raw/evidence/documents/남양주 다산/2024-08-09__남양주_잠실_27분___8월_10일_별내선_개통.html,2e12c3efeb1f158b5dc6284cf6da6e12bb0d3c00d335d323d50eb16842724139,human_verified
H025,Hanam Misa,occupancy_start,Jun-14,day,2014-06-30,2014-06-30,https://www.lh.or.kr/gallery.es?act=view&b_list=8&bid=0003&keyField=&list_no=7400&mid=a10502000000&nPage=420&orderby=&vlist_no_npage=672,data/raw/evidence/documents/하남 미사/2014-06-30_LH_미사강변도시_첫_입주_시작.html,8aabe1b7f7511cce6a13994ef8a2bac916de0089e07419d7f0c2c80534a24999,human_verified
H026,Hanam Misa,occupancy_planned_block,Jul-15,month,2015-07-01,2015-07-31,https://apply.lh.or.kr/lhapply/apply/wt/wrtanc/selectWrtancInfo.do?aisTpCd=08&ccrCnntSysDsCd=02&mi=1026&panId=0000060513&uppAisTpCd=06,data/raw/evidence/documents/하남 미사/2015_하남미사_A12_A16블록_임대주택_공고.html,b80ebe4971273ae1477ba64d399b7b698cb1bd64c64ae016640ad4876422572c,human_verified
H027,Hanam Misa,plan_confirmation,2009,unknown,,,https://www.hanam.go.kr/sosik/selectBbsNttView.do?bbsNo=1164&integrDeptCode=&key=10048&nttNo=221988&pageIndex=392&searchCnd=all&searchCtgry=&searchKrwd=&selectPageUnit=,data/raw/evidence/documents/하남 미사/2020-12-31_하남시_2020년_10대_뉴스.html,5f677f3d1200fa35363643aaef52eebb157d84d90539ee15a04868e77fe3495d,human_verified
H028,Hanam Misa,promise_date,2020-08-08,day,2020-08-08,2020-08-08,https://www.hanam.go.kr/www/selectBbsNttView.do?bbsNo=944&key=3760&nttNo=115091,data/raw/evidence/documents/하남 미사/2020-06_하남선_1단계_개통일_관련_안내.html,d9976457dfd0c4b6efd024d40290267bba47a9f56c14fe6ab74f2f95e5062a25,human_verified
H029,Hanam Misa,actual_operation,2020-08-08,day,2020-08-08,2020-08-08,https://www.hanam.go.kr/sosik/selectBbsNttView.do?bbsNo=1164&integrDeptCode=&key=10048&nttNo=210883&pageIndex=426&searchCnd=all&searchCtgry=&searchKrwd=&selectPageUnit=,data/raw/evidence/documents/하남 교산/2020-08-07_하남선_1단계_개통.html,268065f4354f3297624b33b5c737b4af1b40ad90f5bff6b53ce3936878e72500,human_verified
H030,Hanam Misa,actual_operation,2021-03-27,day,2021-03-27,2021-03-27,https://www.hanam.go.kr/sosik/selectBbsNttView.do?bbsNo=1164&integrDeptCode=&key=10048&nttNo=321801&pageIndex=258&searchCnd=all&searchCtgry=&searchKrwd=&selectPageUnit=,data/raw/evidence/documents/하남 교산/2021-03-26_지하철_5호선_하남선_전_구간_개통.html,8075b0e7df9f7dbaf71bc879d8388fe5e3e8db8f74e6e4b74926612667684f1a,human_verified
U001,남양주 왕숙,occupancy_planned_block,2028년 12월,month,2028-12-01,2028-12-31,https://apply.lh.or.kr/lhapply/lhFile.do?fileid=64513024,data/raw/evidence/(251127)남양주왕숙_B-17BL_공공분양_입주자모집공고문.pdf,0f2f8e767b8aaf98df7013e0bdfb1f133a23c7e784c22ac5ab774d071ffa4e37,human_verified
U002,하남 교산,occupancy_planned_block,2029년 06월,month,2029-06-01,2029-06-30,https://apply.lh.or.kr/lhapply/lhFile.do?fileid=61520164,data/raw/evidence/(정정)250424_교산푸르지오더퍼스트_입주자모집공고.pdf,08438e6ac19967e88de5ae5dfe94e8f5bd891efefd0eb07195d96045b0707fa6,human_verified
PDF-001-occupancy_planned_block,고양 창릉,occupancy_planned_block,2029,year,2029-01-01,2029-12-31,https://apply.lh.or.kr/lhapply/lhFile.do?fileid=60487776,data/raw/evidence/(250131)고양창릉A-4블록신혼희망타운(공공분양)입주자모집공고문.pdf,e9ecf26d9d265a70fb06ab20847c338f10a9bf24ef3dbf6ed58c57c6a251b931,rejected
PDF-002-occupancy_planned_block,남양주 왕숙,occupancy_planned_block,2028-08,month,2028-08-01,2028-08-31,https://apply.lh.or.kr/lhapply/lhFile.do?fileid=62796612,data/raw/evidence/(250724)남양주왕숙A-2블록신혼희망타운(공공분양)입주자모집공고문.pdf,70517aa73243cce5a00fb02792ec0a84e4aad3c728a1a5c48546bfa0f8409442,human_verified
PDF-004-occupancy_planned_block,고양 창릉,occupancy_planned_block,2029,year,2029-01-01,2029-12-31,https://apply.lh.or.kr/lhapply/lhFile.do?fileid=67677223,data/raw/evidence/(정정)(정정)고양창릉S-3블록입주자모집공고문.pdf,35fef79a31d18fdeecb52bc6a15e08811e6857245dbd14d220753f3597a10981,rejected
PDF-005-occupancy_planned_block,고양 창릉,occupancy_planned_block,2029,year,2029-01-01,2029-12-31,https://apply.lh.or.kr/lhapply/lhFile.do?fileid=67715855,data/raw/evidence/(정정)(정정)고양창릉S-4블록공공분양입주자모집공고문.pdf,25311d447e7f43c48655b96613b1ff2bc56371612a268932071bfb8429e5107d,rejected
PDF-007-occupancy_planned_block,고양 창릉,occupancy_planned_block,2029,year,2029-01-01,2029-12-31,https://apply.lh.or.kr/lhapply/lhFile.do?fileid=60606564,"data/raw/evidence/(정정)고양창릉S-5,S-6블록공공분양주택입주자모집공고문.pdf",a65a5c4807f9e93fe2cd6c465ccaaccae2657d5b48db24ded879e80b26468319,rejected
PDF-008-occupancy_planned_block,하남 교산,occupancy_planned_block,2029,year,2029-01-01,2029-12-31,https://apply.lh.or.kr/lhapply/lhFile.do?fileid=61479595,data/raw/evidence/(정정)교산푸르지오더퍼스트_입주자모집공고.pdf,17f890d3468fb4f720c33fa6aefb56dd0eb6cfae7df0b4bd9996a5b6f554de4d,human_verified
PDF-014-occupancy_planned_block,하남 교산,occupancy_planned_block,2029,year,2029-01-01,2029-12-31,https://apply.lh.or.kr/lhapply/lhFile.do?fileid=61210841,data/raw/evidence/(최종)250331_교산푸르지오더퍼스트_입주자모집공고.pdf,b247b3e65cb7029821c352a345952c0fb73323ae3462b90b52f5b653dca1a2f5,human_verified
PDF-015-occupancy_first_actual,Gimpo Hangang,occupancy_start,,unknown,,,,data/raw/evidence/110624(조간)__11년_6~8월_입주예정_아파트_공개(주택정책과).pdf,dc233154be5b674cb88e215791cc0f37d90bdbe94d06dff17e6fed269a0f7d9f,duplicate
PDF-016-occupancy_first_actual,Hanam Misa,occupancy_start,2014-06-30,day,2014-06-30,2014-06-30,,data/raw/evidence/140630_LH_미사강변도시_첫_입주_시작.pdf,6a368721bcef1b229bfe5bd3bb2d40b5ddf61811dd86483a53841c6ecdfc15a4,human_verified
PDF-018-promise_date,하남 교산,plan_confirmation,,unknown,,,,data/raw/evidence/200521(14시이후)+하남교산+신도시_과천지구+광역교통개선대책+확정(공공택지기획과).pdf,fbe43488370ed17260f5eb6525fcfb25d0453d9a5c2222cb252bf9de41dd62d1,human_verified
PDF-019-promise_date,남양주 왕숙,promise_date,2020,year,2020-01-01,2020-12-31,https://allinpdf.com/Transmit/File_Download?DownloadPath=2026%2f08%2f31%2fbb0746e8-a368-447f-8345-252b4e8a7dd3.hwp-0001.pdf&FileName=201230(%ec%a1%b0%ea%b0%84)%eb%82%a8%ec%96%91%ec%a3%bc%ec%99%95%ec%88%99_%ea%b3%a0%ec%96%91%ec%b0%bd%eb%a6%89+%ec%8b%a0%eb%8f%84%ec%8b%9c+%ea%b5%90%ed%86%b5%eb%8c%80%ec%b1%85+%ed%99%95%ec%a0%95(%ea%b3%b5%ea%b3%b5%ed%83%9d%ec%a7%80%ea%b8%b0%ed%9a%8d%ea%b3%bc+%ea%b4%91%ec%97%ad%ea%b5%90%ed%86%b5%ec%a0%95%ec%b1%85%ea%b3%bc).hwp.pdf,data/raw/evidence/201230(조간)남양주왕숙_고양창릉 신도시 교통대책 확정(공공택지기획과 광역교통정책과).pdf,ecc470f4fb71a5b29f7499ce815fe4f6605f9de139444664a3134be6e5dcd577,human_verified
PDF-019-promise_date,고양 창릉,promise_date,2020,year,2020-01-01,2020-12-31,https://allinpdf.com/Transmit/File_Download?DownloadPath=2026%2f08%2f31%2fbb0746e8-a368-447f-8345-252b4e8a7dd3.hwp-0001.pdf&FileName=201230(%ec%a1%b0%ea%b0%84)%eb%82%a8%ec%96%91%ec%a3%bc%ec%99%95%ec%88%99_%ea%b3%a0%ec%96%91%ec%b0%bd%eb%a6%89+%ec%8b%a0%eb%8f%84%ec%8b%9c+%ea%b5%90%ed%86%b5%eb%8c%80%ec%b1%85+%ed%99%95%ec%a0%95(%ea%b3%b5%ea%b3%b5%ed%83%9d%ec%a7%80%ea%b8%b0%ed%9a%8d%ea%b3%bc+%ea%b4%91%ec%97%ad%ea%b5%90%ed%86%b5%ec%a0%95%ec%b1%85%ea%b3%bc).hwp.pdf,data/raw/evidence/201230(조간)남양주왕숙_고양창릉 신도시 교통대책 확정(공공택지기획과 광역교통정책과).pdf,ecc470f4fb71a5b29f7499ce815fe4f6605f9de139444664a3134be6e5dcd577,human_verified
PDF-020-occupancy_first_actual,Dongtan2,occupancy_start,2015-01-23,day,2015-01-23,2015-01-23,,data/raw/evidence/20150123_ 동탄2신도시 첫 입주.pdf,5ec7ad2f8fde7650b4723adcec0d6931c2ecdb8af0bd0ccaab60f6db6b6c63e6,human_verified
PDF-021-promise_date,Dongtan2,promise_date,2021,year,2021-01-01,2021-12-31,https://allinpdf.com/Transmit/File_Download?DownloadPath=2026%2f08%2f31%2f0b34fc1d-dd59-4fee-b1b6-4dec3f09c3d4.hwp-0001.pdf&FileName=210125+(%ec%a1%b0%ea%b0%84)3%ea%b8%b0+%ec%8b%a0%eb%8f%84%ec%8b%9c_%ed%8c%a8%ec%8a%a4%ed%8a%b8%ed%8a%b8%eb%9e%99_%ea%b5%90%ed%86%b5%eb%8c%80%ec%b1%85+%ec%a1%b0%ea%b8%b0+%ed%99%95%ec%a0%95+%eb%93%b1%ec%9c%bc%eb%a1%9c+%ec%8b%a0%ec%86%8d+%ea%b3%b5%ea%b8%89(%ea%b3%b5%ea%b3%b5%ed%83%9d%ec%a7%80%ea%b8%b0%ed%9a%8d%ea%b3%bc).hwp.pdf,data/raw/evidence/210125 (조간)3기 신도시_패스트트랙_교통대책 조기 확정 등으로 신속 공급(공공택지기획과).pdf,894b933a4fc5a46612a01bb5806599544d52a78c702fdf34203d30d7240bac5b,human_verified
PDF-021-promise_date,인천 계양,promise_date,2021,year,2021-01-01,2021-12-31,https://allinpdf.com/Transmit/File_Download?DownloadPath=2026%2f08%2f31%2f0b34fc1d-dd59-4fee-b1b6-4dec3f09c3d4.hwp-0001.pdf&FileName=210125+(%ec%a1%b0%ea%b0%84)3%ea%b8%b0+%ec%8b%a0%eb%8f%84%ec%8b%9c_%ed%8c%a8%ec%8a%a4%ed%8a%b8%ed%8a%b8%eb%9e%99_%ea%b5%90%ed%86%b5%eb%8c%80%ec%b1%85+%ec%a1%b0%ea%b8%b0+%ed%99%95%ec%a0%95+%eb%93%b1%ec%9c%bc%eb%a1%9c+%ec%8b%a0%ec%86%8d+%ea%b3%b5%ea%b8%89(%ea%b3%b5%ea%b3%b5%ed%83%9d%ec%a7%80%ea%b8%b0%ed%9a%8d%ea%b3%bc).hwp.pdf,data/raw/evidence/210125 (조간)3기 신도시_패스트트랙_교통대책 조기 확정 등으로 신속 공급(공공택지기획과).pdf,894b933a4fc5a46612a01bb5806599544d52a78c702fdf34203d30d7240bac5b,human_verified
PDF-021-promise_date,부천 대장,promise_date,2021,year,2021-01-01,2021-12-31,https://allinpdf.com/Transmit/File_Download?DownloadPath=2026%2f08%2f31%2f0b34fc1d-dd59-4fee-b1b6-4dec3f09c3d4.hwp-0001.pdf&FileName=210125+(%ec%a1%b0%ea%b0%84)3%ea%b8%b0+%ec%8b%a0%eb%8f%84%ec%8b%9c_%ed%8c%a8%ec%8a%a4%ed%8a%b8%ed%8a%b8%eb%9e%99_%ea%b5%90%ed%86%b5%eb%8c%80%ec%b1%85+%ec%a1%b0%ea%b8%b0+%ed%99%95%ec%a0%95+%eb%93%b1%ec%9c%bc%eb%a1%9c+%ec%8b%a0%ec%86%8d+%ea%b3%b5%ea%b8%89(%ea%b3%b5%ea%b3%b5%ed%83%9d%ec%a7%80%ea%b8%b0%ed%9a%8d%ea%b3%bc).hwp.pdf,data/raw/evidence/210125 (조간)3기 신도시_패스트트랙_교통대책 조기 확정 등으로 신속 공급(공공택지기획과).pdf,894b933a4fc5a46612a01bb5806599544d52a78c702fdf34203d30d7240bac5b,human_verified
PDF-023-actual_operation,남양주 왕숙,actual_operation,2022-03-19,day,,,https://www.molit.go.kr/LCMS/DWN.jsp?fold=koreaNews/mobile/file&fileName=220318%28%EC%84%9D%EA%B0%84%29_%EC%A7%84%EC%A0%91%EC%84%A0_%EA%B0%9C%ED%86%B5_%EB%82%A8%EC%96%91%EC%A3%BC%EC%9D%98_%EC%83%88%EB%A1%9C%EC%9A%B4_%EA%B8%B8%28%EC%B2%A0%EB%8F%84%ED%88%AC%EC%9E%90%EA%B0%9C%EB%B0%9C%EA%B3%BC%29.pdf,data/raw/evidence/220318(석간)_진접선_개통_남양주의_새로운_길(철도투자개발과).pdf,5ca5a14c242fdc43aba2946d19a90fd682ecf38054edf2acaaa843cc89f8112b,human_verified
PDF-025-promise_date,Dongtan2,promise_date,2022-10-26,day,2022-10-26,2022-10-26,,data/raw/evidence/221026(석간)_수원_호매실_화성_동탄2_광역교통특별대책_발표(광역교통정책과).pdf,b289b7a3fb07c631744d95e58f66b47e45e0a4347c138c16684c58554010050c,human_verified
PDF-027-promise_date,Wirye,promise_date,2022-11-25,day,2022-11-25,2022-11-25,,data/raw/evidence/221128(석간)_위례신도시_노면전차_사업으로_교통이_편리해진다(광역시설정책과).pdf,da11fbf0ece767ab2872f6f40311e00bf7df9bceafc4f9ce045d9c29bb28ed92,human_verified
PDF-027-basic_service,Wirye,basic_service,,,,,,data/raw/evidence/221128(석간)_위례신도시_노면전차_사업으로_교통이_편리해진다(광역시설정책과).pdf,da11fbf0ece767ab2872f6f40311e00bf7df9bceafc4f9ce045d9c29bb28ed92,rejected
PDF-028-actual_operation,고양 창릉,actual_operation,2023-07-01,day,2023-07-01,2023-07-01,https://www.molit.go.kr/LCMS/DWN.jsp?fold=koreaNews/mobile/file&fileName=230630%28%EC%B0%B8%EA%B3%A0%29_%EB%8C%80%EA%B3%A1-%EC%86%8C%EC%82%AC_%EB%B3%B5%EC%84%A0%EC%A0%84%EC%B2%A0_7%EC%9B%94_1%EC%9D%BC_%EA%B0%9C%ED%86%B5%28%EC%B2%A0%EB%8F%84%ED%88%AC%EC%9E%90%EA%B0%9C%EB%B0%9C%EA%B3%BC%29.pdf,data/raw/evidence/230630(참고)_대곡-소사_복선전철_7월_1일_개통(철도투자개발과).pdf,808adcd9cfba65450c62f6187416790bf6dcca2d2c50af97e8ecee5c8f9a84fc,human_verified
PDF-028-actual_operation,Dongtan2,basic_service,2023-07-01,day,2023-07-01,2023-07-01,https://www.molit.go.kr/LCMS/DWN.jsp?fold=koreaNews/mobile/file&fileName=230630%28%EC%B0%B8%EA%B3%A0%29_%EB%8C%80%EA%B3%A1-%EC%86%8C%EC%82%AC_%EB%B3%B5%EC%84%A0%EC%A0%84%EC%B2%A0_7%EC%9B%94_1%EC%9D%BC_%EA%B0%9C%ED%86%B5%28%EC%B2%A0%EB%8F%84%ED%88%AC%EC%9E%90%EA%B0%9C%EB%B0%9C%EA%B3%BC%29.pdf,data/raw/evidence/230630(참고)_대곡-소사_복선전철_7월_1일_개통(철도투자개발과).pdf,808adcd9cfba65450c62f6187416790bf6dcca2d2c50af97e8ecee5c8f9a84fc,human_verified
PDF-029-actual_operation,Dongtan2,actual_operation,2024-03-29,day,2024-03-29,2024-03-29,https://www.molit.go.kr/LCMS/DWN.jsp?fold=koreaNews/mobile/file&fileName=240329%28%EC%B0%B8%EA%B3%A0%29_GTX-A_%EC%88%98%EC%84%9C%7E%EB%8F%99%ED%83%84_3%EC%9B%94_30%EC%9D%BC_%EA%B0%9C%ED%86%B5%28%EC%88%98%EB%8F%84%EA%B6%8C%EA%B4%91%EC%97%AD%EA%B8%89%ED%96%89%EC%B2%A0%EB%8F%84%EA%B3%BC%29.pdf,data/raw/evidence/240329(참고)_GTX-A_수서~동탄_3월_30일_개통(수도권광역급행철도과).pdf,83da19e7f5e189f542899a4ff549fbf2cd6caff6dab96ef41ff11835f4e66734,human_verified
PDF-030-promise_date,Namyangju Dasan,promise_date,2024-07-18,day,2024-07-18,2024-07-18,https://download.blog.naver.com/open/76e36ad9c291924e638cedd6ee0b7d0da9fd00e18b/EFsQabdNxbfO_to2E-QRigSVEg-Y6ehyel8RHzlnkwMqH4-2UXok7f3Qa-Ia2WlzxQumVzfBoIEPS0y029wXfoF_BOE/240719%28%EC%A1%B0%EA%B0%84%29_%EC%88%98%EB%8F%84%EA%B6%8C_%EB%8F%99%EB%B6%80%EC%A7%80%EC%97%AD__%EC%B6%9C%ED%87%B4%EA%B7%BC_30%EB%B6%84_%EC%8B%9C%EB%8C%80_%EC%8B%A4%ED%98%84_4.4%EC%A1%B0%EC%9B%90_%EA%B7%9C%EB%AA%A8%EC%9D%98_%EC%B2%A0%EB%8F%84%C2%B7%EB%8F%84%EB%A1%9C_%EC%82%AC%EC%97%85_%EB%B3%B8%EA%B2%A9_%EC%B6%94%EC%A7%84%28%EA%B4%91%EC%97%AD%EA%B5%90%ED%86%B5%EC%A0%95%EC%B1%85%EA%B3%BC%29%20%281%29.pdf,data/raw/evidence/240719(조간)_수도권_동부지역__출퇴근_30분_시대_실현_4.4조원_규모의_철도·도로_사업_본격_추진(광역교통정책과) (1).pdf,c9e00558131c031e6df06cef301f3d81f8c0f0fe4f6eab31b670b0512414feab,human_verified
PDF-030-promise_date,Hanam Misa,promise_date,2024-07-18,day,2024-07-18,2024-07-18,https://download.blog.naver.com/open/76e36ad9c291924e638cedd6ee0b7d0da9fd00e18b/EFsQabdNxbfO_to2E-QRigSVEg-Y6ehyel8RHzlnkwMqH4-2UXok7f3Qa-Ia2WlzxQumVzfBoIEPS0y029wXfoF_BOE/240719%28%EC%A1%B0%EA%B0%84%29_%EC%88%98%EB%8F%84%EA%B6%8C_%EB%8F%99%EB%B6%80%EC%A7%80%EC%97%AD__%EC%B6%9C%ED%87%B4%EA%B7%BC_30%EB%B6%84_%EC%8B%9C%EB%8C%80_%EC%8B%A4%ED%98%84_4.4%EC%A1%B0%EC%9B%90_%EA%B7%9C%EB%AA%A8%EC%9D%98_%EC%B2%A0%EB%8F%84%C2%B7%EB%8F%84%EB%A1%9C_%EC%82%AC%EC%97%85_%EB%B3%B8%EA%B2%A9_%EC%B6%94%EC%A7%84%28%EA%B4%91%EC%97%AD%EA%B5%90%ED%86%B5%EC%A0%95%EC%B1%85%EA%B3%BC%29%20%281%29.pdf,data/raw/evidence/240719(조간)_수도권_동부지역__출퇴근_30분_시대_실현_4.4조원_규모의_철도·도로_사업_본격_추진(광역교통정책과) (1).pdf,c9e00558131c031e6df06cef301f3d81f8c0f0fe4f6eab31b670b0512414feab,human_verified
PDF-030-promise_date,하남 교산,promise_date,2024-07-18,day,2024-07-18,2024-07-18,https://download.blog.naver.com/open/76e36ad9c291924e638cedd6ee0b7d0da9fd00e18b/EFsQabdNxbfO_to2E-QRigSVEg-Y6ehyel8RHzlnkwMqH4-2UXok7f3Qa-Ia2WlzxQumVzfBoIEPS0y029wXfoF_BOE/240719%28%EC%A1%B0%EA%B0%84%29_%EC%88%98%EB%8F%84%EA%B6%8C_%EB%8F%99%EB%B6%80%EC%A7%80%EC%97%AD__%EC%B6%9C%ED%87%B4%EA%B7%BC_30%EB%B6%84_%EC%8B%9C%EB%8C%80_%EC%8B%A4%ED%98%84_4.4%EC%A1%B0%EC%9B%90_%EA%B7%9C%EB%AA%A8%EC%9D%98_%EC%B2%A0%EB%8F%84%C2%B7%EB%8F%84%EB%A1%9C_%EC%82%AC%EC%97%85_%EB%B3%B8%EA%B2%A9_%EC%B6%94%EC%A7%84%28%EA%B4%91%EC%97%AD%EA%B5%90%ED%86%B5%EC%A0%95%EC%B1%85%EA%B3%BC%29%20%281%29.pdf,data/raw/evidence/240719(조간)_수도권_동부지역__출퇴근_30분_시대_실현_4.4조원_규모의_철도·도로_사업_본격_추진(광역교통정책과) (1).pdf,c9e00558131c031e6df06cef301f3d81f8c0f0fe4f6eab31b670b0512414feab,human_verified
PDF-030-promise_date,남양주 왕숙,promise_date,2024-07-18,day,2024-07-18,2024-07-18,https://download.blog.naver.com/open/76e36ad9c291924e638cedd6ee0b7d0da9fd00e18b/EFsQabdNxbfO_to2E-QRigSVEg-Y6ehyel8RHzlnkwMqH4-2UXok7f3Qa-Ia2WlzxQumVzfBoIEPS0y029wXfoF_BOE/240719%28%EC%A1%B0%EA%B0%84%29_%EC%88%98%EB%8F%84%EA%B6%8C_%EB%8F%99%EB%B6%80%EC%A7%80%EC%97%AD__%EC%B6%9C%ED%87%B4%EA%B7%BC_30%EB%B6%84_%EC%8B%9C%EB%8C%80_%EC%8B%A4%ED%98%84_4.4%EC%A1%B0%EC%9B%90_%EA%B7%9C%EB%AA%A8%EC%9D%98_%EC%B2%A0%EB%8F%84%C2%B7%EB%8F%84%EB%A1%9C_%EC%82%AC%EC%97%85_%EB%B3%B8%EA%B2%A9_%EC%B6%94%EC%A7%84%28%EA%B4%91%EC%97%AD%EA%B5%90%ED%86%B5%EC%A0%95%EC%B1%85%EA%B3%BC%29%20%281%29.pdf,data/raw/evidence/240719(조간)_수도권_동부지역__출퇴근_30분_시대_실현_4.4조원_규모의_철도·도로_사업_본격_추진(광역교통정책과) (1).pdf,c9e00558131c031e6df06cef301f3d81f8c0f0fe4f6eab31b670b0512414feab,human_verified
PDF-031-actual_operation,Namyangju Dasan,actual_operation,2024-08-08,day,2024-08-08,2024-08-08,,data/raw/evidence/240809(조간)_남양주~잠실_27분__8월_10일_별내선_개통(광역시설정책과).pdf,e5df2c787de7dcb0a2e0db08463e2f03569396fed88580c86947a2197a284875,human_verified
PDF-031-basic_service,Namyangju Dasan,basic_service,2024-08-10,day,,,,data/raw/evidence/240809(조간)_남양주~잠실_27분__8월_10일_별내선_개통(광역시설정책과).pdf,e5df2c787de7dcb0a2e0db08463e2f03569396fed88580c86947a2197a284875,human_verified
PDF-032-actual_operation,Dongtan2,actual_operation,2024-12-11,day,2024-12-11,2024-12-11,https://www.molit.go.kr/LCMS/DWN.jsp?fold=koreaNews/mobile/file&fileName=241212%28%EC%A1%B0%EA%B0%84%29_GTX-A_%EC%9A%B4%EC%A0%95%EC%A4%91%EC%95%99%7E%EC%84%9C%EC%9A%B8%EC%97%AD%EA%B5%AC%EA%B0%84__12%EC%9B%94_28%EC%9D%BC_%EA%B0%9C%ED%86%B5%28%EA%B4%91%EC%97%AD%EA%B8%89%ED%96%89%EC%B2%A0%EB%8F%84%EA%B1%B4%EC%84%A4%EA%B3%BC%29.pdf,data/raw/evidence/241212(조간)_GTX-A_운정중앙~서울역구간__12월_28일_개통(광역급행철도건설과).pdf,d3bdc37aa3e72dd26cd4065e2019ef0154a1f93b16d3f0202d05f03b5fe8c968,human_verified
PDF-032-basic_service,Dongtan2,basic_service,2024-12-28,day,,,https://www.molit.go.kr/LCMS/DWN.jsp?fold=koreaNews/mobile/file&fileName=241212%28%EC%A1%B0%EA%B0%84%29_GTX-A_%EC%9A%B4%EC%A0%95%EC%A4%91%EC%95%99%7E%EC%84%9C%EC%9A%B8%EC%97%AD%EA%B5%AC%EA%B0%84__12%EC%9B%94_28%EC%9D%BC_%EA%B0%9C%ED%86%B5%28%EA%B4%91%EC%97%AD%EA%B8%89%ED%96%89%EC%B2%A0%EB%8F%84%EA%B1%B4%EC%84%A4%EA%B3%BC%29.pdf,data/raw/evidence/241212(조간)_GTX-A_운정중앙~서울역구간__12월_28일_개통(광역급행철도건설과).pdf,d3bdc37aa3e72dd26cd4065e2019ef0154a1f93b16d3f0202d05f03b5fe8c968,human_verified
PDF-033-occupancy_planned_block,남양주 왕숙,occupancy_planned_block,2028-08,month,2028-08-01,2028-08-31,https://www.molit.go.kr/LCMS/DWN.jsp?fold=koreaNews/mobile/file&fileName=250724%28%EC%84%9D%EA%B0%84%29+3%EA%B8%B0+%EC%8B%A0%EB%8F%84%EC%8B%9C+%EB%82%A8%EC%96%91%EC%A3%BC%EC%99%95%EC%88%99+%EC%B2%AB+%EA%B3%B5%EA%B8%89+%EA%B0%9C%EC%8B%9C%28%EA%B3%B5%EA%B3%B5%ED%83%9D%EC%A7%80%EA%B4%80%EB%A6%AC%EA%B3%BC%29.pdf,data/raw/evidence/250724(석간) 3기 신도시 남양주왕숙 첫 공급 개시(공공택지관리과).pdf,75b73130d02612d7c1c05f64b5a800a662554d854abc4445e565e0caf2439cb6,human_verified
PDF-036-occupancy_planned_block,부천 대장,occupancy_planned_block,2027,year,2027-01-01,2027-12-31,https://apply.lh.or.kr/lhapply/lhFile.do?fileid=67822421,data/raw/evidence/[공고문]부천대장_A5블록_신혼희망타운_행복주택_입주자모집(`26.07.23.).pdf,6cdd357410777803b9423465738698e06c86d90f2770b19fe8e598acca238bb1,human_verified
PDF-037-occupancy_planned_block,부천 대장,occupancy_planned_block,2027,year,2027-01-01,2027-12-31,https://apply.lh.or.kr/lhapply/lhFile.do?fileid=67822428,data/raw/evidence/[공고문]부천대장_A6블록_신혼희망타운_행복주택_입주자모집(`26.07.23.).pdf,4c96f574d6f235f71d79e3e067d5d2f666e5895a0c0db9ae0b862e31aa96c14d,human_verified
PDF-044-promise_date,Gimpo Hangang,promise_date,2021-06-29,day,2021-06-29,2021-06-29,,data/raw/evidence/documents/김포 한강/2021-06-29__참고__서부권_2기_신도시_김포한강__인천검단__교통개선_대책.pdf,f73aeb4a71997f5df77ed1b4d5cd616609805096dc5b3333ed61b3dba5b62051,human_verified
PDF-045-promise_date,Gimpo Hangang,promise_date,2022-11-11,day,2022-11-11,2022-11-11,,data/raw/evidence/documents/김포 한강/2022-11-11_수도권_서부지역의_광역교통_확충_등_지역현안_해결_추진.pdf,1bb829548e89c9bc87d68f9d08d8950cbcd1c4a2598056dd77d8bd5a723bab5e,human_verified
PDF-045-promise_date,Hanam Misa,promise_date,2022-11-11,day,2022-11-11,2022-11-11,,data/raw/evidence/documents/김포 한강/2022-11-11_수도권_서부지역의_광역교통_확충_등_지역현안_해결_추진.pdf,1bb829548e89c9bc87d68f9d08d8950cbcd1c4a2598056dd77d8bd5a723bab5e,human_verified
PDF-045-promise_date,하남 교산,promise_date,2022-11-11,day,2022-11-11,2022-11-11,,data/raw/evidence/documents/김포 한강/2022-11-11_수도권_서부지역의_광역교통_확충_등_지역현안_해결_추진.pdf,1bb829548e89c9bc87d68f9d08d8950cbcd1c4a2598056dd77d8bd5a723bab5e,human_verified
PDF-049-promise_date,하남 교산,promise_date,2020-05-21,day,2020-05-21,2020-05-21,,data/raw/evidence/documents/하남 미사/2020-05-21_하남교산_신도시__과천지구_광역교통개선대책_확정.pdf,5c8bd8f5fb2ae4023300d399bf8deb93f05dd5dff08af27165cd6c6a2201d89c,human_verified
PDF-050-promise_date,Dongtan2,promise_date,,,,,,data/raw/evidence/documents/화성 동탄2/2022-06-16_수원_호매실_17일__화성_동탄2지구_21일__광역교통_주민간담회_개최.pdf,a27d8c520db11a7da4c8dc60168a373f40ed7f87cbee81d6da883b550f43e871,rejected
PDF-051-promise_date,Dongtan2,promise_date,,,,,,data/raw/evidence/documents/화성 동탄2/2022-10-26__수원호매실_화성동탄2_광역교통_특별대책__발표.pdf,0a6095cb415fbeedd0727303ba11c005733bf4f2d7721122b6d577220077c258,rejected
PDF-069-occupancy_planned_block,남양주 왕숙,occupancy_planned_block,2028,year,2028-01-01,2028-12-31,https://apply.lh.or.kr/lhapply/lhFile.do?fileid=62861708,data/raw/evidence/★(정정)남양주왕숙A-1BL공공분양입주자모집공고문.pdf,9f8e43212a22fdd573254ea59bd1cd1ba3f8d1ac7a1494b97682b50c65adc95b,rejected
PDF-070-occupancy_planned_block,Hanam Misa,occupancy_planned_block,,,,,https://apply.lh.or.kr/lhapply/lhFile.do?fileid=61085498,data/raw/evidence/★하남시지역국민임대주택예비입주자모집공고(20250314)_최종.pdf,2759529f5e28ddedc459b8499ccd88c52df2a3be5388dd8afaab954540cad938,rejected
PDF-071-occupancy_planned_block,Dongtan2,occupancy_planned_block,2029-06,unknown,,,https://apply.lh.or.kr/lhapply/lhFile.do?fileid=67060609,data/raw/evidence/★화성동탄2C-27블록공공분양주택입주자모집공고문.pdf,7566afe81be70a79ee692a52f0438da0bfc935eb971e853654613533d09d55c7,human_verified
PDF-073-occupancy_planned_block,고양 창릉,occupancy_planned_block,2029,year,2029-01-01,2029-12-31,https://apply.lh.or.kr/lhapply/lhFile.do?fileid=67498801,data/raw/evidence/고양창릉S-4블록공공분양입주자모집공고문(안).pdf,565721aa8e656d20e2b2edb9c8db64b0ffdab8bfd02ea4e2ad8119bc9b76e5d9,rejected
PDF-074-actual_operation,Hanam Misa,actual_operation,2020-08-07,day,2020-08-07,2020-08-07,,"data/raw/evidence/김상호 하남시장, “5호선 개통은 마을, 도시, 일자리 잇는 촉진제”.pdf",a462e80e674ef097b025a5d6a1fd147bba70fc5ecd04a37c12c03435d394b18d,human_verified
PDF-074-actual_operation,하남 교산,actual_operation,2020-08-07,day,2020-08-07,2020-08-07,,"data/raw/evidence/김상호 하남시장, “5호선 개통은 마을, 도시, 일자리 잇는 촉진제”.pdf",a462e80e674ef097b025a5d6a1fd147bba70fc5ecd04a37c12c03435d394b18d,human_verified
PDF-075-occupancy_planned_block,Gimpo Hangang,occupancy_planned_block,2030,year,2030-01-01,2030-12-31,https://apply.lh.or.kr/lhapply/lhFile.do?fileid=67332353,data/raw/evidence/김포한강Ac-01a블록(데세리브)10년공공임대주택리츠예비입주자모집공고문(26.06.19).pdf,5fae342e3aebe93b2118cd32e37d603c71670b7b78aad88b4b859e882a73ee3c,human_verified
PDF-076-occupancy_planned_block,Gimpo Hangang,occupancy_planned_block,2027,year,2027-01-01,2027-12-31,https://apply.lh.or.kr/lhapply/lhFile.do?fileid=68207078,data/raw/evidence/김포한강Ac-05블록(센트럴블루힐)10년공공임대주택리츠예비입주자모집공고문(26.08.25).pdf,bff83f4d343364fcf84955d49a59748b9f82b4116f02cfbfb70ca9e5c3ba6b9d,human_verified
PDF-077-occupancy_planned_block,Gimpo Hangang,occupancy_planned_block,2017-10-31,day,2017-10-31,2017-10-31,https://apply.lh.or.kr/lhapply/lhFile.do?fileid=64029507,data/raw/evidence/김포한강센트럴블루힐10년공공임대주택리츠예비입주자모집공고(25.10.28).pdf,b0c5c614416bcefdea6f27d7eb88f9a6be6c9a728f9a8bc0380f9356db04e18d,human_verified
PDF-078-basic_service,,basic_service,,,,,,"data/raw/evidence/남양주시, 땡큐버스 등 6개 노선 개편으로 시민 불편 해소.pdf",70e61cf108214fb5b0a5bb9c687aa196fbffbb203a42f2b527b9f9a14f88e4a7,rejected
PDF-079-occupancy_planned_block,남양주 왕숙,occupancy_planned_block,2028,year,2028-01-01,2028-12-31,https://apply.lh.or.kr/lhapply/lhFile.do?fileid=62796608,data/raw/evidence/남양주왕숙A-1BL공공분양입주자모집공고문(250724).pdf,1dac689d7133335f0bd75cc2a88000f862410209efa5bcfc9ea429ca4dc19515,rejected
PDF-080-promise_date,Wirye,promise_date,2013,year,2013-01-01,2013-12-31,https://mediahub.seoul.go.kr/news/article/newsArticlePrintPopup.do?articleNo=2015024,"data/raw/evidence/내년 개통 앞둔 위례선 트램, 실제 차량 대공개! 승하차 태그는 어떻게_ _ 서울시 - 내 손안에 서울.pdf",720b75ef0bff8893c739dde9a900298f9a9b9f95ec74db696ec8841b828d5850,human_verified
PDF-082-occupancy_planned_block,Namyangju Dasan,occupancy_planned_block,,unknown,,,https://www.myhome.go.kr/hws/com/fms/cvplFileDownload.do,data/raw/evidence/다산지금A1블록 국민임대주택 입주자모집공고문(200827).pdf,b742188f7e7a4d25e76a9e308fece038462ad1460e35f54b631a7ac587408d8d,rejected
PDF-084-occupancy_planned_block,Hanam Misa,occupancy_planned_block,,,,,,data/raw/evidence/미사강변도시 A24블록 10년 공공임대주택리츠 입주자 모집.pdf,fe6a75eea6be0515dd7aae147197495ec4ecbc0e96e953f867d6a3d269c7dcbd,rejected
PDF-085-occupancy_planned_block,Hanam Misa,occupancy_planned_block,,,,,,data/raw/evidence/미사강변도시 A25블록 10년 공공임대주택리츠 입주자 모집.pdf,90fcc484062c53afba4d33beaa9b5e0e5027ca7eea745254829727621b4dea52,rejected
PDF-087-basic_service,Namyangju Dasan,basic_service,,,,,https://www.nyj.go.kr/www/downloadBbsFile.do?bbsNo=62&nttNo=482937&atchmnflNo=1493102,data/raw/evidence/변경 노선도（다산역）-홈페이지 게시용.pdf,672466fe557eca52389b61cf8eb9697e0f4110033cbb0418bbe8d3193d9dc68c,rejected
PDF-089-occupancy_first_actual,Namyangju Dasan,occupancy_start,2018-02-12,day,2018-02-12,2018-02-12,https://allinpdf.com/Transmit/File_Download?DownloadPath=2026%2f08%2f31%2f639e0bfd-8a7c-45ac-a6ee-cad773e402ab.hwp-0001.pdf&FileName=%eb%b3%b4%eb%8f%84%ec%9e%90%eb%a3%8c+%eb%8b%a4%ec%82%b0%ec%8b%a0%eb%8f%84%ec%8b%9c+%ec%9e%85%ec%a3%bc%ec%a7%80%ec%9b%90+%ed%8a%b9%eb%b3%84%eb%8c%80%ec%b1%85%eb%b0%98+%ea%b0%80%eb%8f%99.hwp.pdf,data/raw/evidence/보도자료 다산신도시 입주지원 특별대책반 가동.pdf,548a8ff7ef6d0fd6ce3db6989f1392e926873d063fe4344760061cb9d3637fea,human_verified
PDF-090-occupancy_first_planned,Dongtan2,occupancy_first_planned,2010-02,month,2010-02-01,2010-02-28,,data/raw/evidence/보도자료_final_동탄2신도시_070601.pdf,14d43f72c1bb4607b6cff9727d014a71548ad15d99861b90d0da6b55c76c35d8,human_verified
PDF-091-occupancy_planned_block,부천 대장,occupancy_planned_block,2028-01,unknown,,,https://apply.lh.or.kr/lhapply/lhFile.do?fileid=61605284,data/raw/evidence/부천대장A7블록공공분양주택입주자모집공고문_최종.pdf,1fb52b9e26ce23b6131d05e4dcf6b2e8c294a5b4aafe585c9b8b4313d706d3f6,human_verified
PDF-092-occupancy_planned_block,부천 대장,occupancy_planned_block,2028-01,unknown,,,https://apply.lh.or.kr/lhapply/lhFile.do?fileid=61606103,data/raw/evidence/부천대장A8블록공공분양주택입주자모집공고문.pdf,d225b71e078de3e7903d26ef108379f624797a80735d28f23efba6334c373912,human_verified
PDF-094-occupancy_planned_block,Hanam Misa,occupancy_planned_block,,,,,https://apply.lh.or.kr/lhapply/lhFile.do?fileid=54496971,"data/raw/evidence/예비입주자모집공고문(미사12,16)(2).pdf",5f78b95ae640847279af2e71ce967b3b8f2160776ac08cf24f46e5d731c0aca5,rejected
PDF-096-occupancy_planned_block,Wirye,occupancy_planned_block,,,,,https://mediahub.seoul.go.kr/news/article/newsArticlePrintPopup.do?articleNo=1302679,"data/raw/evidence/위례신도시 1,676세대 공공분양…분양가·청약조건은_ _ 서울시 - 내 손안에 서울.pdf",1c78338e3624cbdc6b2e58a875448c9fb1f5e6cecb6fba1b8bb7317940bd0094,rejected
PDF-097-basic_service,Wirye,basic_service,,,,,https://www.hanam.go.kr/common/print.jsp?siteId=sosik&title=%EB%B3%B4%EB%8F%84%EC%9E%90%EB%A3%8C,data/raw/evidence/인쇄하기 - 하남시청.pdf,ade438681fd2b080ed26cbafd823416f4d95a0df7fed95a67f508db4ccb0ac7c,rejected
PDF-097-basic_service,Hanam Misa,basic_service,,,,,https://www.hanam.go.kr/common/print.jsp?siteId=sosik&title=%EB%B3%B4%EB%8F%84%EC%9E%90%EB%A3%8C,data/raw/evidence/인쇄하기 - 하남시청.pdf,ade438681fd2b080ed26cbafd823416f4d95a0df7fed95a67f508db4ccb0ac7c,rejected
PDF-099-occupancy_first_planned,Wirye,occupancy_first_planned,,,,,https://www.korea.kr/common/searchPrint.do,data/raw/evidence/정책브리핑 _ 기사인쇄하기.pdf,543077ecbacfb56aba75f592cde54280c508f1c5653cf9a25b3196a9c060df3d,rejected
PDF-102-actual_operation,Wirye,basic_service,2020-초,year,2020-01-01,2020-12-31,https://mediahub.seoul.go.kr/news/article/newsArticlePrintPopup.do?articleNo=2003528,data/raw/evidence/지하철 8호선 남위례역 18일 개통…잠실까지 15분 _ 서울시 - 내 손안에 서울.pdf,c527d0ab39cb4e427fa62ce8c97d7f7b5074d06dcf2ac3af96ae616ddf7fdcc9,human_verified
PDF-102-basic_service,Wirye,basic_service,2020-초,year,2020-01-01,2020-12-31,https://mediahub.seoul.go.kr/news/article/newsArticlePrintPopup.do?articleNo=2003528,data/raw/evidence/지하철 8호선 남위례역 18일 개통…잠실까지 15분 _ 서울시 - 내 손안에 서울.pdf,c527d0ab39cb4e427fa62ce8c97d7f7b5074d06dcf2ac3af96ae616ddf7fdcc9,human_verified
PDF-105-promise_date,Wirye,promise_date,2026,year,2026-01-01,2026-12-31,https://mediahub.seoul.go.kr/news/article/newsArticlePrintPopup.do?articleNo=2015526,data/raw/evidence/친환경 트램 '위례선' 시범운행 시작…내년 하반기 개통 _ 서울시 - 내 손안에 서울.pdf,a9beb607d64a9ebdabe680bf68c20f0f2cfd347c8d24d9a0a3d82b30fa1094bc,human_verified
PDF-106-promise_date,Hanam Misa,promise_date,2014-03-19,day,2014-03-19,2014-03-19,https://www.korea.kr/common/searchPrint.do,"data/raw/evidence/하남미사지구 광역교통개선대책 변경, 확정된 바 없어.pdf",8c8756bf0041e944a8ce2c1e3d1d8e3aa16e34722cd7c5643a68f09fb3e5a5d9,human_verified
PDF-108-actual_operation,Hanam Misa,basic_service,2021,year,,,,"data/raw/evidence/하남시, 2021년 ‘빛나는 하남’ 10대 뉴스 선정.pdf",ec903ff08af3f81b601966e19ded4bbc7ec874605458f51aa9d213ffc322d3aa,human_verified
PDF-108-actual_operation,하남 교산,basic_service,2021,year,,,,"data/raw/evidence/하남시, 2021년 ‘빛나는 하남’ 10대 뉴스 선정.pdf",ec903ff08af3f81b601966e19ded4bbc7ec874605458f51aa9d213ffc322d3aa,human_verified
PDF-108-actual_operation,남양주 왕숙,basic_service,2021,year,,,,"data/raw/evidence/하남시, 2021년 ‘빛나는 하남’ 10대 뉴스 선정.pdf",ec903ff08af3f81b601966e19ded4bbc7ec874605458f51aa9d213ffc322d3aa,human_verified
PDF-108-promise_date,Hanam Misa,promise_date,2018,year,2018-01-01,2018-12-31,,"data/raw/evidence/하남시, 2021년 ‘빛나는 하남’ 10대 뉴스 선정.pdf",ec903ff08af3f81b601966e19ded4bbc7ec874605458f51aa9d213ffc322d3aa,human_verified
PDF-108-promise_date,하남 교산,promise_date,2018,year,2018-01-01,2018-12-31,,"data/raw/evidence/하남시, 2021년 ‘빛나는 하남’ 10대 뉴스 선정.pdf",ec903ff08af3f81b601966e19ded4bbc7ec874605458f51aa9d213ffc322d3aa,human_verified
PDF-108-promise_date,남양주 왕숙,promise_date,2018,year,2018-01-01,2018-12-31,,"data/raw/evidence/하남시, 2021년 ‘빛나는 하남’ 10대 뉴스 선정.pdf",ec903ff08af3f81b601966e19ded4bbc7ec874605458f51aa9d213ffc322d3aa,human_verified
PDF-109-actual_operation,Wirye,basic_service,2023-08-15,day,2023-08-15,2023-08-15,,"data/raw/evidence/하남시, 미사순환 마을버스 노선 개통.pdf",35c0ffd16b7581c3888e2559c2e9d9d71dc598c9243d1ff23162619533ae7729,human_verified
PDF-109-actual_operation,Hanam Misa,actual_operation,2023-08-15,day,2023-08-15,2023-08-15,,"data/raw/evidence/하남시, 미사순환 마을버스 노선 개통.pdf",35c0ffd16b7581c3888e2559c2e9d9d71dc598c9243d1ff23162619533ae7729,human_verified
,인천 계양,,,,,,https://apply.lh.or.kr/lhapply/lhFile.do?fileid=67654114,data/raw/evidence/(정정공고)인천계양A3블록단지내상가분양공고문(게시용).pdf,5f2a920d6c4eef88fda95d7fd9fb6692d4f8aed29368d2e5a968886069317666,rejected
,김포 한강;하남 미사;하남 교산,,,,,,https://www.gimpo.go.kr/site/portal/images/contents/cts7619_file01_202512.pdf,data/raw/evidence/documents/김포 한강/2025-12_2035년_김포도시기본계획_변경_주요내용.pdf,0fe071799169540ddae02383e3dcd67457b752ddf6d52e1f0881c4811e3aa8c1,rejected
,Dongtan2,,,,,,https://www.molit.go.kr/portal/common/download/DownloadMltm2.jsp?FilePath=/upload/portal/DextUpload/202210/20221026_094014_110.hwpx&FileName=221026(%EC%84%9D%EA%B0%84)_%EC%88%98%EC%9B%90_%ED%98%B8%EB%A7%A4%EC%8B%A4_%ED%99%94%EC%84%B1_%EB%8F%99%ED%83%842_%EA%B4%91%EC%97%AD%EA%B5%90%ED%86%B5%ED%8A%B9%EB%B3%84%EB%8C%80%EC%B1%85_%EB%B0%9C%ED%91%9C(%EA%B4%91%EC%97%AD%EA%B5%90%ED%86%B5%EC%A0%95%EC%B1%85%EA%B3%BC).hwpx,data/raw/evidence/refetched/E1-B01.pdf,ee97d54c55cef1585e0d54df1a891d04e68b3dbdc1c8fcde9b4cbc7ef7087556,rejected
,위례;남양주 왕숙;하남 교산;고양 창릉,,,,,,https://www.molit.go.kr/mta/USR/N0201/m_36770/dtl.jsp?id=95083918&lcmspage=88,data/raw/evidence/refetched/E1-B09.pdf,bc80d2e3ee3dadbec345a636c7840673b07f8bc9da12f3a14d21a33c94ed5d33,rejected
,Namyangju Dasan,,,,,,https://buy.gh.or.kr/land/svc/announce/land_announce_html.jsp?strFile=00586_201802271541281.jsp,data/raw/evidence/다산신도시 상업ㆍ주유소용지 공급공고.pdf,21afbf75fd6243f1e1b87d13d67fdab22fb686efa11024477c8f375e79286055,rejected
,Wirye,,,,,,https://www.hanam.go.kr/common/print.jsp?siteId=sosik&title=%EB%B3%B4%EB%8F%84%EC%9E%90%EB%A3%8C,"data/raw/evidence/달려간다,미사위례신도시 대중교통.pdf",083f8f6b7c56a257a98f0d1266285c1d0f002be24c227c16f382d5bcdd3f1386,rejected
,Gimpo Hangang,,,,,,https://kms.ggc.go.kr/html/mntsPrint.html,data/raw/evidence/제259회 제1차 본회의(2011.05.03. 화요일) _ 경기도의회 회의록 _ 경기도의회.pdf,a7dd2379b5b5c8ef62f841f11759dc858b2f3a120b4f0f27f9ff50b737a17289,rejected
,,,,,,,https://kms.ggc.go.kr/html/mntsPrint.html,data/raw/evidence/제312회 제2차 기획재정위원회(2016.07.18. 월요일) _ 경기도의회 회의록 _ 경기도의회.pdf,662cae34a3c8e14374c392303378b0ba439c99f3c2adc01123332b85f12a931f,rejected
,하남 미사;하남 교산,,,,,,https://www.hanam.go.kr/DATA/newsletter/3223/20230920035612209_qnT7.pdf,data/raw/evidence/청정하남-10월호-최종 단면-저해상.pdf,f7d1029283830f3ac7dfd255ec4b2f248fd38cb22aa444baaff4f759b04d80d0,rejected
,김포 한강;인천 계양;부천 대장,,,,,,https://www.incheon.go.kr/cool/COOL010501/view?petitSn=2048913,data/raw/evidence/홈_열린시장실_의견공감 _ 인천은 소통이 가득.pdf,2a3f750b161fd40b3fe721027885cc698b4e8456e20cc2ded266c64a03eb85ca,rejected
A10,Hanam Misa,occupancy_planned_block,2018-10,month,2018-10-01,2018-10-31,https://www.myhome.go.kr/hws/portal/sch/selectRsdtRcritNtcDetailView.do?pblancId=920,data/raw/evidence/미사강변도시 A25블록 10년 공공임대주택리츠 입주자 모집.pdf,90fcc484062c53afba4d33beaa9b5e0e5027ca7eea745254829727621b4dea52,human_verified
C09,고양 창릉,occupancy_planned_block,2030-02,month,2030-02-01,2030-02-28,https://apply.lh.or.kr/lhapply/lhFile.do?fileid=67677223,data/raw/evidence/(정정)(정정)고양창릉S-3블록입주자모집공고문.pdf,35fef79a31d18fdeecb52bc6a15e08811e6857245dbd14d220753f3597a10981,human_verified
