kapt_code,kapt_name,addr_legal,addr_road
A10020074,더샵송파루미스타,서울특별시 송파구 가락동 161-3 더샵송파루미스타,
A10020088,세양아르비채리버,경기도 남양주시 와부읍 덕소리 462-50 세양아르비채리버,
A10020100,풍납동신동아아파트,서울특별시 송파구 풍납동 220-2 풍납동신동아아파트,
A10020230,잠실르엘,서울특별시 송파구 신천동 17-6 잠실르엘,
A10020294,잠실래미안아이파크,서울특별시 송파구 신천동 20-4 잠실래미안아이파크,
A10020796,잠실더샵루벤,서울특별시 송파구 송파동 171- 잠실더샵루벤,
A10021104,김포동양파라곤2차아파트,경기도 김포시 북변동 904- 김포동양파라곤2차아파트,
A10021157,삼전현대아파트,서울특별시 송파구 삼전동 39- 삼전현대아파트,
A10021256,가락풍림아파트,서울특별시 송파구 가락동 142- 가락풍림아파트,
A10021336,김포동양파라곤1차,경기도 김포시 북변동 902- 김포동양파라곤1차,
A10021390,송파가락두산위브센티움,서울특별시 송파구 가락동 98- 송파가락두산위브센티움,
A10021425,오금쌍용스윗닷홈1차,서울특별시 송파구 오금동 29- 오금쌍용스윗닷홈1차,
A10021457,방이금호어울림아파트,서울특별시 송파구 방이동 157- 방이금호어울림아파트,
A10021460,현대아파트,경기도 김포시 북변동 267- 현대아파트,
A10021504,송파파밀리에더퍼스트아파트,서울특별시 송파구 송파동 245- 송파파밀리에더퍼스트아파트,
A10021515,감일역트루엘,경기도 하남시 감이동 514-3 감일역트루엘,
A10021523,풍납현대사원아파트,서울특별시 송파구 풍납동 251-2 풍납현대사원아파트,
A10022027,효성올림픽카운티,서울특별시 송파구 방이동 51-4 효성올림픽카운티,
A10022030,문정현대아파트,서울특별시 송파구 문정동 104- 문정현대아파트,
A10022142,김포센트럴헤센2단지아파트,경기도 김포시 감정동 706- 김포센트럴헤센2단지아파트,
A10022249,아남아파트,서울특별시 송파구 마천동 9- 아남아파트,
A10022291,한강메이플카운티,"경기도 남양주시 호평동 617-2,경기도 남양주시 호평동 617-2 한강메이플카운티",
A10022293,동신아파트,"경기도 하남시 신장동 452-1,경기도 하남시 신장동 452-1 동신아파트",
A10022403,힐스테이트 e편한세상 문정아파트,서울특별시 송파구 문정동 656 힐스테이트 e편한세상 문정아파트,
A10022435,명지캐럿108,경기도 하남시 신장동 415-10 명지캐럿108,
A10022457,신일해피트리2단지아파트,경기도 남양주시 오남읍 오남리 426- 신일해피트리2단지아파트,
A10022570,고촌센트럴자이아파트,경기도 김포시 고촌읍 신곡리  고촌센트럴자이아파트,경기도 김포시 수기로 137
A10022621,문정동마에스트로청년주택,서울특별시 송파구 문정동 55-6 문정동마에스트로청년주택,서울특별시 송파구 문정로 1
A10022649,송파더플래티넘,서울특별시 송파구 오금동 67 송파더플래티넘,서울특별시 송파구 성내천로6길 1-13
A10022717,김포고촌 양우내안애아파트,경기도 김포시 고촌읍 신곡리 474 김포고촌 양우내안애아파트,경기도 김포시 신곡로 75
A10022845,산성역자이푸르지오1단지,경기도 성남수정구 신흥동 6961 산성역자이푸르지오1단지,경기도 성남시 수정구 수정로 260
A10022853,산성역 자이푸르지오2단지,경기도 성남수정구 신흥동 6963 산성역 자이푸르지오2단지,경기도 성남시 수정구 수정로 288
A10022854,산성역자이푸르지오3단지,경기도 성남수정구 신흥동 6971 산성역자이푸르지오3단지,경기도 성남시 수정구 희망로 531
A10022929,산성역자이푸르지오4단지,경기도 성남수정구 신흥동 6970 산성역자이푸르지오4단지,경기도 성남시 수정구 희망로 533
A10022995,문정동현대2차아파트,서울특별시 송파구 문정동 58 문정동현대2차아파트,서울특별시 송파구 송파대로16길 12
A10023026,감일푸르지오마크베르,경기도 하남시 감이동 438 감일푸르지오마크베르,경기도 하남시 감일중앙로 80
A10023070,잠실 센트럴파크,서울특별시 송파구 잠실동 187-10 잠실 센트럴파크,서울특별시 송파구 백제고분로7길 42
A10023145,김포마송디에트르퍼스티지아파트,경기도 김포시 통진읍 마송리 568 김포마송디에트르퍼스티지아파트,경기도 김포시 율마로450번길 17
A10023176,봉담영풍아파트,경기도 화성효행구 봉담읍 와우리 24-1 봉담영풍아파트,경기도 화성시 와우로 74-7
A10023182,별내반도유보라,경기도 남양주시 별내면 청학리 580 별내반도유보라,경기도 남양주시 청학로68번길 62
A10023197,성남샤르망아파트,경기도 성남수정구 신흥동 5180 성남샤르망아파트,경기도 성남시 수정구 시민로 165
A10023209,김포마송1차 대방엘리움 센트럴파크아파트,경기도 김포시 통진읍 마송리 536 김포마송1차 대방엘리움 센트럴파크아파트,경기도 김포시 마송공원길 35
A10023210,김포양곡LH2단지 아파트,경기도 김포시 양촌읍 양곡리 1278 김포양곡LH2단지 아파트,경기도 김포시 양곡2로80번길 33
A10023226,하남감일제일풍경채아파트,경기도 하남시 감이동 503 하남감일제일풍경채아파트,경기도 하남시 감일백제로 165
A10023466,김포마송LH4단지,경기도 김포시 통진읍 마송리 518 김포마송LH4단지,경기도 김포시 마송1로 74
A10023558,김포마송LH6단지,경기도 김포시 통진읍 마송리 570 김포마송LH6단지,경기도 김포시 율마로450번길 51
A10023599,잠실엘타워,서울특별시 송파구 잠실동 208-4 잠실엘타워,서울특별시 송파구 석촌호수로 74
A10023610,송파kcc아파트,서울특별시 송파구 송파동 164 송파kcc아파트,서울특별시 송파구 송이로 27-1
A10023628,e편한세상 김포어반베뉴,경기도 김포시 통진읍 마송리 586 e편한세상 김포어반베뉴,경기도 김포시 율마로438번길 52
A10023672,감일한라비발디2차,경기도 하남시 감이동 468 감일한라비발디2차,경기도 하남시 감일순환로 40
A10023676,감일수자인,"경기도 하남시 감이동 445-,경기도 하남시 감이동 445 감일수자인",경기도 하남시 감일백제로180번길 30
A10023768,김포양곡LH1단지,경기도 김포시 양촌읍 양곡리 1276 김포양곡LH1단지,경기도 김포시 양곡2로80번길 61
A10024110,진접현대아파트,경기도 남양주시 진접읍 장현리 8-1 진접현대아파트,경기도 남양주시 금강로 1567-31
A10024122,판교밸리포레자이,경기도 성남수정구 고등동 576 판교밸리포레자이,경기도 성남시 수정구 고등로 33
A10024172,문정현대아파트,서울특별시 송파구 문정동 62-5 문정현대아파트,서울특별시 송파구 송파대로20길 28
A10024257,김포마송LH5단지,경기도 김포시 통진읍 마송리 579 김포마송LH5단지,경기도 김포시 율마로438번길 51
A10024271,e편한세상김포로얄하임아파트,경기도 김포시 통진읍 마송리 513 e편한세상김포로얄하임아파트,경기도 김포시 마송1로 122
A10024296,김포마송LH3단지아파트,경기도 김포시 통진읍 마송리 546 김포마송LH3단지아파트,경기도 김포시 마송1로 9
A10025467,풍납대아아파트,서울특별시 송파구 풍납동 163 풍납대아아파트,서울특별시 송파구 풍성로 52
A10025632,송파해모로아파트,서울특별시 송파구 풍납동 512 송파해모로아파트,서울특별시 송파구 풍성로26길 47
A10026209,올림픽베어스타운,서울특별시 송파구 방이동 171 올림픽베어스타운,서울특별시 송파구 위례성대로 58
A10026717,마천동신동아아파트,서울특별시 송파구 마천동 20 마천동신동아아파트,서울특별시 송파구 성내천로21길 11
A10026804,강변현대아파트,서울특별시 송파구 풍납동 299-1 강변현대아파트,서울특별시 송파구 한가람로 402
A10026869,남양주창현도뮤토아파트,경기도 남양주시 화도읍 창현리 778 남양주창현도뮤토아파트,경기도 남양주시 창현로 45
A10026983,평내호평역 KCC스위첸 아파트,경기도 남양주시 호평동 728 평내호평역 KCC스위첸 아파트,경기도 남양주시 호평로45번길 11-15
A10027059,별내효성해링턴코트,경기도 남양주시 별내동 919 별내효성해링턴코트,경기도 남양주시 별내3로 183
A10027148,LH 미리내마을4-2단지,경기도 남양주시 별내동 1048 LH 미리내마을4-2단지,경기도 남양주시 별내4로 25
A10027226,풍년마을 대우아파트,경기도 김포시 사우동 1475 풍년마을 대우아파트,경기도 김포시 사우중로74번길 66
A10027230,별내 미리내마을4-3단지,경기도 남양주시 별내동 1043 별내 미리내마을4-3단지,경기도 남양주시 별내4로 7
A10027500,태일포로미 빌라,경기도 김포시 통진읍 가현리 43-2 태일포로미 빌라,경기도 김포시 흥신로 291
A10027695,별내푸르지오,경기도 남양주시 별내동 871 별내푸르지오,경기도 남양주시 송산로307번길 20
A10027758,호평1차대명루첸아파트,경기도 남양주시 호평동 410-6 호평1차대명루첸아파트,경기도 남양주시 천마산로12번길 25-7
A10027833,남양주 월산 사랑으로 부영1단지 아파트,"경기도 남양주시 화도읍 월산리 81,경기도 남양주시 화도읍 월산리 1528 남양주 월산 사랑으로 부영1단지 아파트",경기도 남양주시 경춘로 2273
A10027838,월산부영2단지,"경기도 남양주시 화도읍 답내리 516-4,경기도 남양주시 화도읍 답내리 1074 월산부영2단지",경기도 남양주시 경춘로2275번길 9-8
A10027911,화도효성해링턴플레이스,"경기도 남양주시 화도읍 월산리 1527,경기도 남양주시 화도읍 월산리 70-5 화도효성해링턴플레이스",경기도 남양주시 경춘로2248번길 40
A10027943,별내아이파크2차아파트,경기도 남양주시 별내동 852 별내아이파크2차아파트,경기도 남양주시 덕송1로 30
A10027962,별사랑마을2-9단지,경기도 남양주시 별내동 925 별사랑마을2-9단지,경기도 남양주시 별내3로 114
A10028068,별사랑마을2-7단지,경기도 남양주시 별내동 921 별사랑마을2-7단지,경기도 남양주시 별내3로 159
A10028128,일성오퍼스원,경기도 성남수정구 태평동 5113-7 일성오퍼스원,경기도 성남시 수정구 성남대로 1330
A10028140,별내 유승한내들 이노스타,경기도 남양주시 별내동 893 별내 유승한내들 이노스타,경기도 남양주시 송산로 277
A10028151,LH 별사랑마을 2-10단지,"경기도 남양주시 별내동 913,경기도 남양주시 별내동 251 LH 별사랑마을 2-10단지",경기도 남양주시 별내3로 251
A13804001,풍납극동,"서울특별시 송파구 풍납동 400-6,서울특별시 송파구 풍납동 391 풍납극동","서울특별시 송파구 올림픽로45길 11,서울특별시 송파구 올림픽로45길 12"
A13804002,풍납쌍용,서울특별시 송파구 풍납동 401-1 풍납쌍용,서울특별시 송파구 올림픽로47길 9
A13804003,풍납시티극동,서울특별시 송파구 풍납동 509 풍납시티극동,서울특별시 송파구 한가람로 478
A13804004,풍납현대,서울특별시 송파구 풍납동 413-1 풍납현대,서울특별시 송파구 올림픽로 525
A13804206,풍납한강극동,서울특별시 송파구 풍납동 508 풍납한강극동,서울특별시 송파구 토성로 38-6
A13805001,방이대림가락,서울특별시 송파구 방이동 217 방이대림가락,서울특별시 송파구 양재대로 1109
A13805002,올림픽선수기자촌아파트,서울특별시 송파구 방이동 89 올림픽선수기자촌아파트,서울특별시 송파구 양재대로 1218
A13805003,신구블레스밸리,서울특별시 송파구 방이동 197 신구블레스밸리,서울특별시 송파구 위례성대로12길 25
A13812001,마천금호어울림2차,서울특별시 송파구 마천동 319 마천금호어울림2차,서울특별시 송파구 성내천로 314
A13812002,마천금호,서울특별시 송파구 마천동 304 마천금호,서울특별시 송파구 마천로57길 16
A13812003,금호어울림1차,서울특별시 송파구 마천동 575 금호어울림1차,서울특별시 송파구 성내천로 245
A13812004,마천우방,서울특별시 송파구 마천동 576 마천우방,서울특별시 송파구 성내천로 211
A13812005,송파파크데일2단지,서울특별시 송파구 마천동 607 송파파크데일2단지,서울특별시 송파구 성내천로47길 38
A13813002,오금우방,서울특별시 송파구 오금동 138 오금우방,서울특별시 송파구 성내천로 87
A13813003,오금삼성,서울특별시 송파구 오금동 160 오금삼성,서울특별시 송파구 문정로 197
A13813005,가락우창,서울특별시 송파구 오금동 164 가락우창,서울특별시 송파구 동남로24길 6
A13813006,오금현대백조,서울특별시 송파구 오금동 11 오금현대백조,서울특별시 송파구 양재대로72길 15
A13813008,오금대림,"서울특별시 송파구 오금동 19,서울특별시 송파구 오금동 2 오금대림","서울특별시 송파구 위례성대로 176,서울특별시 송파구 마천로7길 4"
A13813010,오금현대아파트,서울특별시 송파구 오금동 43 오금현대아파트,서울특별시 송파구 오금로35길 17
A13816002,가락동부센트레빌,서울특별시 송파구 가락동 95 가락동부센트레빌,서울특별시 송파구 송파대로32길 33
A13816005,송파롯데캐슬파인힐,서울특별시 송파구 가락동 79 송파롯데캐슬파인힐,서울특별시 송파구 중대로 121
A13816101,송파동부센트레빌,서울특별시 송파구 가락동 478 송파동부센트레빌,서울특별시 송파구 송파대로37길 29
A13816202,가락극동,서울특별시 송파구 가락동 192 가락극동,서울특별시 송파구 동남로18길 9
A13817001,래미안송파파인탑,서울특별시 송파구 송파동 243 래미안송파파인탑,서울특별시 송파구 오금로32길 31
A13817101,송파호수임광,서울특별시 송파구 송파동 33 송파호수임광,"서울특별시 송파구 송파대로48길 29,서울특별시 송파구 송파대로48길 34"
A13819001,잠실한솔,서울특별시 송파구 석촌동 285 잠실한솔,서울특별시 송파구 백제고분로 348
A13820001,문정3차푸르지오,서울특별시 송파구 문정동 117 문정3차푸르지오,서울특별시 송파구 송이로 257
A13820002,문정세양청마루,서울특별시 송파구 문정동 146 문정세양청마루,서울특별시 송파구 송이로31길 66
A13820004,가락1차현대아파트,서울특별시 송파구 문정동 3 가락1차현대아파트,서울특별시 송파구 동남로 160
A13820005,문정건영,"서울특별시 송파구 문정동 72-3,서울특별시 송파구 문정동 72-3 문정건영",서울특별시 송파구 새말로8길 12
A13820006,문정래미안,서울특별시 송파구 문정동 1 문정래미안,서울특별시 송파구 문정로 83
A13820007,문정시영,서울특별시 송파구 문정동 145 문정시영,서울특별시 송파구 송이로31길 56
A13820201,올림픽훼밀리타운,서울특별시 송파구 문정동 150 올림픽훼밀리타운,서울특별시 송파구 중대로 24
A13822001,잠실레이크팰리스,서울특별시 송파구 잠실동 44 잠실레이크팰리스,서울특별시 송파구 잠실로 88
A13822002,잠실동트리지움,서울특별시 송파구 잠실동 35 잠실동트리지움,서울특별시 송파구 잠실로 62
A13822003,잠실리센츠,서울특별시 송파구 잠실동 22 잠실리센츠,서울특별시 송파구 올림픽로 135
A13822004,잠실엘스아파트,서울특별시 송파구 잠실동 19 잠실엘스아파트,서울특별시 송파구 올림픽로 99
A13822301,갤러리아팰리스,서울특별시 송파구 잠실동 40 갤러리아팰리스,서울특별시 송파구 올림픽로 212
A13822701,잠실아시아선수촌,서울특별시 송파구 잠실동 86 잠실아시아선수촌,서울특별시 송파구 올림픽로4길 15
A13822702,"잠실우성1,2,3차","서울특별시 송파구 잠실동 101-1,서울특별시 송파구 잠실동 101-2 잠실우성1,2,3차",서울특별시 송파구 올림픽로4길 42
A13822902,잠실우성4차,서울특별시 송파구 잠실동 320 잠실우성4차,서울특별시 송파구 백제고분로18길 30
A13824001,포스코더샵스타리버,서울특별시 송파구 신천동 11-8 포스코더샵스타리버,서울특별시 송파구 올림픽로35길 93
A13824002,잠실더샵스타파크,서울특별시 송파구 신천동 7-14 잠실더샵스타파크,서울특별시 송파구 올림픽로35가길 10
A13824003,한신코아,서울특별시 송파구 신천동 11-9 한신코아,서울특별시 송파구 올림픽로35가길 11
A13824005,신천장미1차2차,"서울특별시 송파구 신천동 11,서울특별시 송파구 신천동 7 신천장미1차2차",서울특별시 송파구 올림픽로35길 104
A13824006,잠실파크리오,서울특별시 송파구 신천동 17 잠실파크리오,서울특별시 송파구 올림픽로 435
A13872502,롯데캐슬골드,서울특별시 송파구 신천동 7-18 롯데캐슬골드,서울특별시 송파구 올림픽로 269
A13872504,장미3차,서울특별시 송파구 신천동 11 장미3차,서울특별시 송파구 올림픽로35길 94
A13873701,오금현대백조(임대),서울특별시 송파구 오금동 11 오금현대백조(임대),서울특별시 송파구 양재대로72길 20
A13877501,송파삼성래미안,서울특별시 송파구 송파동 162 송파삼성래미안,서울특별시 송파구 오금로32길 14
A13879102,잠실5단지아파트,서울특별시 송파구 잠실동 27 잠실5단지아파트,서울특별시 송파구 송파대로 567
A13880105,가락2차쌍용아파트,서울특별시 송파구 가락동 21-6 가락2차쌍용아파트,서울특별시 송파구 송이로15길 31
A13880201,가락현대6차,서울특별시 송파구 가락동 55 가락현대6차,서울특별시 송파구 송이로19길 8
A13880204,가락대림아파트,서울특별시 송파구 가락동 70-19 가락대림아파트,서울특별시 송파구 송이로 88
A13880406,가락우성1차,서울특별시 송파구 가락동 96-1 가락우성1차,서울특별시 송파구 송파대로32길 8
A13880407,가락금호,서울특별시 송파구 가락동 95-1 가락금호,서울특별시 송파구 송파대로32길 15
A13880602,가락우성2차아파트,서울특별시 송파구 가락동 120-4 가락우성2차아파트,서울특별시 송파구 중대로12길 35
A13880603,가락한신,서울특별시 송파구 가락동 102 가락한신,서울특별시 송파구 송파대로 220
A13880701,가락미륭아파트,서울특별시 송파구 가락동 138 가락미륭아파트,서울특별시 송파구 동남로11길 4
A13880806,가락쌍용1차,서울특별시 송파구 가락동 140 가락쌍용1차,서울특별시 송파구 동남로 193
A13881005,가락래미안파크팰리스,서울특별시 송파구 가락동 165 가락래미안파크팰리스,서울특별시 송파구 동남로 225
A13881103,삼환가락,서울특별시 송파구 가락동 176 삼환가락,서울특별시 송파구 오금로 432
A13881701,송파파크데일1단지,서울특별시 송파구 마천동 582 송파파크데일1단지,서울특별시 송파구 성내천로37길 37
A13882401,문정푸르지오2차,서울특별시 송파구 문정동 19 문정푸르지오2차,서울특별시 송파구 송이로32길 37
A13882402,문정푸르지오1차,서울특별시 송파구 문정동 18 문정푸르지오1차,서울특별시 송파구 문정로 55
A13883601,잠실한양3차,서울특별시 송파구 방이동 225 잠실한양3차,서울특별시 송파구 양재대로 1089
A13883602,방이코오롱,"서울특별시 송파구 방이동 212-8,서울특별시 송파구 방이동 215 방이코오롱","서울특별시 송파구 오금로31길 27,서울특별시 송파구 오금로31길 28"
A13885102,한양아파트,서울특별시 송파구 송파동 119 한양아파트,서울특별시 송파구 가락로 187
A13885301,송파현대1차,서울특별시 송파구 송파동 163-14 송파현대1차,서울특별시 송파구 오금로32길 42
A13885303,송파미성,서울특별시 송파구 송파동 161 송파미성,서울특별시 송파구 오금로32길 10
A13885304,송파한양2차,서울특별시 송파구 송파동 151 송파한양2차,서울특별시 송파구 가락로 192
A13885306,가락삼익맨숀,서울특별시 송파구 송파동 166 가락삼익맨숀,서울특별시 송파구 오금로32길 5
A13886009,상아2차아파트,서울특별시 송파구 오금동 165 상아2차아파트,서울특별시 송파구 오금로 407
A13886701,잠실현대,서울특별시 송파구 잠실동 331 잠실현대,서울특별시 송파구 백제고분로18길 7
A13887301,풍납신성노바빌,서울특별시 송파구 풍납동 510 풍납신성노바빌,서울특별시 송파구 한가람로 468
A13887302,풍납동아한가람,서울특별시 송파구 풍납동 506 풍납동아한가람,서울특별시 송파구 한가람로 448
A13887403,현대리버빌2차아파트,서울특별시 송파구 풍납동 261 현대리버빌2차아파트,서울특별시 송파구 풍성로24길 42
A13887405,풍납 현대리버빌1차,서울특별시 송파구 풍납동 260 풍납 현대리버빌1차,서울특별시 송파구 토성로 37
A13887702,풍납미성,서울특별시 송파구 풍납동 219 풍납미성,서울특별시 송파구 풍성로 14
A13887901,송파현대힐스테이트,서울특별시 송파구 풍납동 511 송파현대힐스테이트,서울특별시 송파구 풍성로26길 31
A13895501,송파성원상떼빌,서울특별시 송파구 가락동 80 송파성원상떼빌,서울특별시 송파구 송파대로28길 27
A13895502,가락3차쌍용스윗닷홈(1~4동),"서울특별시 송파구 가락동 53,서울특별시 송파구 가락동 54,서울특별시 송파구 가락동 52 가락3차쌍용스윗닷홈(1~4동)","서울특별시 송파구 송이로19길 15,서울특별시 송파구 송이로21길 23,서울특별시 송파구 송이로19길 12-3"
A13895503,한화오벨리스크,서울특별시 송파구 가락동 78-1 한화오벨리스크,서울특별시 송파구 중대로 127
A41501001,북변건영,경기도 김포시 감정동 672 북변건영,경기도 김포시 봉화로167번길 35-9
A41501003,푸른마을신안실크벨리2차,경기도 김포시 감정동 694 푸른마을신안실크벨리2차,경기도 김포시 감정로 75
A41501004,초록마을효성,경기도 김포시 감정동 662 초록마을효성,경기도 김포시 봉화로181번길 31-15
A41501005,감정희영무지개,경기도 김포시 감정동 521-1 감정희영무지개,경기도 김포시 중봉로58번길 20
A41501006,북변삼환아파트,"경기도 김포시 감정동 659,경기도 김포시 감정동 671 북변삼환아파트","경기도 김포시 봉화로181번길 30,경기도 김포시 봉화로167번길 35-7"
A41501007,감정쌍용,경기도 김포시 감정동 517-1 감정쌍용,경기도 김포시 중봉로58번길 46
A41501008,북변한국,경기도 김포시 감정동 676 북변한국,경기도 김포시 봉화로181번길 31-14
A41501009,감정신화,경기도 김포시 감정동 674 감정신화,경기도 김포시 봉화로167번길 35-18
A41501010,푸른마을신안실크벨리1차,경기도 김포시 감정동 685 푸른마을신안실크벨리1차,경기도 김포시 감정로38번길 16
A41503002,북변풍년마을영풍,경기도 김포시 북변동 832 북변풍년마을영풍,경기도 김포시 김포대로926번길 137
A41503003,북변풍년마을동남,경기도 김포시 북변동 816 북변풍년마을동남,경기도 김포시 사우중로73번길 39
A41503004,북변풍년마을신일,경기도 김포시 북변동 812 북변풍년마을신일,경기도 김포시 김포대로926번길 88-27
A41503005,북변풍년마을삼성,경기도 김포시 북변동 806 북변풍년마을삼성,경기도 김포시 김포대로926번길 46
A41503007,김포북변대우,경기도 김포시 북변동 688 김포북변대우,경기도 김포시 봉화로182번길 33
A41503008,풍년마을서광신안아파트,경기도 김포시 북변동 802 풍년마을서광신안아파트,경기도 김포시 김포대로926번길 15
A41503009,풍년마을청구한라,경기도 김포시 북변동 815 풍년마을청구한라,경기도 김포시 사우중로73번길 11
A41503010,북변산호,경기도 김포시 북변동 690 북변산호,경기도 김포시 북변1로16번길 34
A41504010,사우농장마을신안,경기도 김포시 사우동 1224 사우농장마을신안,경기도 김포시 봉화로 59-17
A41507001,풍무삼용아파트,경기도 김포시 풍무동 449-2 풍무삼용아파트,경기도 김포시 풍무로96번길 8
A41507002,풍무장릉마을길훈1차,경기도 김포시 풍무동 1 풍무장릉마을길훈1차,경기도 김포시 장릉로 56
A41507003,풍무당곡마을범양,경기도 김포시 풍무동 598-8 풍무당곡마을범양,경기도 김포시 풍무로 36
A41507004,풍무양도마을대림,경기도 김포시 풍무동 757 풍무양도마을대림,경기도 김포시 풍무로93번길 30
A41507005,풍무당곡마을현대,경기도 김포시 풍무동 743 풍무당곡마을현대,경기도 김포시 풍무로 35
A41507006,풍무신안,경기도 김포시 풍무동 100 풍무신안,경기도 김포시 풍무로 113
A41507007,풍무장릉마을삼성아파트입주자대표회의,경기도 김포시 풍무동 740 풍무장릉마을삼성아파트입주자대표회의,경기도 김포시 승가로 89
A41507008,풍무유현마을신동아,경기도 김포시 풍무동 583-6 풍무유현마을신동아,"경기도 김포시 유현로 19,경기도 김포시 유현로 7"
A41507009,풍무양도마을서해,경기도 김포시 풍무동 147 풍무양도마을서해,"경기도 김포시 양도로 18,경기도 김포시 양도로 6"
A41507010,풍무유현마을현대프라임빌,경기도 김포시 풍무동 759 풍무유현마을현대프라임빌,경기도 김포시 유현로 51
A41507011,당곡월드메르디앙,경기도 김포시 풍무동 748 당곡월드메르디앙,"경기도 김포시 풍무로69번길 47,경기도 김포시 풍무로69번길 51"
A41571206,북변풍년마을대림,경기도 김포시 북변동 808 북변풍년마을대림,경기도 김포시 김포대로926번길 88-36
A41576306,김포마송소망마을,경기도 김포시 통진읍 마송리 493 김포마송소망마을,경기도 김포시 김포대로2270번길 40
A41576307,마송휴먼시아9단지,경기도 김포시 통진읍 마송리 512 마송휴먼시아9단지,경기도 김포시 마송1로 133
A41576901,양곡휴먼시아1단지,"경기도 김포시 양촌읍 양곡리 1245,경기도 김포시 양촌읍 양곡리 1249 양곡휴먼시아1단지",경기도 김포시 양곡3로 101
A41576902,곡촌마을휴먼시아6단지,경기도 김포시 양촌읍 양곡리 1254 곡촌마을휴먼시아6단지,경기도 김포시 양곡3로 73
A41576903,양촌휴먼시아1차,경기도 김포시 양촌읍 학운리 3020 양촌휴먼시아1차,경기도 김포시 황금로89번길 49
A41576904,양곡휴먼시아고다니마을8단지,경기도 김포시 양촌읍 양곡리 1293 양곡휴먼시아고다니마을8단지,경기도 김포시 양곡로467번길 52
A41576905,양곡휴먼시아2단지,경기도 김포시 양촌읍 양곡리 1244 양곡휴먼시아2단지,경기도 김포시 양곡3로 129
A41577002,백석마을신일해피트리,경기도 김포시 통진읍 도사리 972 백석마을신일해피트리,경기도 김포시 김포대로 1991
A41577601,강변마을월드메르디앙,경기도 김포시 고촌읍 신곡리 1280 강변마을월드메르디앙,경기도 김포시 신곡로 48
A41580206,사우풍년마을삼보,경기도 김포시 사우동 856 사우풍년마을삼보,경기도 김포시 풍년로 9
A41580207,사우길훈4차,경기도 김포시 사우동 385 사우길훈4차,경기도 김포시 풍무로 232
A41580208,동양신명아파트,경기도 김포시 사우동 912 동양신명아파트,경기도 김포시 사우중로74번길 12
A41580209,사우 현대아파트,경기도 김포시 사우동 911 사우 현대아파트,경기도 김포시 사우로 12
A41580211,사우풍년진흥흥화,경기도 김포시 사우동 857 사우풍년진흥흥화,경기도 김포시 풍년로 19
A41580302,사우풍년마을건영,경기도 김포시 사우동 1474 사우풍년마을건영,경기도 김포시 풍년로 53
A41580305,사우다솜마을한신휴플러스,경기도 김포시 사우동 1479 사우다솜마을한신휴플러스,경기도 김포시 돌문로15번길 45
A41581105,고촌길훈2차,경기도 김포시 고촌읍 신곡리 469-3 고촌길훈2차,경기도 김포시 장차로 31
A41581106,고촌길훈1차,경기도 김포시 고촌읍 신곡리 539-1 고촌길훈1차,경기도 김포시 장차로 25
A41581201,고촌등촌마을청구,경기도 김포시 고촌읍 신곡리 1055 고촌등촌마을청구,경기도 김포시 인향로 16
A41581202,수기마을힐스테이트3단지,경기도 김포시 고촌읍 신곡리 1248 수기마을힐스테이트3단지,경기도 김포시 수기로 39-13
A41581203,고촌강변마을동일하이빌,경기도 김포시 고촌읍 신곡리 1111 고촌강변마을동일하이빌,경기도 김포시 신곡로3번길 34-16
A41581204,청도솔리움,경기도 김포시 고촌읍 신곡리 1102 청도솔리움,경기도 김포시 신곡로 33
A41581207,신곡동부센트레빌,경기도 김포시 고촌읍 신곡리 1110 신곡동부센트레빌,경기도 김포시 신곡로3번길 34-38
A41581208,고촌오룡마을한화,경기도 김포시 고촌읍 신곡리 1058 고촌오룡마을한화,경기도 김포시 수기로 8
A41581209,고촌숲속마을대우,경기도 김포시 고촌읍 신곡리 1052 고촌숲속마을대우,경기도 김포시 고송로 17
A41581210,수기마을 힐스테이트 2단지,경기도 김포시 고촌읍 신곡리 1256 수기마을 힐스테이트 2단지,경기도 김포시 수기로 67-53
A41581211,김포현대힐스테이트1단지,경기도 김포시 고촌읍 신곡리 1269 김포현대힐스테이트1단지,경기도 김포시 수기로 67-54
A41584501,곡촌희영무지개,경기도 김포시 양촌읍 양곡리 865-1 곡촌희영무지개,경기도 김포시 양곡2로80번길 34
A41584503,김포양곡양지마을,경기도 김포시 양촌읍 양곡리 1230 김포양곡양지마을,경기도 김포시 양곡1로 77
A41586501,마송현대2차,경기도 김포시 통진읍 마송리 130 마송현대2차,경기도 김포시 김포대로 2282
A41586503,마송1차현대,경기도 김포시 통진읍 마송리 134 마송1차현대,경기도 김포시 김포대로2270번길 29
A41586704,서암주공,경기도 김포시 통진읍 서암리 1113 서암주공,경기도 김포시 조강로36번길 39
A44501001,현대자동차사원,경기도 화성만세구 남양읍 남양리 1842 현대자동차사원,경기도 화성시 남양로621번길 38
A44501002,금강에스쁘아,경기도 화성만세구 남양읍 남양리 2005 금강에스쁘아,경기도 화성시 화성로1081번길 49-10
A44502001,금광포란재,경기도 화성만세구 남양읍 무송리 642 금광포란재,경기도 화성시 무하로111번길 50
A44508001,남양기산베스트빌,경기도 화성만세구 남양읍 신남리 25-9 남양기산베스트빌,경기도 화성시 남양로 624-8
A44508002,대광파인밸리골드,경기도 화성만세구 남양읍 신남리 1563 대광파인밸리골드,경기도 화성시 시청로102번길 84
A44531002,우림그린빌리지,경기도 화성효행구 기안동 349 우림그린빌리지,경기도 화성시 효행로265번길 17
A44532002,숲속마을모아미래도2단지,경기도 화성동탄구 능동 1129-0000 숲속마을모아미래도2단지,경기도 화성시 동탄숲속로 36
A44532004,능동역경남아너스빌아파트,경기도 화성동탄구 능동 1124-0000 능동역경남아너스빌아파트,경기도 화성시 동탄숲속로 69
A44532005,능동역이지더원,경기도 화성동탄구 능동 1109-0000 능동역이지더원,경기도 화성시 동탄원천로 315-34
A44532006,동탄숲속마을 능동역 리체 더 포레스트,경기도 화성동탄구 능동 1126-0000 동탄숲속마을 능동역 리체 더 포레스트,경기도 화성시 병점2로 140
A44532007,능동역센트럴경남아너스빌아파트,경기도 화성동탄구 능동 1115-0000 능동역센트럴경남아너스빌아파트,경기도 화성시 동탄숲속로 103
A44532009,상록예가,경기도 화성동탄구 능동 1087-0000 상록예가,경기도 화성시 동탄원천로 315-18
A44532011,동탄푸른마을신일해피트리,경기도 화성동탄구 능동 1150-0000 동탄푸른마을신일해피트리,경기도 화성시 동탄공원로 21-39
A44532012,숲속마을모아미래도1단지,경기도 화성동탄구 능동 1132-0000 숲속마을모아미래도1단지,경기도 화성시 동탄숲속로 96
A44532013,푸른마을모아미래도,경기도 화성동탄구 능동 1151-0000 푸른마을모아미래도,경기도 화성시 동탄공원로 21-11
A44532014,푸른마을포스코더샵2차,경기도 화성동탄구 능동 1134-0000 푸른마을포스코더샵2차,경기도 화성시 동탄공원로 21-12
A44532015,숲속마을자연앤데시앙아파트,경기도 화성동탄구 능동 1131-0000 숲속마을자연앤데시앙아파트,경기도 화성시 동탄숲속로 68
A44532016,능동마을주공7단지2아파트,경기도 화성동탄구 능동 1081-0000 능동마을주공7단지2아파트,경기도 화성시 동탄지성로 150-12
A44533002,반달마을두산위브2단지,경기도 화성병점구 반월동 883 반달마을두산위브2단지,경기도 화성시 영통로50번길 14
A44533003,반달마을푸르지오,경기도 화성병점구 반월동 885 반달마을푸르지오,경기도 화성시 영통로26번길 24
A44536003,임광그대가아파트,경기도 화성병점구 병점동 868 임광그대가아파트,경기도 화성시 병점중앙로21번길 26
A44536008,병점역 센트럴뷰 아파트,경기도 화성병점구 병점동 821 병점역 센트럴뷰 아파트,경기도 화성시 병점3로 88
A44536010,안화동마을 주공5단지,경기도 화성병점구 병점동 820 안화동마을 주공5단지,경기도 화성시 병점2로 103
A44536015,병점두산,경기도 화성병점구 병점동 282 병점두산,경기도 화성시 병점서로 8
A44536019,안화동마을9단지,경기도 화성병점구 병점동 819 안화동마을9단지,경기도 화성시 병점3로 117
A44536022,병점역센트럴허브시티,"경기도 화성병점구 병점동 817,경기도 화성병점구 병점동 817 병점역센트럴허브시티",경기도 화성시 병점1로 65
A44538001,화성청광플러스원,경기도 화성병점구 안녕동 210 화성청광플러스원,경기도 화성시 안녕남로 16-20
A44539001,진안파크자이아파트,경기도 화성병점구 진안동 929 진안파크자이아파트,경기도 화성시 병점중앙로 230-10
A44539002,병점화남1단지,경기도 화성병점구 진안동 496 병점화남1단지,경기도 화성시 병점중앙로169번길 10
A44570304,대광파인밸리1차,경기도 화성만세구 남양읍 남양리 2001 대광파인밸리1차,경기도 화성시 시청로 221
A44570305,남양아이파크,경기도 화성만세구 남양읍 남양리 2048 남양아이파크,경기도 화성시 역골동로 70
A44570306,남양우림필유,경기도 화성만세구 남양읍 남양리 2047 남양우림필유,경기도 화성시 역골동로 94
A44570503,남양우림그린빌리지,경기도 화성만세구 남양읍 남양리 415 남양우림그린빌리지,경기도 화성시 남양성지로 8-5
A44570801,화성진우,경기도 화성만세구 팔탄면 가재리 692-1 화성진우,경기도 화성시 삼천병마로 584
A44570901,신성미소지움2차,경기도 화성만세구 향남읍 장짐리 410 신성미소지움2차,경기도 화성시 삼천병마로297번길 15
A44571201,기아사원1차,"경기도 화성만세구 우정읍 화산리 617-9,경기도 화성만세구 우정읍 화산리 617-7 기아사원1차","경기도 화성시 기아자동차로 561-6,경기도 화성시 기아자동차로 561-8"
A44571302,기아사원2차,경기도 화성만세구 우정읍 화산리 694-7 기아사원2차,경기도 화성시 남양만로 867-10
A44571803,"진안동 월드메르디앙 1,2단지","경기도 화성병점구 진안동 936,경기도 화성병점구 진안동 935 진안동 월드메르디앙 1,2단지","경기도 화성시 병점중앙로 204,경기도 화성시 병점4로 37"
A44571804,병점화남2단지,경기도 화성병점구 진안동 506 병점화남2단지,경기도 화성시 병점중앙로169번길 5
A44572102,병점역 동문굿모닝힐,경기도 화성병점구 안녕동 211 병점역 동문굿모닝힐,경기도 화성시 효행로 846
A44572205,신한미지엔,경기도 화성병점구 안녕동 212 신한미지엔,경기도 화성시 효행로707번길 7
A44572617,다온마을쌍용스윗닷홈,경기도 화성효행구 봉담읍 와우리 238 다온마을쌍용스윗닷홈,경기도 화성시 와우로34번길 30
A44572703,행복마을참누리,"경기도 화성병점구 기산동 468,경기도 화성병점구 기산동 467 행복마을참누리","경기도 화성시 동탄지성로 295,경기도 화성시 동탄지성로 294"
A44573114,휴먼시아동화마을6단지,경기도 화성효행구 봉담읍 동화리 580 휴먼시아동화마을6단지,경기도 화성시 동화길 122
A44573703,봉담임광그대가1단지,경기도 화성효행구 봉담읍 와우리 239 봉담임광그대가1단지,경기도 화성시 와우로73번길 22
A44573805,반달마을두산위브1단지,경기도 화성병점구 반월동 880 반달마을두산위브1단지,경기도 화성시 영통로50번길 27
A44574718,수정마을동남메리트,경기도 화성효행구 봉담읍 수영리 647-5 수정마을동남메리트,경기도 화성시 삼천병마로 1321-10
A44574807,봉담신명아파트,경기도 화성효행구 봉담읍 와우리 20 봉담신명아파트,경기도 화성시 와우로34번길 63
A44574913,클래식타운,"경기도 화성효행구 봉담읍  100-1,경기도 화성효행구 봉담읍 동화리 100-1 클래식타운",경기도 화성시 효행로 240
A44575111,발안마을주공,경기도 화성만세구 향남읍 발안리 295 발안마을주공,경기도 화성시 발안서로 11
A44575909,봉담신일해피트리2차,경기도 화성효행구 봉담읍 와우리 237 봉담신일해피트리2차,경기도 화성시 효행로 370-6
A44576114,느치미마을태안주공2단지,경기도 화성병점구 병점동 822 느치미마을태안주공2단지,경기도 화성시 병점3로 74
A44576318,병점역에듀포레,경기도 화성병점구 병점동 859 병점역에듀포레,경기도 화성시 병점2로 78
A44576616,안화동마을주공7단지,경기도 화성병점구 병점동 849 안화동마을주공7단지,경기도 화성시 병점3로 158
A44576905,진안골마을주공10단지,경기도 화성병점구 진안동 908 진안골마을주공10단지,경기도 화성시 병점4로 102
A44577004,태안주공11단지,경기도 화성병점구 진안동 911 태안주공11단지,경기도 화성시 효행로 1075-10
A44577204,신일해피트리1차,경기도 화성효행구 기안동 910 신일해피트리1차,경기도 화성시 효행로291번길 26
A44577417,신창2차비바패밀리,경기도 화성병점구 병점동 858 신창2차비바패밀리,경기도 화성시 병점2로 102
A44577501,다정마을 병점역 신한에스빌 2단지,경기도 화성병점구 병점동 867 다정마을 병점역 신한에스빌 2단지,경기도 화성시 병점3로 54
A44577505,신한에스빌다정마을1단지,경기도 화성병점구 병점동 866 신한에스빌다정마을1단지,경기도 화성시 병점3로 53
A44577601,행림마을삼성래미안1차,경기도 화성병점구 기산동 464 행림마을삼성래미안1차,경기도 화성시 동탄지성로 333
A44577705,기안마을풍성신미주,경기도 화성효행구 기안동 895 기안마을풍성신미주,경기도 화성시 융건로 99
A44577806,병점신미주,경기도 화성병점구 병점동 201-2 병점신미주,경기도 화성시 효행로1156번길 22
A44577907,구봉마을우남퍼스트빌,경기도 화성병점구 병점동 860 구봉마을우남퍼스트빌,경기도 화성시 병점동로 23
A44577909,안화마을우남퍼스트빌2차,경기도 화성병점구 병점동 847 안화마을우남퍼스트빌2차,경기도 화성시 효행로 1076-9
A44577911,병점역SK뷰아파트,경기도 화성병점구 병점동 870 병점역SK뷰아파트,경기도 화성시 경기대로 990
A44577912,화성태안8,경기도 화성병점구 병점동 848 화성태안8,경기도 화성시 병점3로 157
A44577913,화성태안6,경기도 화성병점구 병점동 850 화성태안6,경기도 화성시 병점2로 141
A44577914,병점효성해링턴플레이스,경기도 화성병점구 병점동 871 병점효성해링턴플레이스,경기도 화성시 떡전골로 60
A44578005,한승미메이드1차,경기도 화성병점구 송산동 222 한승미메이드1차,경기도 화성시 화산중앙로 34
A44578501,푸른마을두산위브,경기도 화성동탄구 능동 1137-0000 푸른마을두산위브,경기도 화성시 동탄공원로 21-40
A44578502,능동마을주공7단지제1,경기도 화성동탄구 능동 1062-0000 능동마을주공7단지제1,경기도 화성시 동탄원천로 338-10
A44578503,동탄숲속마을광명메이루즈,경기도 화성동탄구 능동 1116-0000 동탄숲속마을광명메이루즈,경기도 화성시 동탄숲속로 95
A44578504,능동마을주공7단지제3,경기도 화성동탄구 능동 1083-0000 능동마을주공7단지제3,경기도 화성시 동탄원천로 315-13
A44578505,능동마을주공7단지제4,경기도 화성동탄구 능동 1110-0000 능동마을주공7단지제4,경기도 화성시 동탄지성로 150-11
A44578601,행림마을삼성래미안2차,경기도 화성병점구 반월동 872 행림마을삼성래미안2차,경기도 화성시 동탄지성로 334
A44583101,화성매송휴먼시아1단지,경기도 화성효행구 매송면 야목리 1300 화성매송휴먼시아1단지,경기도 화성시 매송로360번길 13
A44584201,천산스카이빌아파트,경기도 화성효행구 비봉면 양노리 850 천산스카이빌아파트,경기도 화성시 비봉로 152
A44587101,코스코밸리,경기도 화성만세구 송산면 육일리 726 코스코밸리,경기도 화성시 백곡로 130
A44589105,봉담동문굿모닝힐,경기도 화성효행구 봉담읍 상리 622-1 봉담동문굿모닝힐,경기도 화성시 상봉길 35-10
A44589110,상리삼봉마을,경기도 화성효행구 봉담읍 상리 618 상리삼봉마을,경기도 화성시 삼천병마로 1256-10
A44589111,봉담한신,경기도 화성효행구 봉담읍 상리 21-2 봉담한신,경기도 화성시 샘마을길 24
A44589112,청운마을신안인스빌,경기도 화성효행구 봉담읍 상리 614 청운마을신안인스빌,경기도 화성시 삼천병마로 1256-20
A44589124,봉담아이파크아파트,경기도 화성효행구 봉담읍 와우리 590 봉담아이파크아파트,경기도 화성시 와우로34번길 11
A44589125,휴먼시아동화마을1단지,경기도 화성효행구 봉담읍 동화리 594 휴먼시아동화마을1단지,경기도 화성시 동화길 81-13
A44589126,휴먼시아동화마을4단지,경기도 화성효행구 봉담읍 동화리 603 휴먼시아동화마을4단지,경기도 화성시 동화새터길 118
A44589127,휴먼시아동화마을2단지,경기도 화성효행구 봉담읍 동화리 611 휴먼시아동화마을2단지,경기도 화성시 동화새터길 89
A44589128,봉담휴먼빌,경기도 화성효행구 봉담읍 와우리 591 봉담휴먼빌,경기도 화성시 와우로 51
A44589204,기산베스트빌,경기도 화성효행구 봉담읍 유리 100-1 기산베스트빌,경기도 화성시 유리마을길 79
A44589315,봉담동일하이빌,경기도 화성효행구 봉담읍 동화리 575 봉담동일하이빌,경기도 화성시 동화길 82
A44589319,휴먼시아동화마을5단지,경기도 화성효행구 봉담읍 동화리 628 휴먼시아동화마을5단지,경기도 화성시 동화역말길 22
A44589322,화성 봉담 동화마을3단지,경기도 화성효행구 봉담읍 동화리 617 화성 봉담 동화마을3단지,경기도 화성시 동화새터길 121
A44589606,한울마을 신창비바패밀리2단지,경기도 화성효행구 봉담읍 수영리 673 한울마을 신창비바패밀리2단지,경기도 화성시 수영로82번길 4
A44589608,양지마을쌍용예가,경기도 화성효행구 봉담읍 수영리 671 양지마을쌍용예가,경기도 화성시 매송고색로422번길 57
A44589616,봉담비바패밀리1단지,경기도 화성효행구 봉담읍 수영리 672 봉담비바패밀리1단지,경기도 화성시 수영로 61-14
A44589701,수성효성,경기도 화성효행구 봉담읍 와우리 210-26 수성효성,경기도 화성시 와우로15번길 55-5
A44589702,화성동보,경기도 화성효행구 봉담읍 와우리 10 화성동보,경기도 화성시 와우로34번길 48
A44589721,봉담그대가3단지,경기도 화성효행구 봉담읍 와우리 589 봉담그대가3단지,경기도 화성시 와우로15번길 10
A44592004,향남한일베라체,경기도 화성만세구 향남읍 행정리 494 향남한일베라체,경기도 화성시 행정중앙1로 95
A44592006,향남신명스카이뷰,경기도 화성만세구 향남읍 행정리 443 향남신명스카이뷰,경기도 화성시 행정서로 48
A44592008,대방노블랜드,경기도 화성만세구 향남읍 행정리 485 대방노블랜드,경기도 화성시 행정중앙2로 83
A44592101,신성미소지움1차,경기도 화성만세구 향남읍 장짐리 409 신성미소지움1차,경기도 화성시 삼천병마로 281-15
A44592102,향남 우미린,경기도 화성만세구 향남읍 행정리 438 향남 우미린,경기도 화성시 행정중앙2로 14
A44592103,상록하늘채아파트,경기도 화성만세구 향남읍 행정리 475 상록하늘채아파트,경기도 화성시 행정동로 83
A44592104,향남한우물5단지,경기도 화성만세구 향남읍 행정리 463 향남한우물5단지,경기도 화성시 행정남로 99-15
A44592105,향남시범한우물마을휴먼시아6단지,경기도 화성만세구 향남읍 행정리 465 향남시범한우물마을휴먼시아6단지,경기도 화성시 행정남로 99-16
A44592106,향남지웰2차,경기도 화성만세구 향남읍 행정리 440 향남지웰2차,경기도 화성시 행정중앙2로 38
A44592312,발안우림필유,경기도 화성만세구 향남읍 발안리 305 발안우림필유,경기도 화성시 발안남로 66
A44592602,살구꽃마을신영지웰,경기도 화성만세구 향남읍 행정리 492 살구꽃마을신영지웰,경기도 화성시 행정중앙1로 63
A44592603,제일오투그란데,경기도 화성만세구 향남읍 행정리 491 제일오투그란데,경기도 화성시 행정중앙2로 64
A44592605,향남에일린의뜰,"경기도 화성만세구 향남읍 행정리 441,경기도 화성만세구 향남읍 행정리 441 향남에일린의뜰",경기도 화성시 행정중앙1로 39
A44592607,복사꽃마을한국아델리움,경기도 화성만세구 향남읍 행정리 479 복사꽃마을한국아델리움,경기도 화성시 행정동로 88
A44592609,화성파크드림아파트,경기도 화성만세구 향남읍 행정리 482 화성파크드림아파트,경기도 화성시 행정동로 22
A44592610,향남풍림아이원,경기도 화성만세구 향남읍 행정리 480 향남풍림아이원,경기도 화성시 행정동로 64
A44592613,휴먼시아복사꽃마을7단지,경기도 화성만세구 향남읍 행정리 470 휴먼시아복사꽃마을7단지,경기도 화성시 행정동로 101
A44594201,산호,경기도 화성만세구 장안면 사곡리 170 산호,경기도 화성시 사랑길 13
A44595701,조암금광아파트,경기도 화성만세구 우정읍 조암리 484-1 조암금광아파트,경기도 화성시 조암죽말길 236-6
A44595702,화성조암한라비발디,경기도 화성만세구 우정읍 조암리 791 화성조암한라비발디,경기도 화성시 조암동로 58
A44596102,동남훼미리,경기도 화성효행구 정남면 발산리 490-12 동남훼미리,경기도 화성시 만년로 470
A44596401,근형심포니,경기도 화성효행구 정남면 덕절리 498 근형심포니,경기도 화성시 발안로 1155
A44597203,화성태안12,경기도 화성병점구 진안동 910 화성태안12,경기도 화성시 병점4로 103
A44598207,신영통현대1단지,경기도 화성병점구 반월동 865-1 신영통현대1단지,경기도 화성시 영통로61번길 10
A44598308,신영통현대2단지,경기도 화성병점구 반월동 868 신영통현대2단지,경기도 화성시 영통로27번길 53
A44598404,신영통현대4단지,경기도 화성병점구 반월동 870 신영통현대4단지,경기도 화성시 영통로27번길 20
A44598406,신영통현대3단지,경기도 화성병점구 반월동 860 신영통현대3단지,경기도 화성시 영통로27번길 35
A44598521,병점한신,경기도 화성병점구 병점동 485 병점한신,경기도 화성시 병점1로 82
A44598711,한일타운,경기도 화성병점구 병점동 520 한일타운,경기도 화성시 태안로 85
A44598804,대창그린,경기도 화성병점구 병점동 359 대창그린,경기도 화성시 병점2로 15
A44598820,태안주공1단지,경기도 화성병점구 병점동 809 태안주공1단지,경기도 화성시 병점2로 35
A44598912,우남퍼스트빌3차아파트,경기도 화성병점구 병점동 506 우남퍼스트빌3차아파트,경기도 화성시 태안로 50
A44598913,병점성호,경기도 화성병점구 병점동 500-1 병점성호,경기도 화성시 10용사로 221
A44599008,서동탄역우남퍼스트빌,"경기도 화성병점구 능동 1039-0000,경기도 화성병점구 능동 1041-0000 서동탄역우남퍼스트빌",경기도 화성시 10용사로 286
A44599101,평생플러스빌,경기도 화성효행구 기안동 358 평생플러스빌,경기도 화성시 효행로 275
A44599103,광도와이드빌,경기도 화성효행구 기안동 290 광도와이드빌,경기도 화성시 효행로 229-11
A44599304,우남블루존,경기도 화성병점구 송산동 200-32 우남블루존,경기도 화성시 화산북로 14
A44599305,한승미메이드2차,경기도 화성병점구 송산동 223 한승미메이드2차,경기도 화성시 화산중앙로64번길 6
A44599403,남수원현대,경기도 화성병점구 안녕동 49-6 남수원현대,경기도 화성시 화산로 10
A44599504,병점역 성호 플레르빌,경기도 화성병점구 안녕동 2 병점역 성호 플레르빌,경기도 화성시 한신대길 67
A46119001,가천대역쌍용스윗닷홈,경기도 성남수정구 태평동 7342 가천대역쌍용스윗닷홈,경기도 성남시 수정구 태평로 9
A46119002,신세계쉐덴,경기도 성남수정구 태평동 7336 신세계쉐덴,경기도 성남시 수정구 수정로 201
A46170401,성남단대푸르지오,경기도 성남수정구 단대동 100 성남단대푸르지오,경기도 성남시 수정구 산성대로437번길 7
A46170402,단대휴먼시아,경기도 성남수정구 단대동 101 단대휴먼시아,경기도 성남시 수정구 산성대로437번길 8
A46170403,성남코오롱하늘채,경기도 성남수정구 단대동 6986 성남코오롱하늘채,경기도 성남시 수정구 단대로15번길 2
A46170702,수진삼부,경기도 성남수정구 수진동 4663 수진삼부,경기도 성남시 수정구 모란로 65
A46170904,성남한신,경기도 성남수정구 신흥동 2463-1 성남한신,경기도 성남시 수정구 산성대로 341
A46171301,우성에비뉴,경기도 성남수정구 양지동 1022 우성에비뉴,경기도 성남시 수정구 논골로36번길 15
A46172303,성남두산,경기도 성남수정구 신흥동 2024 성남두산,경기도 성남시 수정구 공원로 360
A46172402,신흥청구,경기도 성남수정구 신흥동 2464-1 신흥청구,경기도 성남시 수정구 공원로 340
A46172504,단대진로아파트,경기도 성남수정구 단대동 124 단대진로아파트,경기도 성남시 수정구 단대로23번길 32
A46172801,수진삼정그린뷰,경기도 성남수정구 수진동 4678 수진삼정그린뷰,경기도 성남시 수정구 수정로 2
A46180001,단대진흥더블파크,경기도 성남수정구 단대동 78 단대진흥더블파크,경기도 성남시 수정구 단대로23번길 10
A46180003,단대선경논골1차,경기도 성남수정구 단대동 6 단대선경논골1차,경기도 성남시 수정구 논골로 87
A46180102,미도,경기도 성남수정구 단대동 182 미도,경기도 성남시 수정구 희망로 472
A46181001,신동아파라디움,경기도 성남수정구 신흥동 2465-7 신동아파라디움,경기도 성남시 수정구 공원로 322
A46182001,태평신동아파밀리에,경기도 성남수정구 태평동 7341 태평신동아파밀리에,경기도 성남시 수정구 시민로 209
A46182002,태평선경아파트,"경기도 성남수정구 태평동 7307,경기도 성남수정구 태평동 7308,경기도 성남수정구 태평동 7306 태평선경아파트","경기도 성남시 수정구 남문로140번길 19,경기도 성남시 수정구 남문로136번길 15,경기도 성남시 수정구 시민로 214"
A46182801,가천대역동부센트레빌1단지,경기도 성남수정구 태평동 7343 가천대역동부센트레빌1단지,경기도 성남시 수정구 태평로 28
A46503001,동일하이빌,경기도 하남시 신장동 100 동일하이빌,경기도 하남시 대청로59번길 20
A46503002,에코타운2단지아파트,경기도 하남시 신장동 561 에코타운2단지아파트,경기도 하남시 하남대로802번길 55
A46503003,에코타운3단지,경기도 하남시 신장동 560 에코타운3단지,경기도 하남시 하남대로802번길 111
A46503201,하남현대홈타운,경기도 하남시 신장동 568 하남현대홈타운,경기도 하남시 신장로76번길 50
A46512001,창우마을,경기도 하남시 창우동 537 창우마을,경기도 하남시 대청로116번길 25
A46512002,하남은행,경기도 하남시 창우동 520 하남은행,경기도 하남시 대청로116번길 30
A46570703,백송한신,경기도 하남시 신장동 528-5 백송한신,경기도 하남시 대청로 50
A46570804,해오름한국,경기도 하남시 신장동 527 해오름한국,경기도 하남시 대청로59번길 15
A46570905,백조현대,경기도 하남시 신장동 528 백조현대,경기도 하남시 대청로 62
A46571004,부영,경기도 하남시 창우동 518 부영,경기도 하남시 대청로 119
A46571103,꿈동산 신안아파트,경기도 하남시 창우동 521 꿈동산 신안아파트,경기도 하남시 대청로116번길 59
A46571502,에코타운1단지,경기도 하남시 신장동 562 에코타운1단지,경기도 하남시 하남대로784번길 29
A46572201,하남대명강변타운,경기도 하남시 신장동 569 하남대명강변타운,경기도 하남시 대청로 79
A46572202,하남두산위브파크,경기도 하남시 신장동 570 하남두산위브파크,경기도 하남시 하남대로 747
A46581101,하남성원상떼빌,경기도 하남시 신장동 430-7 하남성원상떼빌,경기도 하남시 신장로 104
A47212002,호평임광그대가,경기도 남양주시 호평동 723 호평임광그대가,경기도 남양주시 천마산로14번길 10
A47212008,라인그린,경기도 남양주시 호평동 371 라인그린,경기도 남양주시 천마산로 65-2
A47212009,중흥s클래스로하스,경기도 남양주시 호평동 680 중흥s클래스로하스,경기도 남양주시 호평로 149
A47212017,호평주공23단지,경기도 남양주시 호평동 681 호평주공23단지,"경기도 남양주시 늘을1로 285,경기도 남양주시 호평로 150"
A47214014,평내신명스카이뷰,경기도 남양주시 평내동 601 평내신명스카이뷰,경기도 남양주시 의안로 155
A47270505,금곡금강,경기도 남양주시 금곡동 654 금곡금강,경기도 남양주시 홍유릉로248번길 21
A47270608,금곡신성푸른솔,경기도 남양주시 금곡동 628 금곡신성푸른솔,경기도 남양주시 홍유릉로248번길 52
A47270706,금곡GS,경기도 남양주시 금곡동 603 금곡GS,경기도 남양주시 홍유릉로248번길 51
A47271413,남양주장현주공아파트,"경기도 남양주시 진접읍 장현리 678-1,경기도 남양주시 진접읍 장현리 677-1 남양주장현주공아파트","경기도 남양주시 봉현로 6,경기도 남양주시 봉현로 5"
A47271601,한신그린4차,경기도 남양주시 진건읍 용정리 790 한신그린4차,경기도 남양주시 진건오남로86번길 38
A47271602,한신그린조합아파트,경기도 남양주시 진건읍 용정리 751-2 한신그린조합아파트,경기도 남양주시 진건오남로 100
A47271604,한신그린2차,경기도 남양주시 진건읍 용정리 750-5 한신그린2차,경기도 남양주시 진건오남로86번길 11
A47271605,한신그린3차,경기도 남양주시 진건읍 용정리 751-5 한신그린3차,경기도 남양주시 진건오남로86번길 37
A47271612,한신그린1,경기도 남양주시 진건읍 용정리 750-1 한신그린1,경기도 남양주시 진건오남로 100
A47271710,진건세아아파트,경기도 남양주시 진건읍 용정리 757-1 진건세아아파트,경기도 남양주시 진건오남로105번길 16
A47271811,진건주공2단지아파트,경기도 남양주시 진건읍 용정리 855 진건주공2단지아파트,경기도 남양주시 사릉로372번길 25
A47271909,진건금강,경기도 남양주시 진건읍 용정리 369-1 진건금강,경기도 남양주시 진건오남로86번길 58
A47272102,별내수락산거성,경기도 남양주시 별내면 청학리 488 별내수락산거성,경기도 남양주시 청학로132번길 5
A47272303,별내청학주공1단지,경기도 남양주시 별내면 청학리 420 별내청학주공1단지,경기도 남양주시 청학로114번길 17
A47272421,덕소코오롱,경기도 남양주시 와부읍 덕소리 145-4 덕소코오롱,경기도 남양주시 덕소로97번길 69
A47272422,덕소성일우리미,경기도 남양주시 와부읍 덕소리 615 덕소성일우리미,경기도 남양주시 덕소로 125
A47272515,덕소강변삼익아파트,경기도 남양주시 와부읍 덕소리 600-3 덕소강변삼익아파트,경기도 남양주시 덕소로2번길 37
A47272602,덕소신한토탈,경기도 남양주시 와부읍 덕소리 528-9 덕소신한토탈,경기도 남양주시 덕소로2번길 135
A47272716,덕소주공1단지,경기도 남양주시 와부읍 덕소리 110-1 덕소주공1단지,경기도 남양주시 덕소로97번길 34
A47272813,덕소주공2차,경기도 남양주시 와부읍 덕소리 111-1 덕소주공2차,경기도 남양주시 덕소로97번길 12
A47272914,덕소주공3차,경기도 남양주시 와부읍 덕소리 606-1 덕소주공3차,경기도 남양주시 덕소로 33
A47273009,진도아파트,경기도 남양주시 와부읍 덕소리 537 진도아파트,경기도 남양주시 덕소로 118-7
A47273106,덕소강변현대홈타운,경기도 남양주시 와부읍 덕소리 600-15 덕소강변현대홈타운,경기도 남양주시 덕소로116번길 43
A47273117,덕소현대,경기도 남양주시 와부읍 덕소리 554-1 덕소현대,경기도 남양주시 덕소로 150
A47273310,덕소벽산,경기도 남양주시 와부읍 도곡리 976-1 덕소벽산,경기도 남양주시 덕소로 177
A47273408,덕소쌍용,경기도 남양주시 와부읍 도곡리 993 덕소쌍용,경기도 남양주시 덕소로 206
A47273522,덕소한강우성,경기도 남양주시 와부읍 도곡리 1012 덕소한강우성,경기도 남양주시 덕소로 270
A47273605,강변해태아파트,경기도 남양주시 와부읍 도곡리 1010-1 강변해태아파트,경기도 남양주시 덕소로 230-34
A47273713,평내대명,경기도 남양주시 평내동 107-1 평내대명,경기도 남양주시 경춘로1308번길 8-12
A47273901,세종리젠시빌,경기도 남양주시 평내동 59 세종리젠시빌,경기도 남양주시 의안로240번길 16
A47274109,퇴계원쌍용예가,경기도 남양주시 퇴계원읍 퇴계원리 365 퇴계원쌍용예가,경기도 남양주시 경춘북로613번길 15
A47274110,퇴계원쌍용,경기도 남양주시 퇴계원읍 퇴계원리 111-10 퇴계원쌍용,경기도 남양주시 도제원로 68
A47274111,퇴계원4단지,경기도 남양주시 퇴계원읍 퇴계원리 366 퇴계원4단지,경기도 남양주시 도제원로 116
A47274112,퇴계원금호어울림,경기도 남양주시 퇴계원읍 퇴계원리 369 퇴계원금호어울림,경기도 남양주시 퇴계원로 141
A47274113,퇴계원힐스테이트,경기도 남양주시 퇴계원읍 퇴계원리 370 퇴계원힐스테이트,경기도 남양주시 경춘북로558번길 12
A47274201,별내쌍용예가,경기도 남양주시 별내동 1056 별내쌍용예가,경기도 남양주시 별내3로 63
A47274202,별내아이파크,경기도 남양주시 별내동 854 별내아이파크,경기도 남양주시 별내3로 285
A47274203,별내신일유토빌,경기도 남양주시 별내동 1050 별내신일유토빌,경기도 남양주시 별내4로 63
A47274204,별내대원칸타빌,경기도 남양주시 별내동 900 별내대원칸타빌,경기도 남양주시 순화궁로 384
A47274205,별내KCC스위첸,경기도 남양주시 별내동 1072 별내KCC스위첸,경기도 남양주시 별내5로 81
A47274206,별내포스코더샵,경기도 남양주시 별내동 922 별내포스코더샵,경기도 남양주시 별내3로 115
A47274207,별내하우스토리,경기도 남양주시 별내동 872 별내하우스토리,경기도 남양주시 송산로307번길 16
A47274208,포레나 별내,경기도 남양주시 별내동 1041 포레나 별내,경기도 남양주시 별내4로 8
A47274209,별내신안인스빌,경기도 남양주시 별내동 1047 별내신안인스빌,경기도 남양주시 순화궁로 18
A47274210,별내역우미린더퍼스트,경기도 남양주시 별내동 1035 별내역우미린더퍼스트,경기도 남양주시 별내3로 24
A47274211,동익미라벨39단지,경기도 남양주시 별내동 1060 동익미라벨39단지,경기도 남양주시 별내중앙로 84
A47274212,별내리슈빌,경기도 남양주시 별내동 914 별내리슈빌,경기도 남양주시 별내5로 119
A47274213,동익미라벨38단지,경기도 남양주시 별내동 1058 동익미라벨38단지,경기도 남양주시 별내중앙로 83
A47274214,별내별가람역 한라비발디,경기도 남양주시 별내동 808 별내별가람역 한라비발디,경기도 남양주시 덕송3로 7
A47274215,별내별가람마을LH1-3,경기도 남양주시 별내동 807 별내별가람마을LH1-3,경기도 남양주시 덕송3로 12
A47274216,별내별빛마을LH3단지,경기도 남양주시 별내동 1049 별내별빛마을LH3단지,경기도 남양주시 별내5로 22
A47274217,미리내마을LH4-4,경기도 남양주시 별내동 1037 미리내마을LH4-4,경기도 남양주시 별내3로 23
A47274218,별내모아미래도,경기도 남양주시 별내동 899 별내모아미래도,경기도 남양주시 불암로 336
A47274219,별내유승한내들이든힐즈,경기도 남양주시 별내동 869 별내유승한내들이든힐즈,경기도 남양주시 불암로 337
A47274220,LH별사랑마을2-2단지,경기도 남양주시 별내동 905 LH별사랑마을2-2단지,경기도 남양주시 순화궁로 382
A47274221,별내 별빛마을3-5단지,경기도 남양주시 별내동 62 별내 별빛마을3-5단지,경기도 남양주시 별내4로 62
A47274301,강남2차,경기도 남양주시 퇴계원읍 퇴계원리 250-3 강남2차,경기도 남양주시 퇴계원로50번길 17
A47274507,퇴계원성원,경기도 남양주시 퇴계원읍 퇴계원리 232 퇴계원성원,경기도 남양주시 도제원로 22
A47274705,신도브래뉴,경기도 남양주시 퇴계원읍 퇴계원리 70-3 신도브래뉴,경기도 남양주시 도제원로 84
A47274919,오남양지극동,경기도 남양주시 오남읍 양지리 193-1 오남양지극동,경기도 남양주시 진건오남로884번길 22-59
A47274920,양지e편한세상2단지아파트,경기도 남양주시 오남읍 양지리 807-2 양지e편한세상2단지아파트,경기도 남양주시 양지로240번길 38
A47274921,오남푸르지오,경기도 남양주시 오남읍 오남리 889 오남푸르지오,경기도 남양주시 진건오남로759번길 70
A47274922,오남양지e편한세상1단지,경기도 남양주시 오남읍 양지리 807 오남양지e편한세상1단지,경기도 남양주시 양지로240번길 37
A47274923,오남아이파크,경기도 남양주시 오남읍 오남리 891 오남아이파크,경기도 남양주시 진건오남로759번길 110
A47275007,오남양지삼신15차,경기도 남양주시 오남읍 양지리 105 오남양지삼신15차,경기도 남양주시 진건오남로 793
A47275515,오남동부,경기도 남양주시 오남읍 오남리 222 오남동부,경기도 남양주시 진건오남로 661
A47275606,오남두산2차,경기도 남양주시 오남읍 오남리 765-3 오남두산2차,경기도 남양주시 진건오남로 781-40
A47275609,오남두산위브,경기도 남양주시 오남읍 오남리 888 오남두산위브,경기도 남양주시 양지로 261-11
A47275617,오남두산1차,경기도 남양주시 오남읍 오남리 785 오남두산1차,경기도 남양주시 진건오남로 781-9
A47275704,오남성도,경기도 남양주시 오남읍 오남리 166 오남성도,경기도 남양주시 진건오남로 717-1
A47275818,오남1차한국,경기도 남양주시 오남읍 오남리 744 오남1차한국,경기도 남양주시 진건오남로 735-10
A47275905,오남한신1차,경기도 남양주시 오남읍 오남리 362 오남한신1차,경기도 남양주시 진건오남로550번길 8
A47275911,오남한신2차,경기도 남양주시 오남읍 오남리 519 오남한신2차,경기도 남양주시 진건오남로 529-2
A47276005,남양주대명아파트,경기도 남양주시 진접읍 장현리 637 남양주대명아파트,경기도 남양주시 장현로 70
A47276112,진접삼신,경기도 남양주시 진접읍 장현리 633-1 진접삼신,경기도 남양주시 봉현로36번길 11-1
A47276204,장현신동아,경기도 남양주시 진접읍 장현리 225-6 장현신동아,경기도 남양주시 장현로 175
A47276309,장현신우,경기도 남양주시 진접읍 장현리 79-1 장현신우,경기도 남양주시 금강로 1553-26
A47276401,원일에이플러스,경기도 남양주시 진접읍 장현리 71-1 원일에이플러스,경기도 남양주시 금강로 1533-28
A47276510,정광산호,경기도 남양주시 진접읍 장현리 51-1 정광산호,경기도 남양주시 금강로 1530-13
A47276602,진접한일,경기도 남양주시 진접읍 부평리 735-3 진접한일,경기도 남양주시 금강로1576번길 19
A47276707,진건동성,경기도 남양주시 진건읍 신월리 99-1 진건동성,경기도 남양주시 사릉로452번길 3
A47276901,풍림아이원1차,경기도 남양주시 화도읍 차산리 875 풍림아이원1차,경기도 남양주시 수레로1120번길 8
A47276902,신창현풍림아이원2차,경기도 남양주시 화도읍 차산리 874 신창현풍림아이원2차,경기도 남양주시 수레로 1105-27
A47276903,경성큰마을2단지,경기도 남양주시 화도읍 묵현리 603-3 경성큰마을2단지,경기도 남양주시 경춘로 1606
A47276904,이안남양주,경기도 남양주시 화도읍 창현리 777 이안남양주,경기도 남양주시 수레로 1178
A47276905,마석역신도브래뉴1차,경기도 남양주시 화도읍 마석우리 598 마석역신도브래뉴1차,경기도 남양주시 마석로 110
A47276906,남양주마석,경기도 남양주시 화도읍 마석우리 531 남양주마석,경기도 남양주시 맷돌로91번길 7
A47276907,마석역신도브래뉴2차,경기도 남양주시 화도읍 묵현리 625 마석역신도브래뉴2차,경기도 남양주시 비룡로141번길 21
A47276908,마석역신도브래뉴3차,경기도 남양주시 화도읍 묵현리 626 마석역신도브래뉴3차,경기도 남양주시 비룡로116번길 35
A47276909,신마석서희스타힐스,경기도 남양주시 화도읍 마석우리 599 신마석서희스타힐스,경기도 남양주시 소래비로 130
A47277209,삼신,경기도 남양주시 화도읍 녹촌리 235-2 삼신,경기도 남양주시 경춘로1842번길 36-1
A47277726,창현신명,경기도 남양주시 화도읍 창현리 749 창현신명,경기도 남양주시 창현로 60
A47277918,창현주공,경기도 남양주시 화도읍 창현리 769 창현주공,경기도 남양주시 녹촌로 9
A47278208,마석그랜드힐2차,경기도 남양주시 화도읍 마석우리 71-4 마석그랜드힐2차,경기도 남양주시 경춘로 2102-25
A47278219,마석그랜드힐,경기도 남양주시 화도읍 마석우리 71 마석그랜드힐,경기도 남양주시 경춘로 2102-16
A47278303,진건화성,경기도 남양주시 진건읍 진관리 130-2 진건화성,경기도 남양주시 사릉로469번길 1
A47278416,호평중흥S클래스,경기도 남양주시 호평동 616 호평중흥S클래스,경기도 남양주시 늘을3로 65-26
A47278513,호평대주파크빌,경기도 남양주시 호평동 613 호평대주파크빌,경기도 남양주시 늘을2로 90-39
A47278620,영진그린필,경기도 남양주시 화도읍 묵현리 286-3 영진그린필,경기도 남양주시 경춘로 1790-1
A47278711,호평해링턴플레이스,경기도 남양주시 호평동 671 호평해링턴플레이스,경기도 남양주시 호평로 118
A47278814,호평금강,경기도 남양주시 호평동 668 호평금강,경기도 남양주시 호평로 90
A47278815,남양주호평6단지,경기도 남양주시 호평동 712 남양주호평6단지,경기도 남양주시 늘을3로 8
A47278816,호평파라곤,경기도 남양주시 호평동 724 호평파라곤,경기도 남양주시 천마산로 65
A47278817,LH호평1단지,경기도 남양주시 호평동 726 LH호평1단지,경기도 남양주시 늘을1로 107
A47278818,호평두산위브파크,경기도 남양주시 호평동 622 호평두산위브파크,경기도 남양주시 호평로 33
A47278910,호평동원로얄듀크,경기도 남양주시 호평동 676 호평동원로얄듀크,경기도 남양주시 호평로 93
A47279006,호평한화꿈에그린,경기도 남양주시 호평동 618 호평한화꿈에그린,경기도 남양주시 늘을3로 71
A47279101,호평쌍용스윗닷홈,경기도 남양주시 호평동 215-1 호평쌍용스윗닷홈,경기도 남양주시 호평로45번길 21
A47279604,호평우미린,경기도 남양주시 호평동 619 호평우미린,경기도 남양주시 호평로 9
A47279712,한라비발디,경기도 남양주시 호평동 678 한라비발디,경기도 남양주시 늘을1로 270
A47279803,호평우림필유,경기도 남양주시 호평동 711 호평우림필유,경기도 남양주시 늘을1로 75
A47279904,평내마을중흥S클래스2단지,경기도 남양주시 평내동 606 평내마을중흥S클래스2단지,경기도 남양주시 의안로 148
A47279905,평내중흥S-클래스 3단지,경기도 남양주시 평내동 608 평내중흥S-클래스 3단지,경기도 남양주시 의안로 176
A47279917,평내중흥S클래스1단지,경기도 남양주시 평내동 599 평내중흥S클래스1단지,경기도 남양주시 평내로 146
A47280002,금곡명지해드는터,경기도 남양주시 금곡동 612 금곡명지해드는터,경기도 남양주시 홍유릉로 255
A47280404,금곡미라보,경기도 남양주시 금곡동 402-1 금곡미라보,경기도 남양주시 사릉로34번길 3
A47280903,금곡신도브래뉴,경기도 남양주시 금곡동 776 금곡신도브래뉴,경기도 남양주시 사릉로58번길 4-32
A47281104,별내동부일신,경기도 남양주시 별내면 청학리 476 별내동부일신,경기도 남양주시 청학로 128
A47281523,오남금호어울림,경기도 남양주시 오남읍 오남리 464 오남금호어울림,경기도 남양주시 진건오남로 472
A47282108,퇴계원강남아파트,경기도 남양주시 퇴계원읍 퇴계원리 221 퇴계원강남아파트,경기도 남양주시 도제원로 19
A47282203,퇴계원일신건영,경기도 남양주시 퇴계원읍 퇴계원리 64 퇴계원일신건영,경기도 남양주시 도제원로 96
A47282206,퇴계원3단지,경기도 남양주시 퇴계원읍 퇴계원리 367 퇴계원3단지,경기도 남양주시 퇴계원로 120-11
A47282404,극동,경기도 남양주시 퇴계원읍 퇴계원리 303 극동,경기도 남양주시 퇴계원로 19
A47282502,엘리시아,경기도 남양주시 퇴계원읍 퇴계원리 178 엘리시아,경기도 남양주시 경춘북로558번길 10
A47283306,진건주공1차,경기도 남양주시 진건읍 사능리 794-1 진건주공1차,경기도 남양주시 사릉로 387
A47283508,진건현대,경기도 남양주시 진건읍 용정리 816-5 진건현대,경기도 남양주시 진건오남로105번길 24-5
A47284106,신마석신도브래뉴,경기도 남양주시 화도읍 가곡리 598 신마석신도브래뉴,경기도 남양주시 비룡로 321
A47284317,신창현두산위브,경기도 남양주시 화도읍 녹촌리 555 신창현두산위브,경기도 남양주시 녹촌로 51
A47284603,마석장미,경기도 남양주시 화도읍 묵현리 24-11 마석장미,경기도 남양주시 비룡로 166
A47284604,마석건영,경기도 남양주시 화도읍 묵현리 42-1 마석건영,경기도 남양주시 비룡로158번길 19
A47284614,삼익파크힐스,경기도 남양주시 화도읍 묵현리 48 삼익파크힐스,경기도 남양주시 비룡로116번길 40
A47284623,삼신17차푸른솔,경기도 남양주시 화도읍 묵현리 147-3 삼신17차푸른솔,경기도 남양주시 비룡로 185-25
A47284627,경성큰마을1단지,경기도 남양주시 화도읍 묵현리 596 경성큰마을1단지,경기도 남양주시 경춘로 1605
A47284801,창현현대2차,경기도 남양주시 화도읍 창현리 47-4 창현현대2차,경기도 남양주시 수레로 1142-19
A47284805,대주피오레아파트,경기도 남양주시 화도읍 창현리 774 대주피오레아파트,경기도 남양주시 수레로 1157-18
A47284821,신한,경기도 남양주시 화도읍 창현리 764 신한,경기도 남양주시 녹촌로 20
A47284825,창현두산아파트2단지,경기도 남양주시 화도읍 창현리 745 창현두산아파트2단지,경기도 남양주시 수레로 1234-13
A47284907,창현경향,경기도 남양주시 화도읍 창현리 765 창현경향,경기도 남양주시 수레로1233번길 11
A47284910,두산1단지,경기도 남양주시 화도읍 창현리 757 두산1단지,경기도 남양주시 수레로1233번길 8
A47286111,신창비바패밀리,경기도 남양주시 진접읍 진벌리 657 신창비바패밀리,경기도 남양주시 진벌로 85-1
A47286708,광릉숲금강펜테리움,경기도 남양주시 진접읍 장현리 701 광릉숲금강펜테리움,경기도 남양주시 금강로1573번길 3
A47287312,상록데시앙,경기도 남양주시 평내동 592 상록데시앙,경기도 남양주시 경춘로1286번길 35
A47287409,대주1차파크빌,경기도 남양주시 평내동 581 대주1차파크빌,경기도 남양주시 평내로 113
A47287410,평내대주파크빌2차,경기도 남양주시 평내동 602 평내대주파크빌2차,경기도 남양주시 평내로 104
A47287508,유진마젤란21,경기도 남양주시 평내동 551 유진마젤란21,경기도 남양주시 평내로 89
A47287602,평내화성파크힐즈,경기도 남양주시 평내동 564 평내화성파크힐즈,경기도 남양주시 평내로 76
A47287716,평내금호어울림,경기도 남양주시 평내동 550 평내금호어울림,경기도 남양주시 경춘로1256번길 24
A47287811,쌍용스윗닷홈리버,경기도 남양주시 와부읍 도곡리 1093 쌍용스윗닷홈리버,경기도 남양주시 덕소로 286
A47288113,오남양지청구,경기도 남양주시 오남읍 양지리 111-2 오남양지청구,경기도 남양주시 진건오남로797번길 22
A47288124,"오남쌍용스윗닷홈 아파트(1단지, 2단지)","경기도 남양주시 오남읍 양지리 623,경기도 남양주시 오남읍 양지리 620 오남쌍용스윗닷홈 아파트(1단지, 2단지)","경기도 남양주시 양지로281번길 16,경기도 남양주시 양지로281번길 16-1"
A47288201,오남성호,경기도 남양주시 오남읍 양지리 193-4 오남성호,경기도 남양주시 진건오남로884번길 22-48
A47288208,오남양지,경기도 남양주시 오남읍 양지리 234 오남양지,경기도 남양주시 진건오남로884번길 56-58
A47288210,오남현대,경기도 남양주시 오남읍 양지리 109 오남현대,경기도 남양주시 진건오남로797번길 23
A47288314,오남대한아파트,경기도 남양주시 오남읍 오남리 267-3 오남대한아파트,경기도 남양주시 진건오남로580번길 5-12
A47288316,오남파라다이스빌,경기도 남양주시 오남읍 오남리 250 오남파라다이스빌,경기도 남양주시 진건오남로 596-18
A47288321,신우아이딜2차,경기도 남양주시 오남읍 오남리 439 신우아이딜2차,경기도 남양주시 진건오남로512번길 26
A47288420,오남유호N플러스빌,경기도 남양주시 오남읍 오남리 315-1 오남유호N플러스빌,경기도 남양주시 진건오남로 564
A47288922,마석신명스카이뷰그린,경기도 남양주시 화도읍 마석우리 396 마석신명스카이뷰그린,경기도 남양주시 비룡로 56-8
A47288924,보미청광플러스원,경기도 남양주시 화도읍 마석우리 552 보미청광플러스원,경기도 남양주시 맷돌로 74
A47289012,남양주녹촌두산위브아파트,경기도 남양주시 화도읍 녹촌리 554 남양주녹촌두산위브아파트,경기도 남양주시 녹촌로 87-29
A47289015,마석LIG아파트,경기도 남양주시 화도읍 묵현리 47-3 마석LIG아파트,경기도 남양주시 비룡로158번길 11
A47289102,창현청구,경기도 남양주시 화도읍 창현리 683 창현청구,경기도 남양주시 수레로 1157-1
A47289113,영남탑스빌,경기도 남양주시 화도읍 창현리 329-1 영남탑스빌,경기도 남양주시 수레로1120번길 33-1
A47289203,오남일신건영휴먼빌,경기도 남양주시 오남읍 오남리 605 오남일신건영휴먼빌,경기도 남양주시 진건오남로 595-22
A47289302,오남신동아파밀리에,경기도 남양주시 오남읍 오남리 887 오남신동아파밀리에,경기도 남양주시 진건오남로555번길 19
A47289426,오남진주,"경기도 남양주시 오남읍 오남리 632,경기도 남양주시 오남읍 오남리 683-40,경기도 남양주시 오남읍 오남리 683-25,경기도 남양주시 오남읍 오남리 683-37,경기도 남양주시 오남읍 오남리 683-36,경기도 남양주시 오남읍 오남리 683-11,경기도 남양주시 오남읍 오남리 632-1,경기도 남양주시 오남읍 오남리 683-12,경기도 남양주시 오남읍 오남리 683-30 오남진주",경기도 남양주시 진건오남로 631
A47289512,오남롯데아파트,경기도 남양주시 오남읍 오남리 721 오남롯데아파트,경기도 남양주시 진건오남로 735-17
A47289703,진접한신,경기도 남양주시 진접읍 내각리 226 진접한신,경기도 남양주시 내각1로99번길 34-1
A47289707,원일대궐터,경기도 남양주시 진접읍 내각리 192 원일대궐터,경기도 남양주시 내각1로73번안길 28
A47289806,풍양마을길훈,경기도 남양주시 진접읍 장현리 621 풍양마을길훈,경기도 남양주시 봉현로 51-4
A47289903,평내우남퍼스트빌,경기도 남양주시 평내동 561 평내우남퍼스트빌,경기도 남양주시 평내로 38
A47290101,벽산메가트리움,경기도 남양주시 와부읍 덕소리 462-9 벽산메가트리움,경기도 남양주시 덕소로 72
A47290103,덕소세양청마루,경기도 남양주시 와부읍 덕소리 600-14 덕소세양청마루,경기도 남양주시 덕소로116번길 20
A47290104,덕소 경남아너스빌,경기도 남양주시 와부읍 덕소리 614 덕소 경남아너스빌,경기도 남양주시 덕소로71번길 20-7
A47290107,덕소강변한솔,경기도 남양주시 와부읍 덕소리 528-14 덕소강변한솔,경기도 남양주시 덕소로 118-27
A47290118,덕소동부센트레빌,경기도 남양주시 와부읍 덕소리 613 덕소동부센트레빌,경기도 남양주시 덕소로97번길 99
A47290119,덕소아이파크,경기도 남양주시 와부읍 덕소리 612 덕소아이파크,경기도 남양주시 월문천로 95
A47290812,건영리버파크,경기도 남양주시 와부읍 도곡리 1117 건영리버파크,경기도 남양주시 덕소로 286-1
A47293511,평내효성,경기도 남양주시 평내동 87 평내효성,경기도 남양주시 경춘로1350번길 34
A47294225,오남신일해피트리,경기도 남양주시 오남읍 오남리 425 오남신일해피트리,"경기도 남양주시 진건오남로 516-53,경기도 남양주시 진건오남로 516-74"
A47294322,오남신우아이딜1차,경기도 남양주시 오남읍 오남리 429 오남신우아이딜1차,경기도 남양주시 진건오남로512번길 25-1
A47294801,진접롯데캐슬아파트,경기도 남양주시 진접읍 장현리 702 진접롯데캐슬아파트,경기도 남양주시 장현천로 8
A47294804,신영지웰아파트,경기도 남양주시 진접읍 금곡리 1075 신영지웰아파트,경기도 남양주시 해밀예당3로 104
A47294805,진접동부센트레빌시티1단지,경기도 남양주시 진접읍 부평리 764 진접동부센트레빌시티1단지,경기도 남양주시 부평로 32
A47294806,진접신도브래뉴,경기도 남양주시 진접읍 금곡리 1115 진접신도브래뉴,경기도 남양주시 해밀예당1로236번길 3
A47294807,진접반도유보라메이플타운,경기도 남양주시 진접읍 금곡리 971 진접반도유보라메이플타운,경기도 남양주시 해밀예당1로 145
A47294809,진접하우스토리,경기도 남양주시 진접읍 장현리 710 진접하우스토리,경기도 남양주시 금강로 1530-14
A47294810,진접 금강펜테리움 아파트,경기도 남양주시 진접읍 금곡리 1108 진접 금강펜테리움 아파트,경기도 남양주시 해밀예당3로 68
A47294811,원일플로라,경기도 남양주시 진접읍 금곡리 984 원일플로라,경기도 남양주시 해밀예당1로189번길 3
A47294812,남양휴튼아파트,경기도 남양주시 진접읍 금곡리 961 남양휴튼아파트,경기도 남양주시 해밀예당1로 49
A47294813,해밀마을신안인스빌,경기도 남양주시 진접읍 금곡리 1080 해밀마을신안인스빌,경기도 남양주시 해밀예당1로 66
A47294814,진접센트레빌시티2단지,경기도 남양주시 진접읍 부평리 756 진접센트레빌시티2단지,경기도 남양주시 부평로 41
A47294815,진접센트레빌시티3단지,경기도 남양주시 진접읍 부평리 758 진접센트레빌시티3단지,경기도 남양주시 부평로48번길 13
A47294816,진접역 신안인스빌아파트,경기도 남양주시 진접읍 금곡리 1117 진접역 신안인스빌아파트,경기도 남양주시 해밀예당1로 270
A47294817,진접휴먼시아17단지,경기도 남양주시 진접읍 금곡리 1098 진접휴먼시아17단지,경기도 남양주시 해밀예당3로 37
A47294818,진접휴먼시아16단지,경기도 남양주시 진접읍 금곡리 1093 진접휴먼시아16단지,경기도 남양주시 해밀예당3로 67
A47294819,장현 휴먼시아3단지,경기도 남양주시 진접읍 장현리 703 장현 휴먼시아3단지,경기도 남양주시 금강로 1554-20
A47294820,진접휴먼시아24단지,경기도 남양주시 진접읍 금곡리 995 진접휴먼시아24단지,경기도 남양주시 해밀예당1로 295
A47294821,진접부영사랑으로아파트,경기도 남양주시 진접읍 금곡리 1107 진접부영사랑으로아파트,경기도 남양주시 해밀예당3로 38
A47294822,해밀마을자연앤어울림,경기도 남양주시 진접읍 금곡리 965 해밀마을자연앤어울림,경기도 남양주시 해밀예당1로 51
A47294823,진접궁의문,경기도 남양주시 진접읍 연평리 846 진접궁의문,경기도 남양주시 양진로1020번길 32
A47295318,평내마을주공,경기도 남양주시 평내동 562 평내마을주공,경기도 남양주시 평내로 46
A47295415,호평현대아이파크,경기도 남양주시 호평동 612 호평현대아이파크,경기도 남양주시 늘을3로 11
A47295707,남양주호평20단지,경기도 남양주시 호평동 624 남양주호평20단지,경기도 남양주시 늘을1로 31
A47295805,호평신명스카이뷰,경기도 남양주시 호평동 615 호평신명스카이뷰,경기도 남양주시 늘을2로 90-36
A47296011,마석대림,경기도 남양주시 화도읍 마석우리 448-1 마석대림,경기도 남양주시 비룡로 110-17
A47296220,덕소두산위브,경기도 남양주시 와부읍 도곡리 986-1 덕소두산위브,경기도 남양주시 덕소로 180
A47296408,별내청학주공2단지,경기도 남양주시 별내면 청학리 419 별내청학주공2단지,경기도 남양주시 청학로114번길 18
A47296507,별내청학주공3단지,경기도 남양주시 별내면 청학리 409 별내청학주공3단지,경기도 남양주시 청학로68번길 23
A47296606,별내청학주공4단지,경기도 남양주시 별내면 청학리 411 별내청학주공4단지,경기도 남양주시 청학로68번길 24
A47296705,별내청학주공5단지,경기도 남양주시 별내면 청학리 412 별내청학주공5단지,경기도 남양주시 청학로68번길 6
A47296801,별내청학주공6단지,경기도 남양주시 별내면 청학리 350-1 별내청학주공6단지,경기도 남양주시 청학로114번길 43
A47296909,별내청학주공7단지,경기도 남양주시 별내면 청학리 353-1 별내청학주공7단지,경기도 남양주시 청학로114번길 34
A47297016,마석 중흥s클래스빌,경기도 남양주시 화도읍 마석우리 349 마석 중흥s클래스빌,경기도 남양주시 맷돌로 115
